,Date,NIFTY 50
0,2008-01-01,6136.75
1,2008-01-02,6144.7
2,2008-01-03,6184.25
3,2008-01-04,6179.1
4,2008-01-07,6271.0
5,2008-01-08,6282.45
6,2008-01-09,6287.55
7,2008-01-10,6278.1
8,2008-01-11,6166.65
9,2008-01-14,6208.8
10,2008-01-15,6226.35
11,2008-01-16,6065.0
12,2008-01-17,5937.95
13,2008-01-18,5907.75
14,2008-01-21,5705.0
15,2008-01-22,5203.35
16,2008-01-23,4903.05
17,2008-01-24,5208.0
18,2008-01-25,5035.05
19,2008-01-28,5380.95
20,2008-01-29,5279.55
21,2008-01-30,5283.75
22,2008-01-31,5172.25
23,2008-02-01,5140.6
24,2008-02-04,5315.55
25,2008-02-05,5463.75
26,2008-02-06,5470.4
27,2008-02-07,5322.55
28,2008-02-08,5132.1
29,2008-02-11,5120.55
30,2008-02-12,4877.85
31,2008-02-13,4836.55
32,2008-02-14,4944.65
33,2008-02-15,5202.85
34,2008-02-18,5304.45
35,2008-02-19,5278.4
36,2008-02-20,5267.15
37,2008-02-21,5156.9
38,2008-02-22,5183.4
39,2008-02-25,5112.25
40,2008-02-26,5200.8
41,2008-02-27,5271.4
42,2008-02-28,5266.35
43,2008-02-29,5285.0
44,2008-03-03,5222.8
45,2008-03-04,4958.55
46,2008-03-05,4866.85
47,2008-03-07,4918.3
48,2008-03-10,4767.8
49,2008-03-11,4796.3
50,2008-03-12,4869.75
51,2008-03-13,4868.7
52,2008-03-14,4623.8
53,2008-03-17,4745.45
54,2008-03-18,4519.9
55,2008-03-19,4534.75
56,2008-03-24,4576.8
57,2008-03-25,4616.8
58,2008-03-26,4878.7
59,2008-03-27,4828.8
60,2008-03-28,4830.0
61,2008-03-31,4942.15
62,2008-04-01,4735.65
63,2008-04-02,4741.4
64,2008-04-03,4753.9
65,2008-04-04,4766.7
66,2008-04-07,4631.35
67,2008-04-08,4760.65
68,2008-04-09,4707.05
69,2008-04-10,4747.55
70,2008-04-11,4734.35
71,2008-04-15,4779.95
72,2008-04-16,4881.65
73,2008-04-17,4890.6
74,2008-04-21,4955.9
75,2008-04-22,5037.05
76,2008-04-23,5044.35
77,2008-04-24,5022.9
78,2008-04-25,4999.15
79,2008-04-28,5112.5
80,2008-04-29,5092.4
81,2008-04-30,5198.35
82,2008-05-02,5265.3
83,2008-05-05,5227.25
84,2008-05-06,5192.35
85,2008-05-07,5156.7
86,2008-05-08,5135.8
87,2008-05-09,5070.85
88,2008-05-12,4981.0
89,2008-05-13,5008.6
90,2008-05-14,4958.45
91,2008-05-15,5010.9
92,2008-05-16,5115.65
93,2008-05-20,5157.0
94,2008-05-21,5105.7
95,2008-05-22,5117.0
96,2008-05-23,5026.55
97,2008-05-26,4953.6
98,2008-05-27,4877.15
99,2008-05-28,4862.7
100,2008-05-29,4926.3
101,2008-05-30,4844.05
102,2008-06-02,4869.25
103,2008-06-03,4739.3
104,2008-06-04,4718.7
105,2008-06-05,4586.95
106,2008-06-06,4680.55
107,2008-06-09,4626.45
108,2008-06-10,4522.0
109,2008-06-11,4469.65
110,2008-06-12,4524.4
111,2008-06-13,4539.5
112,2008-06-16,4536.3
113,2008-06-17,4572.5
114,2008-06-18,4652.8
115,2008-06-19,4582.55
116,2008-06-20,4504.2
117,2008-06-23,4351.15
118,2008-06-24,4271.05
119,2008-06-25,4189.6
120,2008-06-26,4252.6
121,2008-06-27,4315.3
122,2008-06-30,4136.25
123,2008-07-01,4039.75
124,2008-07-02,3895.3
125,2008-07-03,4094.6
126,2008-07-04,3926.65
127,2008-07-07,4002.0
128,2008-07-08,4028.7
129,2008-07-09,3990.9
130,2008-07-10,4155.65
131,2008-07-11,4166.0
132,2008-07-14,4047.45
133,2008-07-15,4039.3
134,2008-07-16,3861.55
135,2008-07-17,3823.15
136,2008-07-18,3962.95
137,2008-07-21,4092.2
138,2008-07-22,4158.45
139,2008-07-23,4246.7
140,2008-07-24,4476.2
141,2008-07-25,4440.85
142,2008-07-28,4282.25
143,2008-07-29,4332.2
144,2008-07-30,4191.2
145,2008-07-31,4314.35
146,2008-08-01,4331.6
147,2008-08-04,4426.1
148,2008-08-05,4395.8
149,2008-08-06,4506.25
150,2008-08-07,4515.25
151,2008-08-08,4518.35
152,2008-08-11,4529.35
153,2008-08-12,4620.95
154,2008-08-13,4548.05
155,2008-08-14,4524.2
156,2008-08-18,4430.7
157,2008-08-19,4393.1
158,2008-08-20,4365.45
159,2008-08-21,4416.2
160,2008-08-22,4283.85
161,2008-08-25,4317.95
162,2008-08-26,4335.2
163,2008-08-27,4336.85
164,2008-08-28,4290.75
165,2008-08-29,4230.6
166,2008-09-01,4356.1
167,2008-09-02,4358.85
168,2008-09-04,4512.95
169,2008-09-05,4444.7
170,2008-09-08,4358.3
171,2008-09-09,4485.15
172,2008-09-10,4467.5
173,2008-09-11,4397.25
174,2008-09-12,4291.6
175,2008-09-15,4231.95
176,2008-09-16,4072.55
177,2008-09-17,4074.8
178,2008-09-18,4005.25
179,2008-09-19,4040.8
180,2008-09-22,4248.95
181,2008-09-23,4223.9
182,2008-09-24,4125.75
183,2008-09-25,4162.15
184,2008-09-26,4108.75
185,2008-09-29,3990.2
186,2008-09-30,3848.7
187,2008-10-01,3921.85
188,2008-10-03,3953.55
189,2008-10-06,3817.3
190,2008-10-07,3606.95
191,2008-10-08,3604.4
192,2008-10-10,3502.05
193,2008-10-13,3272.9
194,2008-10-14,3494.1
195,2008-10-15,3517.9
196,2008-10-16,3333.85
197,2008-10-17,3269.05
198,2008-10-20,3108.2
199,2008-10-21,3125.4
200,2008-10-22,3234.7
201,2008-10-23,3064.8
202,2008-10-24,2936.25
203,2008-10-27,2583.75
204,2008-10-28,2526.2
205,2008-10-29,2685.3
206,2008-10-31,2696.3
207,2008-11-03,2885.4
208,2008-11-04,3050.25
209,2008-11-05,3155.75
210,2008-11-06,2998.45
211,2008-11-07,2893.25
212,2008-11-10,2973.3
213,2008-11-11,3147.2
214,2008-11-12,2937.9
215,2008-11-14,2848.0
216,2008-11-17,2813.4
217,2008-11-18,2802.45
218,2008-11-19,2682.75
219,2008-11-20,2634.2
220,2008-11-21,2553.6
221,2008-11-24,2690.85
222,2008-11-25,2708.3
223,2008-11-26,2652.45
224,2008-11-28,2745.7
225,2008-12-01,2755.15
226,2008-12-02,2672.9
227,2008-12-03,2657.5
228,2008-12-04,2656.5
229,2008-12-05,2786.65
230,2008-12-08,2714.7
231,2008-12-10,2785.7
232,2008-12-11,2934.05
233,2008-12-12,2915.35
234,2008-12-15,2917.9
235,2008-12-16,2983.6
236,2008-12-17,3040.45
237,2008-12-18,2955.35
238,2008-12-19,3063.0
239,2008-12-22,3077.25
240,2008-12-23,3039.25
241,2008-12-24,2967.4
242,2008-12-26,2919.85
243,2008-12-29,2857.15
244,2008-12-30,2922.55
245,2008-12-31,2979.8
246,2009-01-01,2963.3
247,2009-01-02,3034.6
248,2009-01-05,3058.75
249,2009-01-06,3121.5
250,2009-01-07,3112.8
251,2009-01-09,2919.95
252,2009-01-12,2868.85
253,2009-01-13,2775.0
254,2009-01-14,2748.4
255,2009-01-15,2832.3
256,2009-01-16,2737.0
257,2009-01-19,2828.7
258,2009-01-20,2842.9
259,2009-01-21,2777.4
260,2009-01-22,2714.7
261,2009-01-23,2705.45
262,2009-01-27,2686.05
263,2009-01-28,2771.1
264,2009-01-29,2849.35
265,2009-01-30,2824.05
266,2009-02-02,2872.35
267,2009-02-03,2773.5
268,2009-02-04,2780.7
269,2009-02-05,2802.75
270,2009-02-06,2779.35
271,2009-02-09,2843.05
272,2009-02-10,2919.7
273,2009-02-11,2933.0
274,2009-02-12,2927.4
275,2009-02-13,2896.95
276,2009-02-16,2948.25
277,2009-02-17,2853.85
278,2009-02-18,2755.15
279,2009-02-19,2776.7
280,2009-02-20,2789.3
281,2009-02-24,2737.25
282,2009-02-25,2733.45
283,2009-02-26,2762.2
284,2009-02-27,2785.7
285,2009-03-02,2764.6
286,2009-03-03,2672.15
287,2009-03-04,2611.95
288,2009-03-05,2645.9
289,2009-03-06,2576.75
290,2009-03-09,2620.1
291,2009-03-12,2574.5
292,2009-03-13,2616.6
293,2009-03-16,2716.05
294,2009-03-17,2776.35
295,2009-03-18,2757.65
296,2009-03-19,2797.05
297,2009-03-20,2807.35
298,2009-03-23,2807.25
299,2009-03-24,2923.8
300,2009-03-25,2938.8
301,2009-03-26,2982.25
302,2009-03-27,3079.4
303,2009-03-30,3108.75
304,2009-03-31,2981.7
305,2009-04-01,3023.85
306,2009-04-02,3061.05
307,2009-04-06,3211.35
308,2009-04-08,3255.35
309,2009-04-09,3346.0
310,2009-04-13,3342.2
311,2009-04-15,3381.45
312,2009-04-16,3484.35
313,2009-04-17,3369.5
314,2009-04-20,3384.75
315,2009-04-21,3376.85
316,2009-04-22,3364.6
317,2009-04-23,3330.5
318,2009-04-24,3423.6
319,2009-04-27,3481.3
320,2009-04-28,3469.5
321,2009-04-29,3371.65
322,2009-05-04,3478.7
323,2009-05-05,3664.5
324,2009-05-06,3662.0
325,2009-05-07,3617.15
326,2009-05-08,3681.8
327,2009-05-11,3615.75
328,2009-05-12,3554.65
329,2009-05-13,3668.75
330,2009-05-14,3631.9
331,2009-05-15,3597.85
332,2009-05-18,3673.15
333,2009-05-19,4324.95
334,2009-05-20,4318.75
335,2009-05-21,4270.35
336,2009-05-22,4211.85
337,2009-05-25,4238.1
338,2009-05-26,4239.55
339,2009-05-27,4117.3
340,2009-05-28,4276.15
341,2009-05-29,4340.75
342,2009-06-01,4450.4
343,2009-06-02,4530.45
344,2009-06-03,4525.5
345,2009-06-04,4530.3
346,2009-06-05,4573.3
347,2009-06-08,4582.35
348,2009-06-09,4427.75
349,2009-06-10,4551.7
350,2009-06-11,4657.4
351,2009-06-12,4637.55
352,2009-06-15,4584.65
353,2009-06-16,4478.1
354,2009-06-17,4515.35
355,2009-06-18,4352.95
356,2009-06-19,4251.1
357,2009-06-22,4314.2
358,2009-06-23,4223.3
359,2009-06-24,4247.3
360,2009-06-25,4293.85
361,2009-06-26,4243.95
362,2009-06-29,4375.4
363,2009-06-30,4391.5
364,2009-07-01,4292.3
365,2009-07-02,4373.5
366,2009-07-03,4347.3
367,2009-07-06,4429.6
368,2009-07-07,4166.0
369,2009-07-08,4201.85
370,2009-07-09,4078.75
371,2009-07-10,4081.4
372,2009-07-13,4003.4
373,2009-07-14,3974.1
374,2009-07-15,4120.8
375,2009-07-16,4223.5
376,2009-07-17,4231.45
377,2009-07-20,4377.9
378,2009-07-21,4501.5
379,2009-07-22,4469.3
380,2009-07-23,4409.7
381,2009-07-24,4524.8
382,2009-07-27,4568.65
383,2009-07-28,4572.8
384,2009-07-29,4565.8
385,2009-07-30,4513.1
386,2009-07-31,4571.6
387,2009-08-03,4633.8
388,2009-08-04,4706.25
389,2009-08-05,4680.95
390,2009-08-06,4694.35
391,2009-08-07,4591.9
392,2009-08-10,4486.5
393,2009-08-11,4435.0
394,2009-08-12,4473.8
395,2009-08-13,4458.55
396,2009-08-14,4605.15
397,2009-08-17,4578.8
398,2009-08-18,4389.5
399,2009-08-19,4457.75
400,2009-08-20,4394.35
401,2009-08-21,4453.45
402,2009-08-24,4536.95
403,2009-08-25,4641.65
404,2009-08-26,4659.45
405,2009-08-27,4679.0
406,2009-08-28,4688.4
407,2009-08-31,4730.85
408,2009-09-01,4662.2
409,2009-09-02,4624.0
410,2009-09-03,4608.75
411,2009-09-04,4608.7
412,2009-09-07,4682.4
413,2009-09-08,4782.85
414,2009-09-09,4804.9
415,2009-09-10,4814.35
416,2009-09-11,4819.4
417,2009-09-14,4830.35
418,2009-09-15,4808.35
419,2009-09-16,4894.65
420,2009-09-17,4958.55
421,2009-09-18,4963.95
422,2009-09-22,4977.1
423,2009-09-23,5019.95
424,2009-09-24,4977.15
425,2009-09-25,4985.1
426,2009-09-29,4959.15
427,2009-09-30,5007.65
428,2009-10-01,5087.2
429,2009-10-05,5076.05
430,2009-10-06,5003.65
431,2009-10-07,5031.7
432,2009-10-08,5011.25
433,2009-10-09,4993.0
434,2009-10-12,4945.45
435,2009-10-14,5054.35
436,2009-10-15,5118.55
437,2009-10-16,5108.65
438,2009-10-17,5159.35
439,2009-10-20,5145.6
440,2009-10-21,5114.85
441,2009-10-22,5063.35
442,2009-10-23,4986.55
443,2009-10-26,4997.15
444,2009-10-27,4970.55
445,2009-10-28,4846.55
446,2009-10-29,4826.1
447,2009-10-30,4751.1
448,2009-11-03,4712.25
449,2009-11-04,4567.3
450,2009-11-05,4711.65
451,2009-11-06,4767.5
452,2009-11-09,4796.15
453,2009-11-10,4898.9
454,2009-11-11,4882.3
455,2009-11-12,5004.4
456,2009-11-13,4952.35
457,2009-11-16,4996.5
458,2009-11-17,5058.95
459,2009-11-18,5061.5
460,2009-11-19,5043.95
461,2009-11-20,4988.75
462,2009-11-23,5052.95
463,2009-11-24,5105.0
464,2009-11-25,5091.55
465,2009-11-26,5116.45
466,2009-11-27,5005.05
467,2009-11-30,4942.25
468,2009-12-01,5039.7
469,2009-12-02,5122.75
470,2009-12-03,5124.55
471,2009-12-04,5131.7
472,2009-12-07,5108.85
473,2009-12-08,5068.55
474,2009-12-09,5147.65
475,2009-12-10,5112.4
476,2009-12-11,5136.05
477,2009-12-14,5117.45
478,2009-12-15,5105.75
479,2009-12-16,5032.95
480,2009-12-17,5046.65
481,2009-12-18,5042.0
482,2009-12-21,4983.65
483,2009-12-22,4953.35
484,2009-12-23,4990.05
485,2009-12-24,5144.8
486,2009-12-29,5180.75
487,2009-12-30,5188.75
488,2009-12-31,5171.2
489,2010-01-04,5200.9
490,2010-01-05,5277.15
491,2010-01-06,5278.15
492,2010-01-07,5281.8
493,2010-01-08,5264.25
494,2010-01-11,5263.8
495,2010-01-12,5251.1
496,2010-01-13,5212.6
497,2010-01-14,5234.5
498,2010-01-15,5259.9
499,2010-01-18,5253.65
500,2010-01-19,5274.2
501,2010-01-20,5226.1
502,2010-01-21,5220.2
503,2010-01-22,5094.15
504,2010-01-25,5034.55
505,2010-01-27,5008.5
506,2010-01-28,4863.0
507,2010-01-29,4866.15
508,2010-02-01,4882.05
509,2010-02-02,4907.85
510,2010-02-03,4831.0
511,2010-02-04,4931.3
512,2010-02-05,4819.65
513,2010-02-06,4712.75
514,2010-02-08,4755.35
515,2010-02-09,4760.55
516,2010-02-10,4793.0
517,2010-02-11,4757.25
518,2010-02-15,4827.9
519,2010-02-16,4801.8
520,2010-02-17,4858.65
521,2010-02-18,4915.1
522,2010-02-19,4887.3
523,2010-02-22,4849.35
524,2010-02-23,4856.6
525,2010-02-24,4869.55
526,2010-02-25,4859.0
527,2010-02-26,4858.5
528,2010-03-02,4935.6
529,2010-03-03,5015.8
530,2010-03-04,5096.95
531,2010-03-05,5080.55
532,2010-03-08,5092.15
533,2010-03-09,5121.05
534,2010-03-10,5101.6
535,2010-03-11,5116.35
536,2010-03-12,5131.8
537,2010-03-15,5134.45
538,2010-03-16,5128.95
539,2010-03-17,5198.45
540,2010-03-18,5232.55
541,2010-03-19,5246.8
542,2010-03-22,5260.95
543,2010-03-23,5205.85
544,2010-03-25,5225.3
545,2010-03-26,5260.55
546,2010-03-29,5283.9
547,2010-03-30,5302.95
548,2010-03-31,5260.4
549,2010-04-01,5249.2
550,2010-04-05,5291.4
551,2010-04-06,5369.65
552,2010-04-07,5365.7
553,2010-04-08,5376.3
554,2010-04-09,5302.4
555,2010-04-12,5354.15
556,2010-04-13,5340.85
557,2010-04-15,5323.3
558,2010-04-16,5273.4
559,2010-04-19,5279.05
560,2010-04-20,5208.3
561,2010-04-21,5230.3
562,2010-04-22,5248.6
563,2010-04-23,5269.65
564,2010-04-26,5299.35
565,2010-04-27,5322.1
566,2010-04-28,5308.2
567,2010-04-29,5215.25
568,2010-04-30,5254.2
569,2010-05-03,5278.4
570,2010-05-04,5223.9
571,2010-05-05,5148.35
572,2010-05-06,5124.4
573,2010-05-07,5072.3
574,2010-05-10,5026.6
575,2010-05-11,5189.75
576,2010-05-12,5133.75
577,2010-05-13,5157.55
578,2010-05-14,5180.55
579,2010-05-17,5093.9
580,2010-05-18,5059.55
581,2010-05-19,5065.1
582,2010-05-20,4924.3
583,2010-05-21,4946.7
584,2010-05-24,4944.3
585,2010-05-25,4945.3
586,2010-05-26,4807.3
587,2010-05-27,4915.15
588,2010-05-28,5005.6
589,2010-05-31,5076.1
590,2010-06-01,5086.25
591,2010-06-02,4970.75
592,2010-06-03,5020.15
593,2010-06-04,5112.6
594,2010-06-07,5132.95
595,2010-06-08,5036.7
596,2010-06-09,4985.05
597,2010-06-10,4999.6
598,2010-06-11,5078.75
599,2010-06-14,5120.15
600,2010-06-15,5201.3
601,2010-06-16,5225.05
602,2010-06-17,5233.65
603,2010-06-18,5274.95
604,2010-06-21,5266.5
605,2010-06-22,5353.95
606,2010-06-23,5316.15
607,2010-06-24,5323.25
608,2010-06-25,5320.5
609,2010-06-28,5271.1
610,2010-06-29,5333.55
611,2010-06-30,5254.25
612,2010-07-01,5312.05
613,2010-07-02,5251.25
614,2010-07-05,5237.0
615,2010-07-06,5236.1
616,2010-07-07,5293.1
617,2010-07-08,5242.0
618,2010-07-09,5297.2
619,2010-07-12,5352.25
620,2010-07-13,5370.2
621,2010-07-14,5402.0
622,2010-07-15,5387.1
623,2010-07-16,5376.65
624,2010-07-19,5392.7
625,2010-07-20,5387.0
626,2010-07-21,5368.85
627,2010-07-22,5399.15
628,2010-07-23,5441.9
629,2010-07-26,5446.55
630,2010-07-27,5420.2
631,2010-07-28,5436.1
632,2010-07-29,5397.85
633,2010-07-30,5408.4
634,2010-08-02,5369.55
635,2010-08-03,5432.5
636,2010-08-04,5441.35
637,2010-08-05,5470.15
638,2010-08-06,5448.25
639,2010-08-09,5439.8
640,2010-08-10,5486.8
641,2010-08-11,5460.7
642,2010-08-12,5418.7
643,2010-08-13,5420.65
644,2010-08-16,5452.1
645,2010-08-17,5422.15
646,2010-08-18,5416.25
647,2010-08-19,5478.25
648,2010-08-20,5540.8
649,2010-08-23,5531.15
650,2010-08-24,5541.1
651,2010-08-25,5505.3
652,2010-08-26,5462.1
653,2010-08-27,5489.6
654,2010-08-30,5408.9
655,2010-08-31,5413.55
656,2010-09-01,5403.05
657,2010-09-02,5471.9
658,2010-09-03,5486.3
659,2010-09-06,5479.55
660,2010-09-07,5575.9
661,2010-09-08,5604.25
662,2010-09-09,5608.3
663,2010-09-13,5639.2
664,2010-09-14,5760.3
665,2010-09-15,5795.25
666,2010-09-16,5861.1
667,2010-09-17,5828.7
668,2010-09-20,5885.05
669,2010-09-21,5980.5
670,2010-09-22,6008.4
671,2010-09-23,5991.05
672,2010-09-24,5959.45
673,2010-09-27,6018.3
674,2010-09-28,6036.05
675,2010-09-29,6029.15
676,2010-09-30,5991.35
677,2010-10-01,6030.3
678,2010-10-04,6144.7
679,2010-10-05,6159.45
680,2010-10-06,6150.95
681,2010-10-07,6186.85
682,2010-10-08,6121.4
683,2010-10-11,6105.95
684,2010-10-12,6135.95
685,2010-10-13,6091.45
686,2010-10-14,6234.3
687,2010-10-15,6175.9
688,2010-10-18,6112.75
689,2010-10-19,6114.45
690,2010-10-20,6002.95
691,2010-10-21,6008.9
692,2010-10-22,6113.4
693,2010-10-25,6101.25
694,2010-10-26,6116.3
695,2010-10-27,6075.45
696,2010-10-28,6039.95
697,2010-10-29,6021.15
698,2010-11-01,6092.3
699,2010-11-02,6127.55
700,2010-11-03,6150.6
701,2010-11-04,6209.6
702,2010-11-05,6321.85
703,2010-11-08,6335.25
704,2010-11-09,6281.0
705,2010-11-10,6303.2
706,2010-11-11,6286.35
707,2010-11-12,6182.3
708,2010-11-15,6079.9
709,2010-11-16,6143.45
710,2010-11-18,6075.95
711,2010-11-19,6011.3
712,2010-11-22,5920.9
713,2010-11-23,5971.55
714,2010-11-24,5946.8
715,2010-11-25,5883.95
716,2010-11-26,5828.55
717,2010-11-29,5789.95
718,2010-11-30,5811.6
719,2010-12-01,5871.0
720,2010-12-02,6023.05
721,2010-12-03,6013.35
722,2010-12-06,6033.65
723,2010-12-07,5995.05
724,2010-12-08,5954.4
725,2010-12-09,5924.25
726,2010-12-10,5761.0
727,2010-12-13,5882.65
728,2010-12-14,5928.7
729,2010-12-15,5931.15
730,2010-12-16,5910.55
731,2010-12-20,5926.85
732,2010-12-21,5960.4
733,2010-12-22,6019.0
734,2010-12-23,6005.9
735,2010-12-24,5940.25
736,2010-12-27,6013.3
737,2010-12-28,6005.35
738,2010-12-29,6005.15
739,2010-12-30,6062.35
740,2010-12-31,6105.1
741,2011-01-03,6177.45
742,2011-01-04,6172.75
743,2011-01-05,6141.35
744,2011-01-06,6107.0
745,2011-01-07,6030.9
746,2011-01-10,5901.3
747,2011-01-11,5767.95
748,2011-01-12,5800.05
749,2011-01-13,5850.75
750,2011-01-14,5752.1
751,2011-01-17,5648.8
752,2011-01-18,5682.55
753,2011-01-19,5737.35
754,2011-01-20,5656.0
755,2011-01-21,5692.05
756,2011-01-24,5717.1
757,2011-01-25,5763.3
758,2011-01-27,5725.3
759,2011-01-28,5614.0
760,2011-01-31,5452.55
761,2011-02-01,5537.3
762,2011-02-02,5469.55
763,2011-02-03,5430.45
764,2011-02-04,5519.9
765,2011-02-07,5430.15
766,2011-02-08,5432.35
767,2011-02-09,5293.05
768,2011-02-10,5246.05
769,2011-02-11,5219.65
770,2011-02-14,5340.25
771,2011-02-15,5467.75
772,2011-02-16,5467.6
773,2011-02-17,5501.7
774,2011-02-18,5557.55
775,2011-02-21,5456.6
776,2011-02-22,5504.4
777,2011-02-23,5452.45
778,2011-02-24,5408.75
779,2011-02-25,5321.05
780,2011-02-28,5330.15
781,2011-03-01,5382.0
782,2011-03-03,5478.45
783,2011-03-04,5586.2
784,2011-03-07,5490.05
785,2011-03-08,5466.1
786,2011-03-09,5542.4
787,2011-03-10,5516.1
788,2011-03-11,5456.15
789,2011-03-14,5436.5
790,2011-03-15,5420.0
791,2011-03-16,5475.95
792,2011-03-17,5455.4
793,2011-03-18,5475.35
794,2011-03-21,5408.75
795,2011-03-22,5390.85
796,2011-03-23,5411.4
797,2011-03-24,5501.8
798,2011-03-25,5588.65
799,2011-03-28,5645.25
800,2011-03-29,5686.5
801,2011-03-30,5755.8
802,2011-03-31,5803.05
803,2011-04-01,5835.0
804,2011-04-04,5842.0
805,2011-04-05,5923.85
806,2011-04-06,5908.0
807,2011-04-07,5888.55
808,2011-04-08,5886.75
809,2011-04-11,5805.35
810,2011-04-13,5747.95
811,2011-04-15,5898.75
812,2011-04-18,5824.35
813,2011-04-19,5716.0
814,2011-04-20,5786.05
815,2011-04-21,5882.85
816,2011-04-25,5859.6
817,2011-04-26,5876.85
818,2011-04-27,5884.2
819,2011-04-28,5851.35
820,2011-04-29,5782.5
821,2011-05-02,5766.9
822,2011-05-03,5689.7
823,2011-05-04,5567.7
824,2011-05-05,5531.6
825,2011-05-06,5477.65
826,2011-05-09,5575.2
827,2011-05-10,5555.55
828,2011-05-11,5547.2
829,2011-05-12,5537.8
830,2011-05-13,5492.35
831,2011-05-16,5541.7
832,2011-05-17,5496.1
833,2011-05-18,5448.2
834,2011-05-19,5448.15
835,2011-05-20,5450.65
836,2011-05-23,5456.7
837,2011-05-24,5385.1
838,2011-05-25,5389.1
839,2011-05-26,5372.75
840,2011-05-27,5413.7
841,2011-05-30,5493.75
842,2011-05-31,5492.0
843,2011-06-01,5561.05
844,2011-06-02,5529.9
845,2011-06-03,5565.7
846,2011-06-06,5504.3
847,2011-06-07,5509.15
848,2011-06-08,5535.25
849,2011-06-09,5523.55
850,2011-06-10,5518.05
851,2011-06-13,5469.85
852,2011-06-14,5485.6
853,2011-06-15,5494.45
854,2011-06-16,5419.65
855,2011-06-17,5412.5
856,2011-06-20,5372.2
857,2011-06-21,5280.8
858,2011-06-22,5304.65
859,2011-06-23,5269.1
860,2011-06-24,5343.4
861,2011-06-27,5441.2
862,2011-06-28,5548.85
863,2011-06-29,5566.5
864,2011-06-30,5614.5
865,2011-07-01,5705.75
866,2011-07-04,5679.55
867,2011-07-05,5659.85
868,2011-07-06,5622.7
869,2011-07-07,5633.35
870,2011-07-08,5734.65
871,2011-07-11,5648.05
872,2011-07-12,5556.9
873,2011-07-13,5542.05
874,2011-07-14,5569.0
875,2011-07-15,5602.95
876,2011-07-18,5581.75
877,2011-07-19,5569.85
878,2011-07-20,5642.05
879,2011-07-21,5554.6
880,2011-07-22,5576.95
881,2011-07-25,5633.8
882,2011-07-26,5688.45
883,2011-07-27,5588.55
884,2011-07-28,5492.4
885,2011-07-29,5479.0
886,2011-08-01,5527.5
887,2011-08-02,5493.2
888,2011-08-03,5402.0
889,2011-08-04,5412.4
890,2011-08-05,5204.35
891,2011-08-08,5083.85
892,2011-08-09,4947.9
893,2011-08-10,5196.55
894,2011-08-11,5128.0
895,2011-08-12,5194.4
896,2011-08-16,5125.75
897,2011-08-17,5030.3
898,2011-08-18,5077.95
899,2011-08-19,4859.3
900,2011-08-22,4843.7
901,2011-08-23,4925.15
902,2011-08-24,4934.35
903,2011-08-25,4914.65
904,2011-08-26,4839.25
905,2011-08-29,4806.2
906,2011-08-30,4973.25
907,2011-09-02,5109.8
908,2011-09-05,4998.9
909,2011-09-06,4993.35
910,2011-09-07,5080.15
911,2011-09-08,5139.2
912,2011-09-09,5161.3
913,2011-09-12,4981.7
914,2011-09-13,4977.8
915,2011-09-14,4965.05
916,2011-09-15,5062.35
917,2011-09-16,5123.35
918,2011-09-19,5068.4
919,2011-09-20,5042.55
920,2011-09-21,5153.75
921,2011-09-22,5054.45
922,2011-09-23,4873.75
923,2011-09-26,4878.6
924,2011-09-27,4905.15
925,2011-09-28,5005.5
926,2011-09-29,4924.2
927,2011-09-30,4990.15
928,2011-10-03,4874.4
929,2011-10-04,4823.5
930,2011-10-05,4791.3
931,2011-10-07,4883.65
932,2011-10-10,4886.85
933,2011-10-11,5019.9
934,2011-10-12,5011.2
935,2011-10-13,5130.8
936,2011-10-14,5057.35
937,2011-10-17,5156.2
938,2011-10-18,5049.45
939,2011-10-19,5080.45
940,2011-10-20,5086.55
941,2011-10-21,5106.6
942,2011-10-24,5114.7
943,2011-10-25,5137.9
944,2011-10-26,5214.95
945,2011-10-28,5341.9
946,2011-10-31,5358.9
947,2011-11-01,5278.6
948,2011-11-02,5216.75
949,2011-11-03,5241.55
950,2011-11-04,5325.4
951,2011-11-08,5292.25
952,2011-11-09,5309.7
953,2011-11-11,5159.75
954,2011-11-14,5217.35
955,2011-11-15,5131.2
956,2011-11-16,5059.1
957,2011-11-17,5027.1
958,2011-11-18,4899.15
959,2011-11-21,4873.8
960,2011-11-22,4794.85
961,2011-11-23,4779.5
962,2011-11-24,4707.55
963,2011-11-25,4731.3
964,2011-11-28,4769.3
965,2011-11-29,4864.2
966,2011-11-30,4766.15
967,2011-12-01,4970.85
968,2011-12-02,4940.85
969,2011-12-05,5036.5
970,2011-12-07,5050.1
971,2011-12-08,5037.4
972,2011-12-09,4870.75
973,2011-12-12,4906.85
974,2011-12-13,4733.6
975,2011-12-14,4788.7
976,2011-12-15,4712.8
977,2011-12-16,4752.5
978,2011-12-19,4623.15
979,2011-12-20,4635.8
980,2011-12-21,4636.45
981,2011-12-22,4636.9
982,2011-12-23,4763.2
983,2011-12-26,4718.15
984,2011-12-27,4780.2
985,2011-12-28,4756.2
986,2011-12-29,4681.15
987,2011-12-30,4659.95
988,2012-01-02,4640.2
989,2012-01-03,4675.8
990,2012-01-04,4774.95
991,2012-01-05,4749.0
992,2012-01-06,4724.15
993,2012-01-07,4755.6
994,2012-01-09,4747.55
995,2012-01-10,4771.85
996,2012-01-11,4863.15
997,2012-01-12,4840.95
998,2012-01-13,4861.95
999,2012-01-16,4844.0
1000,2012-01-17,4904.5
1001,2012-01-18,4977.75
1002,2012-01-19,4995.0
1003,2012-01-20,5044.85
1004,2012-01-23,5025.35
1005,2012-01-24,5064.8
1006,2012-01-25,5151.5
1007,2012-01-27,5216.75
1008,2012-01-30,5163.55
1009,2012-01-31,5125.25
1010,2012-02-01,5198.15
1011,2012-02-02,5272.1
1012,2012-02-03,5276.1
1013,2012-02-06,5379.45
1014,2012-02-07,5412.95
1015,2012-02-08,5343.8
1016,2012-02-09,5343.05
1017,2012-02-10,5399.8
1018,2012-02-13,5382.1
1019,2012-02-14,5380.8
1020,2012-02-15,5460.6
1021,2012-02-16,5513.75
1022,2012-02-17,5574.2
1023,2012-02-21,5561.9
1024,2012-02-22,5609.75
1025,2012-02-23,5490.05
1026,2012-02-24,5479.15
1027,2012-02-27,5448.1
1028,2012-02-28,5310.5
1029,2012-02-29,5424.95
1030,2012-03-01,5366.0
1031,2012-03-02,5369.45
1032,2012-03-03,5360.05
1033,2012-03-05,5342.55
1034,2012-03-06,5266.0
1035,2012-03-07,5207.05
1036,2012-03-09,5294.1
1037,2012-03-12,5420.1
1038,2012-03-13,5391.05
1039,2012-03-14,5490.55
1040,2012-03-15,5462.5
1041,2012-03-16,5380.35
1042,2012-03-19,5337.35
1043,2012-03-20,5257.15
1044,2012-03-21,5267.2
1045,2012-03-22,5361.1
1046,2012-03-23,5255.65
1047,2012-03-26,5274.35
1048,2012-03-27,5242.95
1049,2012-03-28,5231.7
1050,2012-03-29,5145.95
1051,2012-03-30,5206.6
1052,2012-04-02,5296.35
1053,2012-04-03,5353.2
1054,2012-04-04,5328.65
1055,2012-04-09,5282.5
1056,2012-04-10,5254.1
1057,2012-04-11,5209.45
1058,2012-04-12,5246.75
1059,2012-04-13,5255.7
1060,2012-04-16,5190.6
1061,2012-04-17,5266.6
1062,2012-04-18,5320.7
1063,2012-04-19,5320.6
1064,2012-04-20,5313.95
1065,2012-04-23,5277.4
1066,2012-04-24,5215.9
1067,2012-04-25,5222.2
1068,2012-04-26,5214.75
1069,2012-04-27,5189.0
1070,2012-04-28,5209.6
1071,2012-04-30,5201.45
1072,2012-05-02,5254.3
1073,2012-05-03,5211.2
1074,2012-05-04,5166.65
1075,2012-05-07,5017.8
1076,2012-05-08,5114.7
1077,2012-05-09,4967.9
1078,2012-05-10,4984.15
1079,2012-05-11,4938.85
1080,2012-05-14,4934.35
1081,2012-05-15,4869.85
1082,2012-05-16,4875.3
1083,2012-05-17,4878.6
1084,2012-05-18,4796.4
1085,2012-05-21,4888.5
1086,2012-05-22,4954.7
1087,2012-05-23,4843.0
1088,2012-05-24,4863.4
1089,2012-05-25,4905.95
1090,2012-05-28,4931.7
1091,2012-05-29,5005.35
1092,2012-05-30,4964.25
1093,2012-05-31,4896.1
1094,2012-06-01,4910.85
1095,2012-06-04,4797.3
1096,2012-06-05,4869.45
1097,2012-06-06,4886.65
1098,2012-06-07,5035.35
1099,2012-06-08,5044.25
1100,2012-06-11,5096.7
1101,2012-06-12,5015.5
1102,2012-06-13,5117.55
1103,2012-06-14,5105.1
1104,2012-06-15,5069.55
1105,2012-06-18,5174.0
1106,2012-06-19,5050.8
1107,2012-06-20,5114.55
1108,2012-06-21,5097.35
1109,2012-06-22,5101.75
1110,2012-06-25,5158.5
1111,2012-06-26,5107.45
1112,2012-06-27,5149.45
1113,2012-06-28,5148.95
1114,2012-06-29,5191.25
1115,2012-07-02,5283.85
1116,2012-07-03,5298.85
1117,2012-07-04,5310.4
1118,2012-07-05,5297.05
1119,2012-07-06,5324.7
1120,2012-07-09,5283.7
1121,2012-07-10,5286.6
1122,2012-07-11,5315.25
1123,2012-07-12,5240.0
1124,2012-07-13,5242.75
1125,2012-07-16,5232.35
1126,2012-07-17,5228.05
1127,2012-07-18,5199.1
1128,2012-07-19,5249.85
1129,2012-07-20,5233.55
1130,2012-07-23,5163.25
1131,2012-07-24,5128.8
1132,2012-07-25,5118.4
1133,2012-07-26,5126.3
1134,2012-07-27,5124.3
1135,2012-07-30,5129.75
1136,2012-07-31,5214.85
1137,2012-08-01,5220.7
1138,2012-08-02,5233.1
1139,2012-08-03,5195.6
1140,2012-08-06,5260.85
1141,2012-08-07,5295.4
1142,2012-08-08,5345.25
1143,2012-08-09,5348.3
1144,2012-08-10,5308.2
1145,2012-08-13,5316.35
1146,2012-08-14,5343.25
1147,2012-08-16,5385.95
1148,2012-08-17,5368.6
1149,2012-08-21,5368.7
1150,2012-08-22,5395.75
1151,2012-08-23,5426.15
1152,2012-08-24,5392.6
1153,2012-08-27,5387.85
1154,2012-08-28,5348.05
1155,2012-08-29,5343.85
1156,2012-08-30,5268.6
1157,2012-08-31,5298.2
1158,2012-09-03,5276.5
1159,2012-09-04,5249.15
1160,2012-09-05,5243.9
1161,2012-09-06,5217.65
1162,2012-09-07,5309.45
1163,2012-09-08,5343.65
1164,2012-09-10,5361.9
1165,2012-09-11,5336.1
1166,2012-09-12,5404.45
1167,2012-09-13,5435.2
1168,2012-09-14,5528.35
1169,2012-09-17,5631.75
1170,2012-09-18,5602.4
1171,2012-09-20,5536.95
1172,2012-09-21,5577.0
1173,2012-09-24,5691.95
1174,2012-09-25,5674.9
1175,2012-09-26,5653.4
1176,2012-09-27,5673.75
1177,2012-09-28,5684.8
1178,2012-10-01,5704.75
1179,2012-10-03,5727.7
1180,2012-10-04,5751.55
1181,2012-10-05,5815.0
1182,2012-10-08,5751.85
1183,2012-10-09,5708.15
1184,2012-10-10,5671.15
1185,2012-10-11,5663.5
1186,2012-10-12,5681.7
1187,2012-10-15,5674.25
1188,2012-10-16,5705.6
1189,2012-10-17,5681.1
1190,2012-10-18,5675.3
1191,2012-10-19,5703.3
1192,2012-10-22,5667.6
1193,2012-10-23,5715.65
1194,2012-10-25,5688.8
1195,2012-10-26,5683.55
1196,2012-10-29,5665.2
1197,2012-10-30,5656.35
1198,2012-10-31,5596.75
1199,2012-11-01,5609.85
1200,2012-11-02,5696.35
1201,2012-11-05,5693.05
1202,2012-11-06,5694.1
1203,2012-11-07,5718.6
1204,2012-11-08,5709.0
1205,2012-11-09,5731.1
1206,2012-11-12,5688.45
1207,2012-11-13,5689.7
1208,2012-11-15,5650.35
1209,2012-11-16,5624.8
1210,2012-11-19,5577.3
1211,2012-11-20,5604.8
1212,2012-11-21,5582.5
1213,2012-11-22,5628.6
1214,2012-11-23,5635.45
1215,2012-11-26,5648.65
1216,2012-11-27,5658.5
1217,2012-11-29,5736.7
1218,2012-11-30,5836.0
1219,2012-12-03,5878.25
1220,2012-12-04,5866.8
1221,2012-12-05,5906.6
1222,2012-12-06,5926.3
1223,2012-12-07,5934.0
1224,2012-12-10,5916.05
1225,2012-12-11,5923.8
1226,2012-12-12,5917.8
1227,2012-12-13,5900.35
1228,2012-12-14,5846.9
1229,2012-12-17,5860.5
1230,2012-12-18,5873.6
1231,2012-12-19,5917.3
1232,2012-12-20,5934.45
1233,2012-12-21,5888.0
1234,2012-12-24,5869.0
1235,2012-12-26,5864.95
1236,2012-12-27,5930.2
1237,2012-12-28,5887.15
1238,2012-12-31,5901.2
1239,2013-01-01,5937.65
1240,2013-01-02,5982.6
1241,2013-01-03,6015.8
1242,2013-01-04,6011.95
1243,2013-01-07,6042.15
1244,2013-01-08,5983.45
1245,2013-01-09,6006.2
1246,2013-01-10,5998.8
1247,2013-01-11,6012.4
1248,2013-01-14,5967.2
1249,2013-01-15,6037.85
1250,2013-01-16,6049.0
1251,2013-01-17,6001.25
1252,2013-01-18,6059.85
1253,2013-01-21,6085.75
1254,2013-01-22,6080.15
1255,2013-01-23,6052.85
1256,2013-01-24,6046.2
1257,2013-01-25,6024.5
1258,2013-01-28,6082.1
1259,2013-01-29,6064.7
1260,2013-01-30,6065.0
1261,2013-01-31,6045.65
1262,2013-02-01,6040.95
1263,2013-02-04,6025.2
1264,2013-02-05,5948.2
1265,2013-02-06,5988.05
1266,2013-02-07,5936.45
1267,2013-02-08,5929.1
1268,2013-02-11,5920.05
1269,2013-02-12,5894.35
1270,2013-02-13,5943.15
1271,2013-02-14,5933.2
1272,2013-02-15,5869.95
1273,2013-02-18,5888.65
1274,2013-02-19,5900.2
1275,2013-02-20,5966.3
1276,2013-02-21,5909.65
1277,2013-02-22,5837.95
1278,2013-02-25,5870.55
1279,2013-02-26,5838.3
1280,2013-02-27,5784.9
1281,2013-02-28,5834.35
1282,2013-03-01,5702.45
1283,2013-03-04,5704.7
1284,2013-03-05,5722.45
1285,2013-03-06,5816.4
1286,2013-03-07,5801.3
1287,2013-03-08,5883.65
1288,2013-03-11,5946.1
1289,2013-03-12,5944.6
1290,2013-03-13,5884.8
1291,2013-03-14,5845.95
1292,2013-03-15,5914.9
1293,2013-03-18,5816.75
1294,2013-03-19,5859.5
1295,2013-03-20,5740.55
1296,2013-03-21,5705.9
1297,2013-03-22,5659.8
1298,2013-03-25,5707.3
1299,2013-03-26,5613.75
1300,2013-03-28,5647.75
1301,2013-04-01,5697.35
1302,2013-04-02,5701.7
1303,2013-04-03,5740.2
1304,2013-04-04,5640.65
1305,2013-04-05,5568.1
1306,2013-04-08,5550.5
1307,2013-04-09,5568.75
1308,2013-04-10,5536.25
1309,2013-04-11,5601.65
1310,2013-04-12,5520.7
1311,2013-04-15,5508.5
1312,2013-04-16,5562.45
1313,2013-04-17,5708.65
1314,2013-04-18,5682.7
1315,2013-04-22,5789.85
1316,2013-04-23,5843.1
1317,2013-04-25,5856.1
1318,2013-04-26,5899.75
1319,2013-04-29,5877.6
1320,2013-04-30,5932.6
1321,2013-05-02,5911.4
1322,2013-05-03,5993.5
1323,2013-05-06,5944.9
1324,2013-05-07,5983.45
1325,2013-05-08,6064.15
1326,2013-05-09,6078.35
1327,2013-05-10,6046.25
1328,2013-05-11,6088.2
1329,2013-05-13,6098.2
1330,2013-05-14,5989.7
1331,2013-05-15,6018.85
1332,2013-05-16,6128.25
1333,2013-05-17,6172.95
1334,2013-05-20,6198.0
1335,2013-05-21,6152.35
1336,2013-05-22,6127.05
1337,2013-05-23,6050.4
1338,2013-05-24,6010.7
1339,2013-05-27,5989.4
1340,2013-05-28,6086.35
1341,2013-05-29,6120.45
1342,2013-05-30,6072.15
1343,2013-05-31,6098.7
1344,2013-06-03,5997.35
1345,2013-06-04,5941.1
1346,2013-06-05,5908.3
1347,2013-06-06,5895.0
1348,2013-06-07,5900.05
1349,2013-06-10,5907.9
1350,2013-06-11,5848.75
1351,2013-06-12,5771.75
1352,2013-06-13,5709.35
1353,2013-06-14,5748.95
1354,2013-06-17,5820.4
1355,2013-06-18,5841.9
1356,2013-06-19,5805.75
1357,2013-06-20,5754.15
1358,2013-06-21,5639.9
1359,2013-06-24,5638.05
1360,2013-06-25,5606.95
1361,2013-06-26,5627.95
1362,2013-06-27,5647.95
1363,2013-06-28,5749.5
1364,2013-07-01,5834.1
1365,2013-07-02,5885.5
1366,2013-07-03,5811.95
1367,2013-07-04,5794.75
1368,2013-07-05,5889.95
1369,2013-07-08,5833.15
1370,2013-07-09,5834.6
1371,2013-07-10,5869.9
1372,2013-07-11,5894.5
1373,2013-07-12,6000.5
1374,2013-07-15,5991.2
1375,2013-07-16,5930.8
1376,2013-07-17,5972.25
1377,2013-07-18,5984.7
1378,2013-07-19,6057.2
1379,2013-07-22,6009.75
1380,2013-07-23,6064.3
1381,2013-07-24,6032.2
1382,2013-07-25,5970.4
1383,2013-07-26,5937.95
1384,2013-07-29,5869.95
1385,2013-07-30,5836.05
1386,2013-07-31,5738.35
1387,2013-08-01,5776.9
1388,2013-08-02,5750.05
1389,2013-08-05,5682.4
1390,2013-08-06,5664.9
1391,2013-08-07,5549.3
1392,2013-08-08,5510.05
1393,2013-08-12,5606.7
1394,2013-08-13,5600.25
1395,2013-08-14,5715.4
1396,2013-08-16,5705.45
1397,2013-08-19,5497.55
1398,2013-08-20,5353.45
1399,2013-08-21,5494.45
1400,2013-08-22,5282.8
1401,2013-08-23,5428.75
1402,2013-08-26,5499.4
1403,2013-08-27,5426.5
1404,2013-08-28,5233.45
1405,2013-08-29,5316.5
1406,2013-08-30,5407.45
1407,2013-09-02,5480.25
1408,2013-09-03,5574.7
1409,2013-09-04,5358.65
1410,2013-09-05,5553.75
1411,2013-09-06,5617.45
1412,2013-09-10,5738.5
1413,2013-09-11,5887.25
1414,2013-09-12,5931.15
1415,2013-09-13,5828.0
1416,2013-09-16,5930.3
1417,2013-09-17,5824.2
1418,2013-09-18,5872.75
1419,2013-09-19,6044.15
1420,2013-09-20,6104.55
1421,2013-09-23,5945.8
1422,2013-09-24,5855.0
1423,2013-09-25,5901.55
1424,2013-09-26,5872.8
1425,2013-09-27,5905.55
1426,2013-09-30,5801.05
1427,2013-10-01,5756.1
1428,2013-10-03,5819.1
1429,2013-10-04,5891.3
1430,2013-10-07,5889.05
1431,2013-10-08,5975.0
1432,2013-10-09,5893.25
1433,2013-10-10,6001.05
1434,2013-10-11,6104.85
1435,2013-10-14,6093.0
1436,2013-10-15,6147.55
1437,2013-10-17,6098.5
1438,2013-10-18,6070.9
1439,2013-10-21,6202.0
1440,2013-10-22,6192.3
1441,2013-10-23,6209.55
1442,2013-10-24,6162.8
1443,2013-10-25,6154.0
1444,2013-10-28,6155.1
1445,2013-10-29,6107.55
1446,2013-10-30,6230.8
1447,2013-10-31,6237.15
1448,2013-11-01,6289.75
1449,2013-11-03,6332.05
1450,2013-11-05,6282.15
1451,2013-11-06,6260.55
1452,2013-11-07,6228.9
1453,2013-11-08,6170.15
1454,2013-11-11,6110.4
1455,2013-11-12,6087.25
1456,2013-11-13,5998.85
1457,2013-11-14,6037.0
1458,2013-11-18,6111.05
1459,2013-11-19,6197.25
1460,2013-11-20,6186.85
1461,2013-11-21,6096.5
1462,2013-11-22,6027.35
1463,2013-11-25,6035.95
1464,2013-11-26,6099.25
1465,2013-11-27,6062.7
1466,2013-11-28,6092.0
1467,2013-11-29,6103.9
1468,2013-12-02,6171.15
1469,2013-12-03,6204.25
1470,2013-12-04,6187.95
1471,2013-12-05,6262.45
1472,2013-12-06,6234.4
1473,2013-12-09,6415.0
1474,2013-12-10,6354.7
1475,2013-12-11,6307.2
1476,2013-12-12,6276.75
1477,2013-12-13,6201.3
1478,2013-12-16,6168.35
1479,2013-12-17,6178.2
1480,2013-12-18,6129.95
1481,2013-12-19,6253.9
1482,2013-12-20,6179.95
1483,2013-12-23,6267.2
1484,2013-12-24,6296.45
1485,2013-12-26,6270.1
1486,2013-12-27,6292.8
1487,2013-12-30,6336.4
1488,2013-12-31,6307.35
1489,2014-01-01,6323.8
1490,2014-01-02,6301.25
1491,2014-01-03,6194.55
1492,2014-01-06,6220.85
1493,2014-01-07,6203.9
1494,2014-01-08,6178.05
1495,2014-01-09,6181.7
1496,2014-01-10,6178.85
1497,2014-01-13,6189.55
1498,2014-01-14,6260.25
1499,2014-01-15,6265.95
1500,2014-01-16,6341.35
1501,2014-01-17,6306.25
1502,2014-01-20,6261.75
1503,2014-01-21,6320.15
1504,2014-01-22,6309.05
1505,2014-01-23,6325.95
1506,2014-01-24,6301.65
1507,2014-01-27,6186.3
1508,2014-01-28,6131.85
1509,2014-01-29,6161.0
1510,2014-01-30,6067.0
1511,2014-01-31,6082.75
1512,2014-02-03,6058.8
1513,2014-02-04,5947.6
1514,2014-02-05,6004.25
1515,2014-02-06,6028.35
1516,2014-02-07,6077.65
1517,2014-02-10,6072.8
1518,2014-02-11,6072.45
1519,2014-02-12,6085.35
1520,2014-02-13,6087.55
1521,2014-02-14,6023.75
1522,2014-02-17,6057.1
1523,2014-02-18,6071.3
1524,2014-02-19,6132.05
1525,2014-02-20,6127.15
1526,2014-02-21,6108.3
1527,2014-02-24,6140.95
1528,2014-02-25,6205.7
1529,2014-02-26,6202.45
1530,2014-02-28,6228.45
1531,2014-03-03,6264.35
1532,2014-03-04,6216.75
1533,2014-03-05,6328.45
1534,2014-03-06,6344.75
1535,2014-03-07,6413.95
1536,2014-03-10,6491.7
1537,2014-03-11,6537.35
1538,2014-03-12,6497.5
1539,2014-03-13,6491.75
1540,2014-03-14,6447.25
1541,2014-03-18,6532.45
1542,2014-03-19,6530.0
1543,2014-03-20,6508.35
1544,2014-03-21,6515.2
1545,2014-03-22,6497.8
1546,2014-03-24,6510.5
1547,2014-03-25,6550.1
1548,2014-03-26,6615.65
1549,2014-03-27,6613.1
1550,2014-03-28,6673.05
1551,2014-03-31,6723.15
1552,2014-04-01,6729.5
1553,2014-04-02,6757.6
1554,2014-04-03,6772.05
1555,2014-04-04,6741.85
1556,2014-04-07,6694.25
1557,2014-04-09,6722.0
1558,2014-04-10,6803.05
1559,2014-04-11,6758.35
1560,2014-04-15,6792.7
1561,2014-04-16,6727.25
1562,2014-04-17,6695.45
1563,2014-04-21,6789.25
1564,2014-04-22,6822.9
1565,2014-04-23,6823.25
1566,2014-04-25,6855.8
1567,2014-04-28,6778.55
1568,2014-04-29,6769.0
1569,2014-04-30,6724.95
1570,2014-05-02,6709.95
1571,2014-05-05,6681.65
1572,2014-05-06,6719.25
1573,2014-05-07,6708.6
1574,2014-05-08,6669.9
1575,2014-05-09,6654.15
1576,2014-05-12,6863.4
1577,2014-05-13,7080.0
1578,2014-05-14,7112.0
1579,2014-05-15,7111.3
1580,2014-05-16,7270.2
1581,2014-05-19,7276.85
1582,2014-05-20,7309.95
1583,2014-05-21,7274.85
1584,2014-05-22,7289.95
1585,2014-05-23,7306.5
1586,2014-05-26,7428.75
1587,2014-05-27,7363.1
1588,2014-05-28,7324.95
1589,2014-05-29,7316.6
1590,2014-05-30,7254.85
1591,2014-06-02,7264.05
1592,2014-06-03,7375.35
1593,2014-06-04,7417.55
1594,2014-06-05,7399.75
1595,2014-06-06,7521.5
1596,2014-06-09,7621.65
1597,2014-06-10,7679.05
1598,2014-06-11,7672.4
1599,2014-06-12,7641.3
1600,2014-06-13,7668.2
1601,2014-06-16,7534.8
1602,2014-06-17,7525.05
1603,2014-06-18,7636.05
1604,2014-06-19,7580.05
1605,2014-06-20,7543.3
1606,2014-06-23,7514.0
1607,2014-06-24,7515.2
1608,2014-06-25,7588.55
1609,2014-06-26,7554.1
1610,2014-06-27,7514.2
1611,2014-06-30,7534.05
1612,2014-07-01,7629.0
1613,2014-07-02,7683.05
1614,2014-07-03,7734.35
1615,2014-07-04,7718.1
1616,2014-07-07,7780.4
1617,2014-07-08,7804.05
1618,2014-07-09,7637.95
1619,2014-07-10,7589.5
1620,2014-07-11,7584.1
1621,2014-07-14,7469.0
1622,2014-07-15,7491.3
1623,2014-07-16,7564.15
1624,2014-07-17,7612.7
1625,2014-07-18,7630.25
1626,2014-07-21,7701.65
1627,2014-07-22,7708.2
1628,2014-07-23,7794.9
1629,2014-07-24,7796.25
1630,2014-07-25,7828.2
1631,2014-07-28,7792.9
1632,2014-07-30,7746.2
1633,2014-07-31,7784.65
1634,2014-08-01,7662.5
1635,2014-08-04,7639.55
1636,2014-08-05,7706.65
1637,2014-08-06,7726.15
1638,2014-08-07,7651.15
1639,2014-08-08,7588.7
1640,2014-08-11,7619.85
1641,2014-08-12,7688.8
1642,2014-08-13,7717.3
1643,2014-08-14,7756.15
1644,2014-08-18,7785.25
1645,2014-08-19,7901.0
1646,2014-08-20,7915.8
1647,2014-08-21,7875.35
1648,2014-08-22,7904.55
1649,2014-08-25,7931.75
1650,2014-08-26,7874.5
1651,2014-08-27,7933.9
1652,2014-08-28,7942.25
1653,2014-09-01,7990.35
1654,2014-09-02,8038.6
1655,2014-09-03,8110.85
1656,2014-09-04,8114.2
1657,2014-09-05,8099.9
1658,2014-09-08,8132.95
1659,2014-09-09,8161.9
1660,2014-09-10,8135.55
1661,2014-09-11,8115.15
1662,2014-09-12,8087.05
1663,2014-09-15,8070.35
1664,2014-09-16,8036.6
1665,2014-09-17,7971.5
1666,2014-09-18,7950.65
1667,2014-09-19,8129.4
1668,2014-09-22,8084.45
1669,2014-09-23,8144.4
1670,2014-09-24,8015.55
1671,2014-09-25,8003.3
1672,2014-09-26,7885.85
1673,2014-09-29,7978.45
1674,2014-09-30,7948.8
1675,2014-10-01,7960.5
1676,2014-10-07,7897.4
1677,2014-10-08,7828.75
1678,2014-10-09,7886.5
1679,2014-10-10,7911.0
1680,2014-10-13,7831.0
1681,2014-10-14,7923.25
1682,2014-10-16,7837.3
1683,2014-10-17,7733.75
1684,2014-10-20,7896.95
1685,2014-10-21,7906.15
1686,2014-10-22,7997.8
1687,2014-10-23,8027.7
1688,2014-10-27,8064.35
1689,2014-10-28,8002.4
1690,2014-10-29,8077.05
1691,2014-10-30,8085.2
1692,2014-10-31,8200.8
1693,2014-11-03,8348.15
1694,2014-11-05,8351.25
1695,2014-11-07,8331.85
1696,2014-11-10,8337.8
1697,2014-11-11,8354.1
1698,2014-11-12,8378.9
1699,2014-11-13,8405.25
1700,2014-11-14,8360.7
1701,2014-11-17,8378.4
1702,2014-11-18,8441.25
1703,2014-11-19,8440.65
1704,2014-11-20,8406.5
1705,2014-11-21,8408.2
1706,2014-11-24,8490.95
1707,2014-11-25,8530.8
1708,2014-11-26,8450.3
1709,2014-11-27,8477.8
1710,2014-11-28,8516.8
1711,2014-12-01,8605.1
1712,2014-12-02,8535.45
1713,2014-12-03,8528.7
1714,2014-12-04,8582.4
1715,2014-12-05,8584.25
1716,2014-12-08,8538.65
1717,2014-12-09,8439.3
1718,2014-12-10,8318.05
1719,2014-12-11,8338.85
1720,2014-12-12,8302.0
1721,2014-12-15,8160.75
1722,2014-12-16,8172.6
1723,2014-12-17,8041.2
1724,2014-12-18,8138.9
1725,2014-12-19,8230.45
1726,2014-12-22,8255.0
1727,2014-12-23,8324.6
1728,2014-12-24,8272.05
1729,2014-12-26,8204.8
1730,2014-12-29,8214.7
1731,2014-12-30,8260.3
1732,2014-12-31,8243.9
1733,2015-01-01,8272.8
1734,2015-01-02,8288.7
1735,2015-01-05,8407.95
1736,2015-01-06,8325.3
1737,2015-01-07,8118.65
1738,2015-01-08,8191.4
1739,2015-01-09,8285.45
1740,2015-01-12,8291.35
1741,2015-01-13,8346.15
1742,2015-01-14,8307.25
1743,2015-01-15,8424.5
1744,2015-01-16,8504.05
1745,2015-01-19,8550.05
1746,2015-01-20,8575.1
1747,2015-01-21,8719.65
1748,2015-01-22,8745.85
1749,2015-01-23,8827.95
1750,2015-01-27,8871.35
1751,2015-01-28,8902.75
1752,2015-01-29,8901.5
1753,2015-01-30,8996.6
1754,2015-02-02,8802.5
1755,2015-02-03,8823.15
1756,2015-02-04,8789.15
1757,2015-02-05,8733.1
1758,2015-02-06,8696.85
1759,2015-02-09,8584.4
1760,2015-02-10,8478.1
1761,2015-02-11,8603.3
1762,2015-02-12,8676.95
1763,2015-02-13,8741.5
1764,2015-02-16,8831.4
1765,2015-02-18,8811.55
1766,2015-02-19,8883.05
1767,2015-02-20,8895.5
1768,2015-02-23,8856.85
1769,2015-02-24,8772.9
1770,2015-02-25,8801.9
1771,2015-02-26,8779.0
1772,2015-02-27,8729.5
1773,2015-02-28,8913.05
1774,2015-03-02,8953.85
1775,2015-03-03,8962.85
1776,2015-03-04,9109.15
1777,2015-03-05,8929.4
1778,2015-03-09,8891.15
1779,2015-03-10,8769.75
1780,2015-03-11,8728.75
1781,2015-03-12,8740.65
1782,2015-03-13,8844.05
1783,2015-03-16,8656.75
1784,2015-03-17,8689.1
1785,2015-03-18,8742.9
1786,2015-03-19,8749.45
1787,2015-03-20,8627.9
1788,2015-03-23,8591.55
1789,2015-03-24,8537.05
1790,2015-03-25,8568.9
1791,2015-03-26,8474.95
1792,2015-03-27,8396.0
1793,2015-03-30,8390.95
1794,2015-03-31,8527.6
1795,2015-04-01,8483.7
1796,2015-04-06,8615.8
1797,2015-04-07,8684.45
1798,2015-04-08,8698.95
1799,2015-04-09,8756.2
1800,2015-04-10,8774.35
1801,2015-04-13,8801.75
1802,2015-04-15,8844.75
1803,2015-04-16,8757.05
1804,2015-04-17,8698.05
1805,2015-04-20,8618.8
1806,2015-04-21,8416.1
1807,2015-04-22,8400.4
1808,2015-04-23,8478.2
1809,2015-04-24,8405.7
1810,2015-04-27,8330.55
1811,2015-04-28,8215.55
1812,2015-04-29,8274.8
1813,2015-04-30,8224.5
1814,2015-05-04,8230.05
1815,2015-05-05,8338.4
1816,2015-05-06,8316.6
1817,2015-05-07,8077.0
1818,2015-05-08,8131.5
1819,2015-05-11,8243.2
1820,2015-05-12,8326.15
1821,2015-05-13,8181.55
1822,2015-05-14,8232.45
1823,2015-05-15,8240.3
1824,2015-05-18,8284.95
1825,2015-05-19,8356.2
1826,2015-05-20,8392.65
1827,2015-05-21,8434.5
1828,2015-05-22,8432.5
1829,2015-05-25,8438.15
1830,2015-05-26,8377.1
1831,2015-05-27,8302.75
1832,2015-05-28,8345.7
1833,2015-05-29,8327.1
1834,2015-06-01,8417.25
1835,2015-06-02,8442.8
1836,2015-06-03,8232.45
1837,2015-06-04,8155.15
1838,2015-06-05,8119.15
1839,2015-06-08,8124.35
1840,2015-06-09,8026.5
1841,2015-06-10,8024.15
1842,2015-06-11,8157.3
1843,2015-06-12,7959.85
1844,2015-06-15,7986.6
1845,2015-06-16,8004.2
1846,2015-06-17,8084.2
1847,2015-06-18,8113.7
1848,2015-06-19,8201.15
1849,2015-06-22,8259.3
1850,2015-06-23,8377.45
1851,2015-06-24,8399.4
1852,2015-06-25,8336.25
1853,2015-06-26,8393.95
1854,2015-06-29,8247.05
1855,2015-06-30,8316.35
1856,2015-07-01,8376.25
1857,2015-07-02,8471.95
1858,2015-07-03,8440.1
1859,2015-07-06,8386.15
1860,2015-07-07,8525.5
1861,2015-07-08,8439.2
1862,2015-07-09,8364.85
1863,2015-07-10,8365.7
1864,2015-07-13,8397.25
1865,2015-07-14,8470.6
1866,2015-07-15,8463.4
1867,2015-07-16,8546.15
1868,2015-07-17,8623.65
1869,2015-07-20,8623.9
1870,2015-07-21,8601.5
1871,2015-07-22,8512.25
1872,2015-07-23,8643.95
1873,2015-07-24,8588.15
1874,2015-07-27,8492.1
1875,2015-07-28,8371.1
1876,2015-07-29,8365.6
1877,2015-07-30,8417.0
1878,2015-07-31,8456.1
1879,2015-08-03,8510.65
1880,2015-08-04,8564.1
1881,2015-08-05,8547.45
1882,2015-08-06,8585.8
1883,2015-08-07,8580.8
1884,2015-08-10,8577.0
1885,2015-08-11,8548.45
1886,2015-08-12,8445.7
1887,2015-08-13,8384.45
1888,2015-08-14,8402.35
1889,2015-08-17,8530.5
1890,2015-08-18,8505.85
1891,2015-08-19,8468.05
1892,2015-08-20,8471.05
1893,2015-08-21,8305.4
1894,2015-08-24,8055.95
1895,2015-08-25,7895.4
1896,2015-08-26,7865.25
1897,2015-08-27,7921.6
1898,2015-08-28,8053.7
1899,2015-08-31,8009.25
1900,2015-09-01,7907.95
1901,2015-09-02,7856.65
1902,2015-09-03,7774.45
1903,2015-09-04,7803.4
1904,2015-09-07,7685.85
1905,2015-09-08,7587.7
1906,2015-09-09,7805.85
1907,2015-09-10,7729.05
1908,2015-09-11,7833.8
1909,2015-09-14,7811.1
1910,2015-09-15,7867.35
1911,2015-09-16,7886.85
1912,2015-09-18,7967.45
1913,2015-09-21,7911.5
1914,2015-09-22,8014.8
1915,2015-09-23,7737.35
1916,2015-09-24,7838.4
1917,2015-09-28,7892.8
1918,2015-09-29,7725.7
1919,2015-09-30,7924.25
1920,2015-10-01,7992.05
1921,2015-10-05,8005.1
1922,2015-10-06,8180.45
1923,2015-10-07,8146.2
1924,2015-10-08,8196.75
1925,2015-10-09,8186.35
1926,2015-10-12,8231.5
1927,2015-10-13,8121.95
1928,2015-10-14,8102.4
1929,2015-10-15,8134.35
1930,2015-10-16,8193.65
1931,2015-10-19,8262.55
1932,2015-10-20,8280.3
1933,2015-10-21,8258.35
1934,2015-10-23,8308.25
1935,2015-10-26,8333.65
1936,2015-10-27,8230.35
1937,2015-10-28,8188.9
1938,2015-10-29,8175.45
1939,2015-10-30,8123.55
1940,2015-11-02,8054.55
1941,2015-11-03,8086.35
1942,2015-11-04,8104.9
1943,2015-11-05,8030.35
1944,2015-11-06,7956.55
1945,2015-11-09,7788.25
1946,2015-11-10,7877.6
1947,2015-11-11,7838.8
1948,2015-11-13,7762.45
1949,2015-11-16,7732.95
1950,2015-11-17,7848.75
1951,2015-11-18,7823.15
1952,2015-11-19,7788.5
1953,2015-11-20,7841.9
1954,2015-11-23,7869.5
1955,2015-11-24,7837.0
1956,2015-11-26,7837.15
1957,2015-11-27,7910.6
1958,2015-11-30,7936.25
1959,2015-12-01,7958.15
1960,2015-12-02,7976.7
1961,2015-12-03,7902.3
1962,2015-12-04,7817.6
1963,2015-12-07,7816.55
1964,2015-12-08,7738.5
1965,2015-12-09,7695.5
1966,2015-12-10,7643.3
1967,2015-12-11,7699.6
1968,2015-12-14,7558.2
1969,2015-12-15,7659.15
1970,2015-12-16,7725.25
1971,2015-12-17,7783.05
1972,2015-12-18,7828.9
1973,2015-12-21,7745.65
1974,2015-12-22,7829.4
1975,2015-12-23,7830.45
1976,2015-12-24,7888.75
1977,2015-12-28,7863.2
1978,2015-12-29,7929.2
1979,2015-12-30,7938.6
1980,2015-12-31,7897.8
1981,2016-01-01,7938.45
1982,2016-01-04,7924.55
1983,2016-01-05,7828.4
1984,2016-01-06,7788.05
1985,2016-01-07,7673.35
1986,2016-01-08,7611.65
1987,2016-01-11,7527.45
1988,2016-01-12,7587.2
1989,2016-01-13,7557.9
1990,2016-01-14,7467.4
1991,2016-01-15,7561.65
1992,2016-01-18,7420.35
1993,2016-01-19,7381.8
1994,2016-01-20,7357.0
1995,2016-01-21,7376.65
1996,2016-01-22,7355.7
1997,2016-01-25,7468.75
1998,2016-01-27,7469.6
1999,2016-01-28,7426.5
2000,2016-01-29,7413.35
2001,2016-02-01,7589.5
2002,2016-02-02,7566.65
2003,2016-02-03,7392.45
2004,2016-02-04,7411.45
2005,2016-02-05,7418.25
2006,2016-02-08,7489.7
2007,2016-02-09,7303.95
2008,2016-02-10,7264.3
2009,2016-02-11,7203.6
2010,2016-02-12,7023.65
2011,2016-02-15,7057.35
2012,2016-02-16,7201.25
2013,2016-02-17,7058.85
2014,2016-02-18,7177.4
2015,2016-02-19,7170.55
2016,2016-02-22,7208.85
2017,2016-02-23,7240.3
2018,2016-02-24,7075.0
2019,2016-02-25,7029.85
2020,2016-02-26,7039.3
2021,2016-02-29,7050.45
2022,2016-03-01,7038.25
2023,2016-03-02,7321.7
2024,2016-03-03,7429.55
2025,2016-03-04,7505.4
2026,2016-03-08,7486.4
2027,2016-03-09,7436.1
2028,2016-03-10,7545.35
2029,2016-03-11,7484.85
2030,2016-03-14,7542.6
2031,2016-03-15,7535.85
2032,2016-03-16,7457.05
2033,2016-03-17,7557.4
2034,2016-03-18,7534.65
2035,2016-03-21,7619.2
2036,2016-03-22,7695.55
2037,2016-03-23,7717.45
2038,2016-03-28,7741.0
2039,2016-03-29,7606.55
2040,2016-03-30,7651.1
2041,2016-03-31,7727.65
2042,2016-04-01,7718.05
2043,2016-04-04,7733.15
2044,2016-04-05,7736.3
2045,2016-04-06,7636.05
2046,2016-04-07,7630.4
2047,2016-04-08,7542.35
2048,2016-04-11,7577.8
2049,2016-04-12,7669.25
2050,2016-04-13,7777.15
2051,2016-04-18,7908.15
2052,2016-04-20,7950.05
2053,2016-04-21,7953.65
2054,2016-04-22,7891.8
2055,2016-04-25,7894.8
2056,2016-04-26,7828.15
2057,2016-04-27,7942.0
2058,2016-04-28,7967.4
2059,2016-04-29,7844.25
2060,2016-05-02,7822.7
2061,2016-05-03,7824.8
2062,2016-05-04,7724.15
2063,2016-05-05,7731.0
2064,2016-05-06,7717.65
2065,2016-05-09,7755.25
2066,2016-05-10,7873.55
2067,2016-05-11,7804.65
2068,2016-05-12,7871.45
2069,2016-05-13,7881.0
2070,2016-05-16,7831.2
2071,2016-05-17,7896.85
2072,2016-05-18,7846.75
2073,2016-05-19,7875.5
2074,2016-05-20,7792.2
2075,2016-05-23,7813.95
2076,2016-05-24,7738.05
2077,2016-05-25,7811.8
2078,2016-05-26,7974.45
2079,2016-05-27,8081.95
2080,2016-05-30,8166.5
2081,2016-05-31,8209.85
2082,2016-06-01,8179.2
2083,2016-06-02,8156.9
2084,2016-06-03,8246.2
2085,2016-06-06,8228.75
2086,2016-06-07,8235.55
2087,2016-06-08,8285.5
2088,2016-06-09,8273.35
2089,2016-06-10,8180.25
2090,2016-06-13,8102.25
2091,2016-06-14,8134.4
2092,2016-06-15,8139.4
2093,2016-06-16,8180.65
2094,2016-06-17,8176.65
2095,2016-06-20,8115.75
2096,2016-06-21,8255.4
2097,2016-06-22,8213.65
2098,2016-06-23,8201.15
2099,2016-06-24,8029.1
2100,2016-06-27,8039.35
2101,2016-06-28,8096.05
2102,2016-06-29,8173.1
2103,2016-06-30,8260.25
2104,2016-07-01,8313.05
2105,2016-07-04,8376.75
2106,2016-07-05,8379.3
2107,2016-07-07,8342.0
2108,2016-07-08,8350.0
2109,2016-07-11,8413.35
2110,2016-07-12,8502.6
2111,2016-07-13,8540.45
2112,2016-07-14,8515.75
2113,2016-07-15,8565.45
2114,2016-07-18,8564.05
2115,2016-07-19,8514.3
2116,2016-07-20,8515.45
2117,2016-07-21,8582.7
2118,2016-07-22,8519.65
2119,2016-07-25,8519.95
2120,2016-07-26,8633.75
2121,2016-07-27,8599.4
2122,2016-07-28,8636.95
2123,2016-07-29,8668.3
2124,2016-08-01,8654.3
2125,2016-08-02,8647.45
2126,2016-08-03,8635.2
2127,2016-08-04,8599.95
2128,2016-08-05,8600.2
2129,2016-08-08,8712.85
2130,2016-08-09,8727.8
2131,2016-08-10,8686.7
2132,2016-08-11,8572.8
2133,2016-08-12,8605.45
2134,2016-08-16,8670.25
2135,2016-08-17,8639.8
2136,2016-08-18,8648.85
2137,2016-08-19,8694.3
2138,2016-08-22,8667.0
2139,2016-08-23,8628.35
2140,2016-08-24,8648.5
2141,2016-08-25,8668.85
2142,2016-08-26,8614.35
2143,2016-08-29,8583.75
2144,2016-08-30,8646.75
2145,2016-08-31,8754.05
2146,2016-09-01,8793.6
2147,2016-09-02,8796.35
2148,2016-09-06,8852.7
2149,2016-09-07,8968.7
2150,2016-09-08,8915.5
2151,2016-09-09,8934.3
2152,2016-09-12,8732.95
2153,2016-09-14,8710.65
2154,2016-09-15,8743.85
2155,2016-09-16,8780.85
2156,2016-09-19,8788.45
2157,2016-09-20,8816.1
2158,2016-09-21,8790.3
2159,2016-09-22,8873.35
2160,2016-09-23,8880.75
2161,2016-09-26,8807.9
2162,2016-09-27,8748.9
2163,2016-09-28,8711.2
2164,2016-09-29,8792.7
2165,2016-09-30,8581.5
2166,2016-10-03,8666.15
2167,2016-10-04,8770.0
2168,2016-10-05,8806.35
2169,2016-10-06,8768.7
2170,2016-10-07,8721.7
2171,2016-10-10,8735.35
2172,2016-10-13,8671.5
2173,2016-10-14,8594.0
2174,2016-10-17,8612.95
2175,2016-10-18,8556.05
2176,2016-10-19,8697.5
2177,2016-10-20,8693.35
2178,2016-10-21,8708.6
2179,2016-10-24,8709.85
2180,2016-10-25,8721.7
2181,2016-10-26,8657.3
2182,2016-10-27,8607.1
2183,2016-10-28,8625.0
2184,2016-10-30,8672.35
2185,2016-11-01,8653.15
2186,2016-11-02,8542.8
2187,2016-11-03,8499.85
2188,2016-11-04,8503.6
2189,2016-11-07,8535.75
2190,2016-11-08,8540.0
2191,2016-11-09,8067.5
2192,2016-11-10,8555.6
2193,2016-11-11,8456.65
2194,2016-11-15,8284.85
2195,2016-11-16,8205.65
2196,2016-11-17,8105.1
2197,2016-11-18,8097.55
2198,2016-11-21,8102.1
2199,2016-11-22,7989.15
2200,2016-11-23,8051.2
2201,2016-11-24,8011.8
2202,2016-11-25,8007.95
2203,2016-11-28,8080.65
2204,2016-11-29,8131.55
2205,2016-11-30,8172.15
2206,2016-12-01,8244.0
2207,2016-12-02,8153.55
2208,2016-12-05,8088.75
2209,2016-12-06,8153.15
2210,2016-12-07,8168.4
2211,2016-12-08,8152.1
2212,2016-12-09,8271.7
2213,2016-12-12,8230.65
2214,2016-12-13,8196.15
2215,2016-12-14,8229.35
2216,2016-12-15,8128.4
2217,2016-12-16,8178.2
2218,2016-12-19,8126.0
2219,2016-12-20,8110.6
2220,2016-12-21,8105.85
2221,2016-12-22,8043.85
2222,2016-12-23,7972.5
2223,2016-12-26,7965.1
2224,2016-12-27,7915.05
2225,2016-12-28,8047.55
2226,2016-12-29,8030.6
2227,2016-12-30,8119.65
2228,2017-01-02,8210.1
2229,2017-01-03,8196.05
2230,2017-01-04,8202.65
2231,2017-01-05,8226.65
2232,2017-01-06,8281.85
2233,2017-01-09,8259.35
2234,2017-01-10,8262.7
2235,2017-01-11,8327.8
2236,2017-01-12,8391.05
2237,2017-01-13,8457.65
2238,2017-01-16,8390.95
2239,2017-01-17,8415.05
2240,2017-01-18,8403.85
2241,2017-01-19,8418.4
2242,2017-01-20,8404.35
2243,2017-01-23,8329.6
2244,2017-01-24,8407.05
2245,2017-01-25,8499.45
2246,2017-01-27,8610.5
2247,2017-01-30,8635.55
2248,2017-01-31,8629.45
2249,2017-02-01,8570.35
2250,2017-02-02,8724.75
2251,2017-02-03,8735.15
2252,2017-02-06,8785.45
2253,2017-02-07,8805.7
2254,2017-02-08,8774.55
2255,2017-02-09,8795.55
2256,2017-02-10,8812.35
2257,2017-02-13,8819.8
2258,2017-02-14,8819.9
2259,2017-02-15,8778.95
2260,2017-02-16,8739.0
2261,2017-02-17,8883.7
2262,2017-02-20,8818.55
2263,2017-02-21,8890.75
2264,2017-02-22,8931.6
2265,2017-02-23,8956.4
2266,2017-02-27,8943.7
2267,2017-02-28,8898.95
2268,2017-03-01,8904.4
2269,2017-03-02,8982.85
2270,2017-03-03,8883.5
2271,2017-03-06,8915.1
2272,2017-03-07,8977.75
2273,2017-03-08,8950.7
2274,2017-03-09,8914.5
2275,2017-03-10,8953.7
2276,2017-03-14,9091.65
2277,2017-03-15,9086.85
2278,2017-03-16,9129.65
2279,2017-03-17,9207.8
2280,2017-03-20,9166.95
2281,2017-03-21,9133.95
2282,2017-03-22,9047.2
2283,2017-03-23,9048.75
2284,2017-03-24,9104.0
2285,2017-03-27,9093.45
2286,2017-03-28,9081.5
2287,2017-03-29,9128.7
2288,2017-03-30,9142.6
2289,2017-03-31,9158.9
2290,2017-04-03,9220.6
2291,2017-04-05,9264.4
2292,2017-04-06,9245.8
2293,2017-04-07,9223.7
2294,2017-04-10,9225.6
2295,2017-04-11,9184.55
2296,2017-04-12,9242.5
2297,2017-04-13,9202.5
2298,2017-04-17,9144.75
2299,2017-04-18,9163.0
2300,2017-04-19,9112.2
2301,2017-04-20,9108.1
2302,2017-04-21,9179.1
2303,2017-04-24,9135.35
2304,2017-04-25,9273.05
2305,2017-04-26,9336.2
2306,2017-04-27,9359.15
2307,2017-04-28,9340.95
2308,2017-05-02,9339.85
2309,2017-05-03,9344.7
2310,2017-05-04,9360.95
2311,2017-05-05,9374.55
2312,2017-05-08,9311.45
2313,2017-05-09,9337.35
2314,2017-05-10,9339.65
2315,2017-05-11,9448.6
2316,2017-05-12,9436.65
2317,2017-05-15,9433.55
2318,2017-05-16,9461.0
2319,2017-05-17,9517.6
2320,2017-05-18,9453.2
2321,2017-05-19,9469.9
2322,2017-05-22,9480.25
2323,2017-05-23,9445.05
2324,2017-05-24,9410.9
2325,2017-05-25,9384.05
2326,2017-05-26,9507.75
2327,2017-05-29,9560.05
2328,2017-05-30,9590.65
2329,2017-05-31,9636.55
2330,2017-06-01,9603.55
2331,2017-06-02,9657.15
2332,2017-06-05,9656.3
2333,2017-06-06,9704.25
2334,2017-06-07,9663.95
2335,2017-06-08,9682.4
2336,2017-06-09,9638.55
2337,2017-06-12,9646.7
2338,2017-06-13,9615.55
2339,2017-06-14,9621.55
2340,2017-06-15,9617.9
2341,2017-06-16,9595.45
2342,2017-06-19,9626.4
2343,2017-06-20,9670.5
2344,2017-06-21,9648.1
2345,2017-06-22,9642.65
2346,2017-06-23,9643.25
2347,2017-06-27,9594.05
2348,2017-06-28,9520.2
2349,2017-06-29,9522.95
2350,2017-06-30,9478.5
2351,2017-07-03,9587.95
2352,2017-07-04,9645.9
2353,2017-07-05,9619.75
2354,2017-07-06,9653.6
2355,2017-07-07,9670.35
2356,2017-07-10,9719.3
2357,2017-07-11,9797.45
2358,2017-07-12,9807.3
2359,2017-07-13,9855.8
2360,2017-07-14,9913.3
2361,2017-07-17,9908.15
2362,2017-07-18,9832.7
2363,2017-07-19,9855.95
2364,2017-07-20,9920.2
2365,2017-07-21,9899.6
2366,2017-07-24,9936.8
2367,2017-07-25,10010.55
2368,2017-07-26,9983.65
2369,2017-07-27,10063.25
2370,2017-07-28,9996.55
2371,2017-07-31,10034.7
2372,2017-08-01,10101.05
2373,2017-08-02,10136.3
2374,2017-08-03,10081.15
2375,2017-08-04,10008.6
2376,2017-08-07,10074.8
2377,2017-08-08,10068.35
2378,2017-08-09,9961.15
2379,2017-08-10,9872.85
2380,2017-08-11,9712.15
2381,2017-08-14,9755.75
2382,2017-08-16,9825.85
2383,2017-08-17,9945.55
2384,2017-08-18,9865.95
2385,2017-08-21,9864.25
2386,2017-08-22,9815.75
2387,2017-08-23,9803.05
2388,2017-08-24,9881.2
2389,2017-08-28,9907.15
2390,2017-08-29,9886.4
2391,2017-08-30,9859.5
2392,2017-08-31,9905.7
2393,2017-09-01,9937.65
2394,2017-09-04,9984.15
2395,2017-09-05,9933.25
2396,2017-09-06,9899.25
2397,2017-09-07,9945.85
2398,2017-09-08,9958.65
2399,2017-09-11,9971.75
2400,2017-09-12,10056.85
2401,2017-09-13,10099.25
2402,2017-09-14,10107.4
2403,2017-09-15,10062.35
2404,2017-09-18,10133.1
2405,2017-09-19,10175.6
2406,2017-09-20,10160.95
2407,2017-09-21,10139.6
2408,2017-09-22,10094.35
2409,2017-09-25,9960.1
2410,2017-09-26,9875.25
2411,2017-09-27,9920.6
2412,2017-09-28,9736.4
2413,2017-09-29,9814.3
2414,2017-10-03,9893.3
2415,2017-10-04,9884.35
2416,2017-10-05,9927.0
2417,2017-10-06,9908.15
2418,2017-10-09,9988.2
2419,2017-10-10,10013.7
2420,2017-10-11,10042.6
2421,2017-10-12,10011.2
2422,2017-10-13,10123.7
2423,2017-10-16,10207.4
2424,2017-10-17,10227.65
2425,2017-10-18,10209.4
2426,2017-10-19,10210.35
2427,2017-10-23,10176.65
2428,2017-10-24,10218.55
2429,2017-10-25,10321.15
2430,2017-10-26,10291.8
2431,2017-10-27,10362.3
2432,2017-10-30,10353.85
2433,2017-10-31,10364.9
2434,2017-11-01,10390.35
2435,2017-11-02,10440.5
2436,2017-11-03,10461.55
2437,2017-11-06,10431.75
2438,2017-11-07,10477.15
2439,2017-11-08,10361.95
2440,2017-11-09,10358.65
2441,2017-11-10,10304.35
2442,2017-11-13,10322.0
2443,2017-11-14,10223.4
2444,2017-11-15,10171.95
2445,2017-11-16,10152.9
2446,2017-11-17,10324.55
2447,2017-11-20,10287.2
2448,2017-11-21,10329.25
2449,2017-11-22,10350.8
2450,2017-11-23,10358.45
2451,2017-11-24,10366.8
2452,2017-11-27,10361.05
2453,2017-11-28,10387.9
2454,2017-11-29,10376.65
2455,2017-11-30,10332.7
2456,2017-12-01,10263.7
2457,2017-12-04,10175.05
2458,2017-12-05,10118.25
2459,2017-12-06,10088.8
2460,2017-12-07,10063.45
2461,2017-12-08,10198.45
2462,2017-12-11,10310.5
2463,2017-12-12,10324.9
2464,2017-12-13,10236.6
2465,2017-12-14,10229.3
2466,2017-12-15,10345.65
2467,2017-12-18,10263.1
2468,2017-12-19,10414.8
2469,2017-12-20,10494.4
2470,2017-12-21,10473.95
2471,2017-12-22,10457.3
2472,2017-12-26,10512.3
2473,2017-12-27,10531.05
2474,2017-12-28,10498.2
2475,2017-12-29,10492.35
2476,2018-01-01,10531.7
2477,2018-01-02,10477.55
2478,2018-01-03,10482.65
2479,2018-01-04,10469.4
2480,2018-01-05,10534.25
2481,2018-01-08,10591.7
2482,2018-01-09,10645.1
2483,2018-01-10,10652.05
2484,2018-01-11,10637.05
2485,2018-01-12,10682.55
2486,2018-01-15,10718.5
2487,2018-01-16,10761.5
2488,2018-01-17,10702.45
2489,2018-01-18,10873.4
2490,2018-01-19,10829.2
2491,2018-01-22,10883.2
2492,2018-01-23,10997.4
2493,2018-01-24,11069.35
2494,2018-01-25,11095.6
2495,2018-01-29,11079.35
2496,2018-01-30,11120.85
2497,2018-01-31,11018.8
2498,2018-02-01,11044.55
2499,2018-02-02,10938.2
2500,2018-02-05,10604.3
2501,2018-02-06,10295.15
2502,2018-02-07,10607.2
2503,2018-02-08,10518.5
2504,2018-02-09,10416.5
2505,2018-02-12,10518.2
2506,2018-02-14,10585.75
2507,2018-02-15,10537.9
2508,2018-02-16,10596.2
2509,2018-02-19,10488.9
2510,2018-02-20,10391.0
2511,2018-02-21,10426.0
2512,2018-02-22,10354.35
2513,2018-02-23,10408.1
2514,2018-02-26,10526.55
2515,2018-02-27,10615.2
2516,2018-02-28,10488.95
2517,2018-03-01,10479.95
2518,2018-03-05,10428.3
2519,2018-03-06,10420.5
2520,2018-03-07,10232.95
2521,2018-03-08,10216.25
2522,2018-03-09,10271.3
2523,2018-03-12,10301.6
2524,2018-03-13,10389.5
2525,2018-03-14,10393.05
2526,2018-03-15,10405.45
2527,2018-03-16,10345.15
2528,2018-03-19,10215.35
2529,2018-03-20,10051.55
2530,2018-03-21,10181.95
2531,2018-03-22,10167.5
2532,2018-03-23,9968.8
2533,2018-03-26,9989.15
2534,2018-03-27,10188.0
2535,2018-03-28,10143.6
2536,2018-04-02,10151.65
2537,2018-04-03,10186.85
2538,2018-04-04,10274.6
2539,2018-04-05,10228.45
2540,2018-04-06,10322.75
2541,2018-04-09,10333.7
2542,2018-04-10,10412.9
2543,2018-04-11,10428.15
2544,2018-04-12,10410.65
2545,2018-04-13,10495.3
2546,2018-04-16,10398.3
2547,2018-04-17,10557.3
2548,2018-04-18,10578.9
2549,2018-04-19,10563.65
2550,2018-04-20,10560.35
2551,2018-04-23,10592.8
2552,2018-04-24,10578.1
2553,2018-04-25,10612.4
2554,2018-04-26,10586.5
2555,2018-04-27,10651.65
2556,2018-04-30,10705.75
2557,2018-05-02,10783.85
2558,2018-05-03,10720.15
2559,2018-05-04,10700.45
2560,2018-05-07,10653.15
2561,2018-05-08,10757.9
2562,2018-05-09,10693.35
2563,2018-05-10,10779.65
2564,2018-05-11,10741.95
2565,2018-05-14,10815.15
2566,2018-05-15,10812.6
2567,2018-05-16,10751.95
2568,2018-05-17,10775.6
2569,2018-05-18,10671.85
2570,2018-05-21,10616.7
2571,2018-05-22,10518.45
2572,2018-05-23,10521.1
2573,2018-05-24,10464.85
2574,2018-05-25,10533.05
2575,2018-05-28,10648.35
2576,2018-05-29,10689.4
2577,2018-05-30,10579.0
2578,2018-05-31,10670.1
2579,2018-06-01,10738.45
2580,2018-06-04,10765.95
2581,2018-06-05,10630.7
2582,2018-06-06,10603.45
2583,2018-06-07,10722.6
2584,2018-06-08,10736.4
2585,2018-06-11,10781.85
2586,2018-06-12,10816.15
2587,2018-06-13,10887.5
2588,2018-06-14,10832.9
2589,2018-06-15,10808.65
2590,2018-06-18,10830.2
2591,2018-06-19,10789.45
2592,2018-06-20,10734.65
2593,2018-06-21,10808.45
2594,2018-06-22,10742.7
2595,2018-06-25,10822.9
2596,2018-06-26,10742.7
2597,2018-06-27,10785.5
2598,2018-06-28,10660.8
2599,2018-06-29,10612.85
2600,2018-07-02,10732.35
2601,2018-07-03,10668.6
2602,2018-07-04,10715.0
2603,2018-07-05,10786.05
2604,2018-07-06,10744.15
2605,2018-07-09,10838.3
2606,2018-07-10,10902.75
2607,2018-07-11,10956.4
2608,2018-07-12,11006.95
2609,2018-07-13,11056.9
2610,2018-07-16,11018.95
2611,2018-07-17,10939.65
2612,2018-07-18,11060.2
2613,2018-07-19,10999.5
2614,2018-07-20,10963.5
2615,2018-07-23,11019.85
2616,2018-07-24,11109.0
2617,2018-07-25,11148.4
2618,2018-07-26,11132.95
2619,2018-07-27,11232.75
2620,2018-07-30,11296.65
2621,2018-07-31,11311.05
2622,2018-08-01,11359.8
2623,2018-08-02,11328.9
2624,2018-08-03,11297.8
2625,2018-08-06,11401.5
2626,2018-08-07,11423.15
2627,2018-08-08,11412.5
2628,2018-08-09,11493.25
2629,2018-08-10,11474.95
2630,2018-08-13,11369.6
2631,2018-08-14,11381.7
2632,2018-08-16,11397.15
2633,2018-08-17,11437.15
2634,2018-08-20,11502.1
2635,2018-08-21,11576.2
2636,2018-08-23,11620.7
2637,2018-08-24,11566.6
2638,2018-08-27,11605.85
2639,2018-08-28,11731.95
2640,2018-08-29,11744.95
2641,2018-08-30,11694.75
2642,2018-08-31,11675.85
2643,2018-09-03,11751.8
2644,2018-09-04,11598.75
2645,2018-09-05,11514.85
2646,2018-09-06,11514.15
2647,2018-09-07,11558.25
2648,2018-09-10,11570.25
2649,2018-09-11,11476.85
2650,2018-09-12,11340.1
2651,2018-09-14,11443.5
2652,2018-09-17,11464.95
2653,2018-09-18,11381.55
2654,2018-09-19,11326.65
2655,2018-09-21,11271.3
2656,2018-09-24,11164.4
2657,2018-09-25,10969.95
2658,2018-09-26,11145.55
2659,2018-09-27,11079.8
2660,2018-09-28,11008.1
2661,2018-10-01,10930.9
2662,2018-10-03,10982.7
2663,2018-10-04,10754.7
2664,2018-10-05,10514.1
2665,2018-10-08,10310.15
2666,2018-10-09,10390.3
2667,2018-10-10,10331.85
2668,2018-10-11,10169.8
2669,2018-10-12,10331.55
2670,2018-10-15,10524.2
2671,2018-10-16,10550.15
2672,2018-10-17,10688.7
2673,2018-10-19,10339.7
2674,2018-10-22,10405.85
2675,2018-10-23,10152.6
2676,2018-10-24,10278.15
2677,2018-10-25,10135.05
2678,2018-10-26,10122.35
2679,2018-10-29,10078.1
2680,2018-10-30,10239.4
2681,2018-10-31,10209.55
2682,2018-11-01,10441.7
2683,2018-11-02,10462.3
2684,2018-11-05,10558.75
2685,2018-11-06,10552.0
2686,2018-11-07,10614.45
2687,2018-11-09,10614.7
2688,2018-11-12,10607.8
2689,2018-11-13,10451.9
2690,2018-11-14,10634.9
2691,2018-11-15,10580.6
2692,2018-11-16,10644.0
2693,2018-11-19,10731.25
2694,2018-11-20,10740.1
2695,2018-11-21,10670.95
2696,2018-11-22,10612.65
2697,2018-11-26,10568.3
2698,2018-11-27,10621.45
2699,2018-11-28,10708.75
2700,2018-11-29,10808.7
2701,2018-11-30,10892.1
2702,2018-12-03,10930.7
2703,2018-12-04,10877.1
2704,2018-12-05,10820.45
2705,2018-12-06,10718.15
2706,2018-12-07,10644.8
2707,2018-12-10,10508.7
2708,2018-12-11,10350.05
2709,2018-12-12,10591.0
2710,2018-12-13,10810.75
2711,2018-12-14,10784.5
2712,2018-12-17,10853.2
2713,2018-12-18,10850.9
2714,2018-12-19,10930.55
2715,2018-12-20,10885.2
2716,2018-12-21,10944.25
2717,2018-12-24,10780.9
2718,2018-12-26,10635.45
2719,2018-12-27,10817.9
2720,2018-12-28,10820.95
2721,2018-12-31,10913.2
2722,2019-01-01,10881.7
2723,2019-01-02,10868.85
2724,2019-01-03,10796.8
2725,2019-01-04,10699.7
2726,2019-01-07,10804.85
2727,2019-01-08,10786.25
2728,2019-01-09,10862.4
2729,2019-01-10,10859.35
2730,2019-01-11,10834.75
2731,2019-01-14,10807.0
2732,2019-01-15,10777.55
2733,2019-01-16,10899.65
2734,2019-01-17,10920.85
2735,2019-01-18,10914.85
2736,2019-01-21,10919.35
2737,2019-01-22,10949.8
2738,2019-01-23,10931.05
2739,2019-01-24,10844.05
2740,2019-01-25,10859.75
2741,2019-01-28,10792.45
2742,2019-01-29,10653.7
2743,2019-01-30,10702.25
2744,2019-01-31,10690.55
2745,2019-02-01,10851.35
2746,2019-02-04,10876.75
2747,2019-02-05,10908.65
2748,2019-02-06,10965.1
2749,2019-02-07,11070.45
2750,2019-02-08,11023.5
2751,2019-02-11,10930.9
2752,2019-02-12,10879.7
2753,2019-02-13,10870.55
2754,2019-02-14,10786.1
2755,2019-02-15,10780.25
2756,2019-02-18,10738.65
2757,2019-02-19,10636.7
2758,2019-02-20,10655.45
2759,2019-02-21,10744.1
2760,2019-02-22,10782.7
2761,2019-02-25,10813.25
2762,2019-02-26,10775.3
2763,2019-02-27,10881.2
2764,2019-02-28,10865.7
2765,2019-03-01,10842.65
2766,2019-03-05,10864.85
2767,2019-03-06,11024.85
2768,2019-03-07,11077.95
2769,2019-03-08,11038.85
2770,2019-03-11,11068.75
2771,2019-03-12,11231.35
2772,2019-03-13,11326.2
2773,2019-03-14,11382.5
2774,2019-03-15,11376.85
2775,2019-03-18,11473.85
2776,2019-03-19,11500.3
2777,2019-03-20,11553.35
2778,2019-03-22,11549.2
2779,2019-03-25,11395.65
2780,2019-03-26,11375.2
2781,2019-03-27,11531.45
2782,2019-03-28,11463.65
2783,2019-03-29,11625.45
2784,2019-04-01,11665.2
2785,2019-04-02,11711.55
2786,2019-04-03,11735.3
2787,2019-04-04,11660.2
2788,2019-04-05,11638.4
2789,2019-04-08,11704.35
2790,2019-04-09,11612.05
2791,2019-04-10,11646.85
2792,2019-04-11,11592.55
2793,2019-04-12,11612.85
2794,2019-04-15,11667.0
2795,2019-04-16,11736.2
2796,2019-04-18,11856.15
2797,2019-04-22,11727.05
2798,2019-04-23,11612.95
2799,2019-04-24,11601.5
2800,2019-04-25,11735.7
2801,2019-04-26,11683.75
2802,2019-04-30,11748.75
2803,2019-05-02,11725.55
2804,2019-05-03,11722.6
2805,2019-05-06,11605.8
2806,2019-05-07,11651.5
2807,2019-05-08,11478.7
2808,2019-05-09,11322.4
2809,2019-05-10,11314.15
2810,2019-05-13,11258.7
2811,2019-05-14,11151.65
2812,2019-05-15,11271.7
2813,2019-05-16,11180.35
2814,2019-05-17,11261.9
2815,2019-05-20,11651.9
2816,2019-05-21,11863.65
2817,2019-05-22,11727.95
2818,2019-05-23,11901.3
2819,2019-05-24,11748.0
2820,2019-05-27,11855.5
2821,2019-05-28,11958.35
2822,2019-05-29,11905.8
2823,2019-05-30,11865.3
2824,2019-05-31,11999.8
2825,2019-06-03,11953.75
2826,2019-06-04,12052.65
2827,2019-06-06,12039.8
2828,2019-06-07,11865.2
2829,2019-06-10,11934.9
2830,2019-06-11,11959.85
2831,2019-06-12,11962.45
2832,2019-06-13,11873.9
2833,2019-06-14,11910.1
2834,2019-06-17,11844.0
2835,2019-06-18,11677.05
2836,2019-06-19,11744.45
2837,2019-06-20,11653.65
2838,2019-06-21,11827.6
2839,2019-06-24,11725.8
2840,2019-06-25,11681.0
2841,2019-06-26,11768.15
2842,2019-06-27,11860.85
2843,2019-06-28,11861.15
2844,2019-07-01,11839.9
2845,2019-07-02,11890.3
2846,2019-07-03,11932.15
2847,2019-07-04,11928.8
2848,2019-07-05,11964.75
2849,2019-07-08,11770.4
2850,2019-07-09,11531.6
2851,2019-07-10,11536.15
2852,2019-07-11,11561.45
2853,2019-07-12,11601.15
2854,2019-07-15,11614.75
2855,2019-07-16,11596.65
2856,2019-07-17,11670.75
2857,2019-07-18,11675.6
2858,2019-07-19,11627.95
2859,2019-07-22,11392.85
2860,2019-07-23,11372.25
2861,2019-07-24,11322.45
2862,2019-07-25,11290.4
2863,2019-07-26,11247.45
2864,2019-07-29,11307.5
2865,2019-07-30,11213.7
2866,2019-07-31,11034.05
2867,2019-08-01,11060.2
2868,2019-08-02,10930.3
2869,2019-08-05,10895.8
2870,2019-08-06,10815.4
2871,2019-08-07,10958.1
2872,2019-08-08,10899.2
2873,2019-08-09,11087.9
2874,2019-08-13,11139.4
2875,2019-08-14,11003.25
2876,2019-08-16,11043.65
2877,2019-08-19,11094.8
2878,2019-08-20,11063.9
2879,2019-08-21,11018.15
2880,2019-08-22,10905.3
2881,2019-08-23,10699.6
2882,2019-08-26,11000.3
2883,2019-08-27,11106.55
2884,2019-08-28,11101.3
2885,2019-08-29,10996.05
2886,2019-08-30,10987.8
2887,2019-09-03,10960.95
2888,2019-09-04,10790.4
2889,2019-09-05,10860.95
2890,2019-09-06,10883.8
2891,2019-09-09,10936.7
2892,2019-09-11,11028.5
2893,2019-09-12,11058.3
2894,2019-09-13,10986.8
2895,2019-09-16,10994.85
2896,2019-09-17,11000.1
2897,2019-09-18,10872.8
2898,2019-09-19,10845.2
2899,2019-09-20,10746.8
2900,2019-09-23,11542.7
2901,2019-09-24,11590.7
2902,2019-09-25,11564.85
2903,2019-09-26,11469.85
2904,2019-09-27,11556.35
2905,2019-09-30,11491.15
2906,2019-10-01,11515.4
2907,2019-10-03,11322.25
2908,2019-10-04,11388.45
2909,2019-10-07,11196.2
2910,2019-10-09,11152.95
2911,2019-10-10,11280.5
2912,2019-10-11,11257.7
2913,2019-10-14,11335.9
2914,2019-10-15,11360.85
2915,2019-10-16,11464.95
2916,2019-10-17,11466.3
2917,2019-10-18,11580.3
2918,2019-10-22,11657.15
2919,2019-10-23,11596.2
2920,2019-10-24,11661.65
2921,2019-10-25,11646.15
2922,2019-10-27,11662.25
2923,2019-10-29,11643.95
2924,2019-10-30,11883.9
2925,2019-10-31,11890.45
2926,2019-11-01,11886.6
2927,2019-11-04,11928.9
2928,2019-11-05,11974.6
2929,2019-11-06,11911.5
2930,2019-11-07,12021.1
2931,2019-11-08,11987.15
2932,2019-11-11,11879.2
2933,2019-11-13,11908.3
2934,2019-11-14,11858.75
2935,2019-11-15,11904.2
2936,2019-11-18,11915.15
2937,2019-11-19,11919.45
2938,2019-11-20,12004.75
2939,2019-11-21,12025.65
2940,2019-11-22,11967.3
2941,2019-11-25,11922.45
2942,2019-11-26,12110.2
2943,2019-11-27,12068.5
2944,2019-11-28,12132.1
2945,2019-11-29,12146.2
2946,2019-12-02,12137.05
2947,2019-12-03,12067.65
2948,2019-12-04,11969.95
2949,2019-12-05,12071.25
2950,2019-12-06,12047.35
2951,2019-12-09,11939.1
2952,2019-12-10,11950.5
2953,2019-12-11,11867.35
2954,2019-12-12,11944.3
2955,2019-12-13,12026.4
2956,2019-12-16,12131.35
2957,2019-12-17,12082.45
2958,2019-12-18,12197.0
2959,2019-12-19,12223.4
2960,2019-12-20,12266.45
2961,2019-12-23,12235.45
2962,2019-12-24,12269.25
2963,2019-12-26,12211.85
2964,2019-12-27,12172.9
2965,2019-12-30,12274.9
2966,2019-12-31,12247.1
2967,2020-01-01,12202.15
2968,2020-01-02,12198.55
2969,2020-01-03,12261.1
2970,2020-01-06,12170.6
2971,2020-01-07,12079.1
2972,2020-01-08,11939.1
2973,2020-01-09,12153.15
2974,2020-01-10,12271.0
2975,2020-01-13,12296.7
2976,2020-01-14,12333.1
2977,2020-01-15,12349.4
2978,2020-01-16,12347.1
2979,2020-01-17,12328.4
2980,2020-01-20,12430.5
2981,2020-01-21,12195.3
2982,2020-01-22,12218.35
2983,2020-01-23,12123.75
2984,2020-01-24,12174.55
2985,2020-01-27,12197.1
2986,2020-01-28,12148.1
2987,2020-01-29,12114.9
2988,2020-01-30,12147.75
2989,2020-01-31,12100.4
2990,2020-02-01,11939.0
2991,2020-02-03,11627.45
2992,2020-02-04,11786.25
2993,2020-02-05,12005.85
2994,2020-02-06,12120.0
2995,2020-02-07,12151.15
2996,2020-02-10,12102.35
2997,2020-02-11,12108.4
2998,2020-02-12,12151.0
2999,2020-02-13,12219.55
3000,2020-02-14,12190.15
3001,2020-02-17,12131.8
3002,2020-02-18,12028.25
3003,2020-02-19,12090.6
3004,2020-02-20,12119.0
3005,2020-02-24,12012.55
3006,2020-02-25,11877.5
3007,2020-02-26,11738.55
3008,2020-02-27,11661.25
3009,2020-02-28,11382.0
3010,2020-03-02,11387.35
3011,2020-03-03,11217.55
3012,2020-03-04,11351.35
3013,2020-03-05,11306.05
3014,2020-03-06,10942.65
3015,2020-03-09,10742.05
3016,2020-03-11,10334.3
3017,2020-03-12,10039.95
3018,2020-03-13,9107.6
3019,2020-03-16,9587.8
3020,2020-03-17,9285.4
3021,2020-03-18,9088.45
3022,2020-03-19,8063.3
3023,2020-03-20,8284.45
3024,2020-03-23,7945.7
3025,2020-03-24,7848.3
3026,2020-03-25,7735.15
3027,2020-03-26,8451.0
3028,2020-03-27,8949.1
3029,2020-03-30,8385.95
3030,2020-03-31,8529.35
3031,2020-04-01,8584.1
3032,2020-04-03,8356.55
3033,2020-04-07,8446.3
3034,2020-04-08,8688.9
3035,2020-04-09,8973.05
3036,2020-04-13,9103.95
3037,2020-04-15,9196.4
3038,2020-04-16,8851.25
3039,2020-04-17,9323.45
3040,2020-04-20,9390.2
3041,2020-04-21,9016.95
3042,2020-04-22,9026.75
3043,2020-04-23,9232.35
3044,2020-04-24,9163.9
3045,2020-04-27,9259.7
3046,2020-04-28,9389.8
3047,2020-04-29,9408.6
3048,2020-04-30,9753.5
3049,2020-05-04,9533.5
3050,2020-05-05,9429.4
3051,2020-05-06,9226.8
3052,2020-05-07,9234.05
3053,2020-05-08,9376.95
3054,2020-05-11,9348.15
3055,2020-05-12,9168.85
3056,2020-05-13,9584.2
3057,2020-05-14,9213.95
3058,2020-05-15,9182.4
3059,2020-05-18,9158.3
3060,2020-05-19,8961.7
3061,2020-05-20,8889.15
3062,2020-05-21,9079.45
3063,2020-05-22,9067.9
3064,2020-05-26,9099.75
3065,2020-05-27,9082.2
3066,2020-05-28,9364.95
3067,2020-05-29,9422.2
3068,2020-06-01,9726.85
3069,2020-06-02,9880.85
3070,2020-06-03,10108.3
3071,2020-06-04,10054.25
3072,2020-06-05,10093.8
3073,2020-06-08,10326.75
3074,2020-06-09,10181.15
3075,2020-06-10,10072.6
3076,2020-06-11,10094.1
3077,2020-06-12,9544.95
3078,2020-06-15,9919.35
3079,2020-06-16,10014.8
3080,2020-06-17,9876.7
3081,2020-06-18,9863.25
3082,2020-06-19,10119.0
3083,2020-06-22,10318.75
3084,2020-06-23,10347.95
3085,2020-06-24,10529.25
3086,2020-06-25,10235.55
3087,2020-06-26,10378.9
3088,2020-06-29,10311.95
3089,2020-06-30,10382.6
3090,2020-07-01,10323.8
3091,2020-07-02,10493.05
3092,2020-07-03,10614.95
3093,2020-07-06,10723.85
3094,2020-07-07,10802.85
3095,2020-07-08,10818.65
3096,2020-07-09,10755.55
3097,2020-07-10,10764.1
3098,2020-07-13,10851.85
3099,2020-07-14,10750.85
3100,2020-07-15,10701.0
3101,2020-07-16,10706.2
3102,2020-07-17,10752.0
3103,2020-07-20,10999.45
3104,2020-07-21,11126.1
3105,2020-07-22,11231.2
3106,2020-07-23,11135.0
3107,2020-07-24,11149.95
3108,2020-07-27,11225.0
3109,2020-07-28,11154.1
3110,2020-07-29,11276.9
3111,2020-07-30,11254.3
3112,2020-07-31,11139.5
3113,2020-08-03,11057.55
3114,2020-08-04,10946.65
3115,2020-08-05,11155.75
3116,2020-08-06,11185.7
3117,2020-08-07,11186.65
3118,2020-08-10,11270.25
3119,2020-08-11,11322.25
3120,2020-08-12,11289.0
3121,2020-08-13,11334.85
3122,2020-08-14,11353.3
3123,2020-08-17,11248.9
3124,2020-08-18,11259.8
3125,2020-08-19,11452.15
3126,2020-08-20,11317.45
3127,2020-08-21,11409.65
3128,2020-08-24,11412.0
3129,2020-08-25,11513.1
3130,2020-08-26,11512.85
3131,2020-08-27,11609.3
3132,2020-08-28,11602.95
3133,2020-08-31,11777.55
3134,2020-09-01,11464.3
3135,2020-09-02,11478.55
3136,2020-09-03,11566.2
3137,2020-09-04,11354.4
3138,2020-09-07,11359.6
3139,2020-09-08,11378.55
3140,2020-09-09,11218.6
3141,2020-09-10,11363.3
3142,2020-09-11,11447.8
3143,2020-09-14,11540.15
3144,2020-09-15,11487.2
3145,2020-09-16,11538.45
3146,2020-09-17,11539.4
3147,2020-09-18,11584.1
3148,2020-09-21,11503.8
3149,2020-09-22,11301.75
3150,2020-09-23,11258.75
3151,2020-09-24,11011.0
3152,2020-09-25,10910.4
3153,2020-09-28,11140.85
3154,2020-09-29,11288.6
3155,2020-09-30,11244.45
3156,2020-10-01,11364.45
