,Date,NIFTY PSU BANK
0,2008-01-01,3309.56
1,2008-01-02,3427.25
2,2008-01-03,3412.19
3,2008-01-04,3396.53
4,2008-01-07,3396.14
5,2008-01-08,3395.16
6,2008-01-09,3389.57
7,2008-01-10,3312.14
8,2008-01-11,3333.26
9,2008-01-14,3396.37
10,2008-01-15,3363.26
11,2008-01-16,3345.7
12,2008-01-17,3354.69
13,2008-01-18,3207.26
14,2008-01-21,2924.13
15,2008-01-22,2771.48
16,2008-01-23,3045.13
17,2008-01-24,3027.73
18,2008-01-25,3165.79
19,2008-01-28,3238.49
20,2008-01-29,3112.6
21,2008-01-30,3074.5
22,2008-01-31,2990.36
23,2008-02-01,3030.78
24,2008-02-04,3180.74
25,2008-02-05,3144.6
26,2008-02-06,3071.49
27,2008-02-07,3011.43
28,2008-02-08,3022.93
29,2008-02-11,2866.75
30,2008-02-12,2844.36
31,2008-02-13,2923.41
32,2008-02-14,3053.37
33,2008-02-15,3144.5
34,2008-02-18,3120.96
35,2008-02-19,3114.16
36,2008-02-20,3047.79
37,2008-02-21,2977.85
38,2008-02-22,2914.65
39,2008-02-25,2918.17
40,2008-02-26,2932.39
41,2008-02-27,2906.81
42,2008-02-28,2842.2
43,2008-02-29,2926.96
44,2008-03-03,2686.94
45,2008-03-04,2603.32
46,2008-03-05,2532.66
47,2008-03-07,2471.46
48,2008-03-10,2517.64
49,2008-03-11,2550.51
50,2008-03-12,2461.57
51,2008-03-13,2329.72
52,2008-03-14,2355.47
53,2008-03-17,2242.82
54,2008-03-18,2187.1
55,2008-03-19,2180.0
56,2008-03-24,2230.27
57,2008-03-25,2382.98
58,2008-03-26,2363.96
59,2008-03-27,2295.51
60,2008-03-28,2349.35
61,2008-03-31,2249.1
62,2008-04-01,2261.55
63,2008-04-02,2312.03
64,2008-04-03,2294.07
65,2008-04-04,2228.07
66,2008-04-07,2325.32
67,2008-04-08,2334.27
68,2008-04-09,2371.91
69,2008-04-10,2341.35
70,2008-04-11,2352.43
71,2008-04-15,2367.67
72,2008-04-16,2357.52
73,2008-04-17,2412.13
74,2008-04-21,2480.5
75,2008-04-22,2482.88
76,2008-04-23,2443.68
77,2008-04-24,2432.04
78,2008-04-25,2497.92
79,2008-04-28,2489.42
80,2008-04-29,2553.45
81,2008-04-30,2529.24
82,2008-05-02,2585.67
83,2008-05-05,2556.79
84,2008-05-06,2537.29
85,2008-05-07,2533.35
86,2008-05-08,2480.91
87,2008-05-09,2418.75
88,2008-05-12,2399.53
89,2008-05-13,2396.23
90,2008-05-14,2391.5
91,2008-05-15,2435.82
92,2008-05-16,2482.21
93,2008-05-20,2420.0
94,2008-05-21,2416.88
95,2008-05-22,2347.94
96,2008-05-23,2302.99
97,2008-05-26,2245.37
98,2008-05-27,2156.85
99,2008-05-28,2205.38
100,2008-05-29,2150.2
101,2008-05-30,2124.6
102,2008-06-02,2062.84
103,2008-06-03,2047.07
104,2008-06-04,1968.95
105,2008-06-05,1967.87
106,2008-06-06,1946.13
107,2008-06-09,1891.11
108,2008-06-10,1864.54
109,2008-06-11,1909.45
110,2008-06-12,1943.9
111,2008-06-13,1931.11
112,2008-06-16,1945.58
113,2008-06-17,2039.87
114,2008-06-18,1994.03
115,2008-06-19,1924.57
116,2008-06-20,1839.34
117,2008-06-23,1757.6
118,2008-06-24,1743.72
119,2008-06-25,1736.21
120,2008-06-26,1764.33
121,2008-06-27,1680.4
122,2008-06-30,1617.49
123,2008-07-01,1507.67
124,2008-07-02,1595.7
125,2008-07-03,1610.54
126,2008-07-04,1637.81
127,2008-07-07,1679.71
128,2008-07-08,1710.2
129,2008-07-09,1760.6
130,2008-07-10,1764.8
131,2008-07-11,1734.26
132,2008-07-14,1766.78
133,2008-07-15,1670.72
134,2008-07-16,1631.2
135,2008-07-17,1733.54
136,2008-07-18,1820.95
137,2008-07-21,1895.54
138,2008-07-22,1961.03
139,2008-07-23,2133.99
140,2008-07-24,2053.42
141,2008-07-25,2030.12
142,2008-07-28,2020.95
143,2008-07-29,1867.49
144,2008-07-30,1958.43
145,2008-07-31,1975.44
146,2008-08-01,2096.55
147,2008-08-04,2116.96
148,2008-08-05,2225.08
149,2008-08-06,2162.83
150,2008-08-07,2164.9
151,2008-08-08,2161.55
152,2008-08-11,2256.07
153,2008-08-12,2190.5
154,2008-08-13,2169.78
155,2008-08-14,2041.46
156,2008-08-18,2037.76
157,2008-08-19,2017.65
158,2008-08-20,2024.92
159,2008-08-21,1921.55
160,2008-08-22,1928.64
161,2008-08-25,1952.79
162,2008-08-26,1969.08
163,2008-08-27,1931.58
164,2008-08-28,1905.45
165,2008-08-29,2034.42
166,2008-09-01,2056.78
167,2008-09-02,2185.94
168,2008-09-04,2207.27
169,2008-09-05,2173.71
170,2008-09-08,2250.19
171,2008-09-09,2199.45
172,2008-09-10,2217.79
173,2008-09-11,2195.13
174,2008-09-12,2170.72
175,2008-09-15,2105.79
176,2008-09-16,2219.03
177,2008-09-17,2159.34
178,2008-09-18,2215.4
179,2008-09-19,2229.92
180,2008-09-22,2215.9
181,2008-09-23,2144.04
182,2008-09-24,2151.75
183,2008-09-25,2129.32
184,2008-09-26,2051.61
185,2008-09-29,1994.06
186,2008-09-30,2070.41
187,2008-10-01,2127.41
188,2008-10-03,2095.16
189,2008-10-06,2030.88
190,2008-10-07,2022.09
191,2008-10-08,1925.07
192,2008-10-10,1931.72
193,2008-10-13,2098.9
194,2008-10-14,2136.53
195,2008-10-15,2096.45
196,2008-10-16,2159.51
197,2008-10-17,2051.16
198,2008-10-20,2070.61
199,2008-10-21,2107.94
200,2008-10-22,1985.85
201,2008-10-23,1915.68
202,2008-10-24,1687.52
203,2008-10-27,1541.05
204,2008-10-28,1632.66
205,2008-10-29,1610.78
206,2008-10-31,1638.33
207,2008-11-03,1782.12
208,2008-11-04,1918.97
209,2008-11-05,1884.41
210,2008-11-06,1814.41
211,2008-11-07,1879.66
212,2008-11-10,1942.9
213,2008-11-11,1859.34
214,2008-11-12,1810.0
215,2008-11-14,1806.81
216,2008-11-17,1773.28
217,2008-11-18,1703.37
218,2008-11-19,1668.33
219,2008-11-20,1651.7
220,2008-11-21,1743.71
221,2008-11-24,1689.72
222,2008-11-25,1626.7
223,2008-11-26,1673.5
224,2008-11-28,1673.22
225,2008-12-01,1617.99
226,2008-12-02,1599.4
227,2008-12-03,1665.93
228,2008-12-04,1743.98
229,2008-12-05,1704.64
230,2008-12-08,1730.6
231,2008-12-10,1747.7
232,2008-12-11,1770.28
233,2008-12-12,1800.26
234,2008-12-15,1800.79
235,2008-12-16,1845.55
236,2008-12-17,1807.11
237,2008-12-18,1921.34
238,2008-12-19,1935.66
239,2008-12-22,1929.38
240,2008-12-23,1880.61
241,2008-12-24,1903.24
242,2008-12-26,1857.65
243,2008-12-29,1902.75
244,2008-12-30,1937.89
245,2008-12-31,1929.02
246,2009-01-01,1967.02
247,2009-01-02,1992.65
248,2009-01-05,2039.65
249,2009-01-06,1997.6
250,2009-01-07,1874.29
251,2009-01-09,1852.92
252,2009-01-12,1770.3
253,2009-01-13,1776.89
254,2009-01-14,1808.85
255,2009-01-15,1724.34
256,2009-01-16,1754.25
257,2009-01-19,1747.58
258,2009-01-20,1701.59
259,2009-01-21,1660.53
260,2009-01-22,1667.27
261,2009-01-23,1587.64
262,2009-01-27,1626.89
263,2009-01-28,1652.8
264,2009-01-29,1653.17
265,2009-01-30,1704.62
266,2009-02-02,1639.83
267,2009-02-03,1636.35
268,2009-02-04,1643.05
269,2009-02-05,1637.52
270,2009-02-06,1665.54
271,2009-02-09,1698.14
272,2009-02-10,1717.95
273,2009-02-11,1705.29
274,2009-02-12,1701.44
275,2009-02-13,1736.62
276,2009-02-16,1658.46
277,2009-02-17,1592.36
278,2009-02-18,1560.41
279,2009-02-19,1560.69
280,2009-02-20,1529.18
281,2009-02-24,1491.07
282,2009-02-25,1497.86
283,2009-02-26,1469.0
284,2009-02-27,1491.85
285,2009-03-02,1442.5
286,2009-03-03,1408.77
287,2009-03-04,1389.31
288,2009-03-05,1353.13
289,2009-03-06,1356.02
290,2009-03-09,1295.72
291,2009-03-12,1322.16
292,2009-03-13,1385.87
293,2009-03-16,1424.51
294,2009-03-17,1377.63
295,2009-03-18,1402.4
296,2009-03-19,1414.79
297,2009-03-20,1394.79
298,2009-03-23,1490.12
299,2009-03-24,1494.89
300,2009-03-25,1527.19
301,2009-03-26,1592.94
302,2009-03-27,1649.54
303,2009-03-30,1520.67
304,2009-03-31,1566.09
305,2009-04-01,1574.48
306,2009-04-02,1660.41
307,2009-04-06,1660.35
308,2009-04-08,1667.11
309,2009-04-09,1702.53
310,2009-04-13,1791.09
311,2009-04-15,1892.47
312,2009-04-16,1855.85
313,2009-04-17,1919.24
314,2009-04-20,1909.88
315,2009-04-21,1848.37
316,2009-04-22,1829.21
317,2009-04-23,1877.23
318,2009-04-24,1946.54
319,2009-04-27,1928.11
320,2009-04-28,1842.96
321,2009-04-29,1885.78
322,2009-05-04,1976.57
323,2009-05-05,1965.56
324,2009-05-06,1934.48
325,2009-05-07,1993.1
326,2009-05-08,1949.81
327,2009-05-11,1891.1
328,2009-05-12,1941.79
329,2009-05-13,1927.2
330,2009-05-14,1942.73
331,2009-05-15,2000.93
332,2009-05-18,2356.4
333,2009-05-19,2593.5
334,2009-05-20,2622.73
335,2009-05-21,2544.64
336,2009-05-22,2549.34
337,2009-05-25,2555.74
338,2009-05-26,2513.18
339,2009-05-27,2619.76
340,2009-05-28,2656.89
341,2009-05-29,2700.64
342,2009-06-01,2714.18
343,2009-06-02,2722.99
344,2009-06-03,2696.64
345,2009-06-04,2712.22
346,2009-06-05,2665.32
347,2009-06-08,2495.75
348,2009-06-09,2587.3
349,2009-06-10,2604.36
350,2009-06-11,2536.31
351,2009-06-12,2464.71
352,2009-06-15,2472.18
353,2009-06-16,2568.32
354,2009-06-17,2484.5
355,2009-06-18,2518.53
356,2009-06-19,2573.4
357,2009-06-22,2563.02
358,2009-06-23,2562.65
359,2009-06-24,2591.02
360,2009-06-25,2572.04
361,2009-06-26,2631.17
362,2009-06-29,2681.49
363,2009-06-30,2641.27
364,2009-07-01,2678.79
365,2009-07-02,2642.89
366,2009-07-03,2707.84
367,2009-07-06,2496.06
368,2009-07-07,2467.07
369,2009-07-08,2383.21
370,2009-07-09,2410.14
371,2009-07-10,2345.62
372,2009-07-13,2335.39
373,2009-07-14,2418.18
374,2009-07-15,2491.93
375,2009-07-16,2464.11
376,2009-07-17,2552.4
377,2009-07-20,2655.52
378,2009-07-21,2627.68
379,2009-07-22,2604.38
380,2009-07-23,2651.91
381,2009-07-24,2613.85
382,2009-07-27,2613.03
383,2009-07-28,2581.07
384,2009-07-29,2567.63
385,2009-07-30,2613.72
386,2009-07-31,2689.95
387,2009-08-03,2735.09
388,2009-08-04,2736.54
389,2009-08-05,2727.7
390,2009-08-06,2673.1
391,2009-08-07,2596.09
392,2009-08-10,2549.6
393,2009-08-11,2573.37
394,2009-08-12,2544.8
395,2009-08-13,2657.91
396,2009-08-14,2650.16
397,2009-08-17,2540.76
398,2009-08-18,2569.86
399,2009-08-19,2512.48
400,2009-08-20,2573.64
401,2009-08-21,2602.2
402,2009-08-24,2632.02
403,2009-08-25,2588.67
404,2009-08-26,2585.32
405,2009-08-27,2593.28
406,2009-08-28,2637.68
407,2009-08-31,2623.8
408,2009-09-01,2617.52
409,2009-09-02,2613.49
410,2009-09-03,2622.44
411,2009-09-04,2652.4
412,2009-09-07,2704.23
413,2009-09-08,2766.05
414,2009-09-09,2791.04
415,2009-09-10,2785.12
416,2009-09-11,2825.13
417,2009-09-14,2889.03
418,2009-09-15,2995.39
419,2009-09-16,3074.06
420,2009-09-17,3101.27
421,2009-09-18,3109.44
422,2009-09-22,3132.41
423,2009-09-23,3116.94
424,2009-09-24,3149.09
425,2009-09-25,3133.84
426,2009-09-29,3097.11
427,2009-09-30,3209.73
428,2009-10-01,3212.3
429,2009-10-05,3129.77
430,2009-10-06,3161.03
431,2009-10-07,3149.88
432,2009-10-08,3174.77
433,2009-10-09,3125.09
434,2009-10-12,3244.02
435,2009-10-14,3358.32
436,2009-10-15,3435.89
437,2009-10-16,3564.63
438,2009-10-17,3576.96
439,2009-10-20,3581.11
440,2009-10-21,3479.5
441,2009-10-22,3416.74
442,2009-10-23,3446.03
443,2009-10-26,3374.36
444,2009-10-27,3242.91
445,2009-10-28,3263.43
446,2009-10-29,3206.81
447,2009-10-30,3190.22
448,2009-11-03,3093.6
449,2009-11-04,3174.41
450,2009-11-05,3176.52
451,2009-11-06,3262.65
452,2009-11-09,3415.74
453,2009-11-10,3438.07
454,2009-11-11,3477.88
455,2009-11-12,3380.39
456,2009-11-13,3386.48
457,2009-11-16,3438.58
458,2009-11-17,3443.25
459,2009-11-18,3422.86
460,2009-11-19,3355.44
461,2009-11-20,3448.85
462,2009-11-23,3441.68
463,2009-11-24,3438.21
464,2009-11-25,3461.89
465,2009-11-26,3379.13
466,2009-11-27,3338.52
467,2009-11-30,3351.15
468,2009-12-01,3419.51
469,2009-12-02,3451.35
470,2009-12-03,3481.14
471,2009-12-04,3453.5
472,2009-12-07,3430.99
473,2009-12-08,3448.41
474,2009-12-09,3403.91
475,2009-12-10,3423.72
476,2009-12-11,3367.47
477,2009-12-14,3336.65
478,2009-12-15,3236.39
479,2009-12-16,3217.45
480,2009-12-17,3241.36
481,2009-12-18,3204.5
482,2009-12-21,3202.99
483,2009-12-22,3241.04
484,2009-12-23,3300.88
485,2009-12-24,3320.49
486,2009-12-29,3321.67
487,2009-12-30,3321.2
488,2009-12-31,3342.96
489,2010-01-04,3387.74
490,2010-01-05,3421.49
491,2010-01-06,3439.08
492,2010-01-07,3417.94
493,2010-01-08,3406.64
494,2010-01-11,3409.69
495,2010-01-12,3333.63
496,2010-01-13,3308.46
497,2010-01-14,3292.7
498,2010-01-15,3274.65
499,2010-01-18,3306.16
500,2010-01-19,3327.12
501,2010-01-20,3317.38
502,2010-01-21,3252.92
503,2010-01-22,3213.39
504,2010-01-25,3205.63
505,2010-01-27,3071.85
506,2010-01-28,3107.43
507,2010-01-29,3185.53
508,2010-02-01,3172.28
509,2010-02-02,3102.63
510,2010-02-03,3137.9
511,2010-02-04,3065.53
512,2010-02-05,2983.39
513,2010-02-06,3007.43
514,2010-02-08,3056.02
515,2010-02-09,3070.14
516,2010-02-10,3018.41
517,2010-02-11,3037.32
518,2010-02-15,2996.02
519,2010-02-16,3037.31
520,2010-02-17,3075.31
521,2010-02-18,3063.0
522,2010-02-19,3015.09
523,2010-02-22,3020.09
524,2010-02-23,3017.22
525,2010-02-24,3017.3
526,2010-02-25,3016.53
527,2010-02-26,3099.12
528,2010-03-02,3153.92
529,2010-03-03,3206.16
530,2010-03-04,3223.49
531,2010-03-05,3234.48
532,2010-03-08,3250.72
533,2010-03-09,3223.04
534,2010-03-10,3211.96
535,2010-03-11,3216.11
536,2010-03-12,3211.93
537,2010-03-15,3166.92
538,2010-03-16,3169.85
539,2010-03-17,3185.7
540,2010-03-18,3198.55
541,2010-03-19,3231.12
542,2010-03-22,3206.02
543,2010-03-23,3220.59
544,2010-03-25,3243.54
545,2010-03-26,3280.0
546,2010-03-29,3311.71
547,2010-03-30,3322.45
548,2010-03-31,3312.57
549,2010-04-01,3351.48
550,2010-04-05,3425.29
551,2010-04-06,3436.27
552,2010-04-07,3432.89
553,2010-04-08,3388.86
554,2010-04-09,3401.45
555,2010-04-12,3370.55
556,2010-04-13,3363.44
557,2010-04-15,3315.53
558,2010-04-16,3310.65
559,2010-04-19,3295.26
560,2010-04-20,3367.46
561,2010-04-21,3377.37
562,2010-04-22,3488.89
563,2010-04-23,3542.43
564,2010-04-26,3557.64
565,2010-04-27,3529.2
566,2010-04-28,3532.1
567,2010-04-29,3586.28
568,2010-04-30,3619.4
569,2010-05-03,3609.5
570,2010-05-04,3567.7
571,2010-05-05,3594.28
572,2010-05-06,3620.54
573,2010-05-07,3494.02
574,2010-05-10,3573.78
575,2010-05-11,3544.25
576,2010-05-12,3589.85
577,2010-05-13,3586.61
578,2010-05-14,3488.41
579,2010-05-17,3494.53
580,2010-05-18,3538.47
581,2010-05-19,3448.21
582,2010-05-20,3506.04
583,2010-05-21,3479.18
584,2010-05-24,3455.03
585,2010-05-25,3342.97
586,2010-05-26,3364.23
587,2010-05-27,3447.5
588,2010-05-28,3475.05
589,2010-05-31,3523.28
590,2010-06-01,3446.06
591,2010-06-02,3493.41
592,2010-06-03,3567.46
593,2010-06-04,3622.49
594,2010-06-07,3567.81
595,2010-06-23,3637.69
596,2010-06-24,3642.1
597,2010-06-25,3581.44
598,2010-06-28,3609.18
599,2010-06-29,3593.23
600,2010-06-30,3602.11
601,2010-07-01,3571.12
602,2010-07-02,3580.1
603,2010-07-05,3603.55
604,2010-07-06,3650.13
605,2010-07-07,3638.49
606,2010-07-08,3688.45
607,2010-07-09,3709.1
608,2010-07-12,3731.17
609,2010-07-13,3762.96
610,2010-07-14,3793.38
611,2010-07-15,3795.84
612,2010-07-16,3819.82
613,2010-07-19,3843.5
614,2010-07-20,3835.78
615,2010-07-21,3824.71
616,2010-07-22,3846.37
617,2010-07-23,3867.93
618,2010-07-26,3771.22
619,2010-07-27,3807.25
620,2010-07-28,3831.4
621,2010-07-29,3857.18
622,2010-07-30,3904.5
623,2010-08-02,4026.1
624,2010-08-03,4049.79
625,2010-08-04,4027.35
626,2010-08-05,4066.08
627,2010-08-06,4029.53
628,2010-08-09,4083.58
629,2010-08-10,4056.82
630,2010-08-11,4026.19
631,2010-08-12,4217.02
632,2010-08-13,4296.08
633,2010-08-16,4309.45
634,2010-08-17,4363.44
635,2010-08-18,4367.47
636,2010-08-19,4377.97
637,2010-08-20,4354.61
638,2010-08-23,4382.62
639,2010-08-24,4355.2
640,2010-08-25,4340.13
641,2010-08-26,4392.33
642,2010-08-27,4288.71
643,2010-08-30,4277.72
644,2010-08-31,4246.26
645,2010-09-01,4294.56
646,2010-09-02,4319.72
647,2010-09-03,4337.27
648,2010-09-06,4413.04
649,2010-09-07,4382.08
650,2010-09-08,4456.2
651,2010-09-09,4567.29
652,2010-09-13,4745.23
653,2010-09-14,4712.12
654,2010-09-15,4688.52
655,2010-09-16,4712.06
656,2010-09-17,4724.52
657,2010-09-20,4747.81
658,2010-09-21,4708.16
659,2010-09-22,4758.84
660,2010-09-23,4735.98
661,2010-09-24,4767.94
662,2010-09-27,4808.67
663,2010-09-28,4830.23
664,2010-09-29,4827.04
665,2010-09-30,4862.29
666,2010-10-01,4927.5
667,2010-10-04,4959.03
668,2010-10-05,4977.42
669,2010-10-06,5008.08
670,2010-10-07,4973.7
671,2010-10-08,4981.4
672,2010-10-11,5020.97
673,2010-10-12,4982.43
674,2010-10-13,5095.29
675,2010-10-14,5057.29
676,2010-10-15,4937.99
677,2010-10-18,4949.72
678,2010-10-19,4891.89
679,2010-10-20,4888.58
680,2010-10-21,5039.88
681,2010-10-22,5074.9
682,2010-10-25,5105.71
683,2010-10-26,5070.43
684,2010-10-27,5074.94
685,2010-10-28,5030.67
686,2010-10-29,4987.35
687,2010-11-01,5063.35
688,2010-11-02,5091.87
689,2010-11-03,5161.1
690,2010-11-04,5323.95
691,2010-11-05,5375.87
692,2010-11-08,5328.19
693,2010-11-09,5228.09
694,2010-11-10,5182.87
695,2010-11-11,5115.73
696,2010-11-12,4933.19
697,2010-11-15,5072.98
698,2010-11-16,4948.94
699,2010-11-18,4936.57
700,2010-11-19,4804.53
701,2010-11-22,4904.45
702,2010-11-23,4807.98
703,2010-11-24,4633.73
704,2010-11-25,4490.99
705,2010-11-26,4501.79
706,2010-11-29,4561.33
707,2010-11-30,4709.2
708,2010-12-01,4866.68
709,2010-12-02,4898.26
710,2010-12-03,4827.06
711,2010-12-06,4653.73
712,2010-12-07,4506.58
713,2010-12-08,4399.32
714,2010-12-09,4265.41
715,2010-12-10,4344.88
716,2010-12-13,4406.25
717,2010-12-14,4477.18
718,2010-12-15,4335.43
719,2010-12-16,4416.15
720,2010-12-20,4349.76
721,2010-12-21,4411.62
722,2010-12-22,4406.96
723,2010-12-23,4403.42
724,2010-12-24,4412.69
725,2010-12-27,4391.65
726,2010-12-28,4364.66
727,2010-12-29,4406.3
728,2010-12-30,4413.17
729,2010-12-31,4489.56
730,2011-01-03,4494.72
731,2011-01-04,4385.52
732,2011-01-05,4307.71
733,2011-01-06,4227.53
734,2011-01-07,4189.48
735,2011-01-10,4102.81
736,2011-01-11,4173.26
737,2011-01-12,4242.13
738,2011-01-13,4082.47
739,2011-01-14,4002.51
740,2011-01-17,4018.53
741,2011-01-18,4048.92
742,2011-01-19,4038.64
743,2011-01-20,4087.4
744,2011-01-21,4160.64
745,2011-01-24,4282.72
746,2011-01-25,4254.35
747,2011-01-27,4171.0
748,2011-01-28,4101.53
749,2011-01-31,4169.1
750,2011-02-01,4108.25
751,2011-02-02,4080.0
752,2011-02-03,4165.15
753,2011-02-04,4116.55
754,2011-02-07,4094.6
755,2011-02-08,4029.35
756,2011-02-09,3954.5
757,2011-02-10,3898.8
758,2011-02-11,4048.35
759,2011-02-14,4200.85
760,2011-02-15,4277.5
761,2011-02-16,4284.35
762,2011-02-17,4337.4
763,2011-02-18,4279.4
764,2011-02-21,4307.75
765,2011-02-22,4223.45
766,2011-02-23,4128.35
767,2011-02-24,3976.0
768,2011-02-25,4070.5
769,2011-02-28,4125.5
770,2011-03-01,4253.6
771,2011-03-03,4231.15
772,2011-03-04,4244.65
773,2011-03-07,4160.8
774,2011-03-08,4217.25
775,2011-03-09,4216.5
776,2011-03-10,4170.6
777,2011-03-11,4124.65
778,2011-03-14,4186.05
779,2011-03-15,4136.4
780,2011-03-16,4239.2
781,2011-03-17,4207.55
782,2011-03-18,4155.4
783,2011-03-21,4151.7
784,2011-03-22,4191.2
785,2011-03-23,4215.15
786,2011-03-24,4241.85
787,2011-03-25,4323.25
788,2011-03-28,4387.7
789,2011-03-29,4416.45
790,2011-03-30,4528.8
791,2011-03-31,4454.0
792,2011-04-01,4399.35
793,2011-04-04,4465.9
794,2011-04-05,4513.65
795,2011-04-06,4503.2
796,2011-04-07,4530.25
797,2011-04-08,4456.4
798,2011-04-11,4457.55
799,2011-04-13,4509.85
800,2011-04-15,4504.0
801,2011-04-18,4443.35
802,2011-04-19,4425.6
803,2011-04-20,4491.85
804,2011-04-21,4528.1
805,2011-04-25,4603.55
806,2011-04-26,4612.25
807,2011-04-27,4597.25
808,2011-04-28,4499.7
809,2011-04-29,4385.75
810,2011-05-02,4227.05
811,2011-05-03,4064.25
812,2011-05-04,4081.9
813,2011-05-05,4041.65
814,2011-05-06,4166.3
815,2011-05-09,4135.75
816,2011-05-10,4139.15
817,2011-05-11,4173.05
818,2011-05-12,4126.8
819,2011-05-13,4145.6
820,2011-05-16,4105.1
821,2011-05-17,3919.8
822,2011-05-18,3857.5
823,2011-05-19,3815.8
824,2011-05-20,3825.05
825,2011-05-23,3728.95
826,2011-05-24,3741.85
827,2011-05-25,3713.15
828,2011-05-26,3730.85
829,2011-05-27,3796.0
830,2011-05-30,3804.6
831,2011-05-31,3889.45
832,2011-06-01,3917.55
833,2011-06-02,3894.1
834,2011-06-03,3861.65
835,2011-06-06,3872.8
836,2011-06-07,3892.75
837,2011-06-08,3870.8
838,2011-06-09,3852.4
839,2011-06-10,3826.05
840,2011-06-13,3806.6
841,2011-06-14,3807.0
842,2011-06-15,3747.95
843,2011-06-16,3736.25
844,2011-06-17,3740.55
845,2011-06-20,3698.65
846,2011-06-21,3661.45
847,2011-06-22,3659.85
848,2011-06-23,3666.25
849,2011-06-24,3807.0
850,2011-06-27,3872.65
851,2011-06-28,3869.15
852,2011-06-29,3888.4
853,2011-06-30,3917.45
854,2011-07-01,3931.55
855,2011-07-04,3977.35
856,2011-07-05,4008.15
857,2011-07-06,3972.15
858,2011-07-07,4027.85
859,2011-07-08,4018.2
860,2011-07-11,3950.95
861,2011-07-12,3909.7
862,2011-07-13,3950.85
863,2011-07-14,4001.5
864,2011-07-15,4002.65
865,2011-07-18,4017.45
866,2011-07-19,4058.8
867,2011-07-20,4014.5
868,2011-07-21,3983.45
869,2011-07-22,4066.2
870,2011-07-25,4096.75
871,2011-07-26,3999.8
872,2011-07-27,3925.6
873,2011-07-28,3850.2
874,2011-07-29,3842.3
875,2011-08-01,3832.8
876,2011-08-02,3740.4
877,2011-08-03,3733.0
878,2011-08-04,3704.7
879,2011-08-05,3668.6
880,2011-08-08,3659.4
881,2011-08-09,3658.2
882,2011-08-10,3727.85
883,2011-08-11,3688.95
884,2011-08-12,3609.05
885,2011-08-16,3565.3
886,2011-08-17,3516.05
887,2011-08-18,3384.8
888,2011-08-19,3324.25
889,2011-08-22,3326.75
890,2011-08-23,3348.8
891,2011-08-24,3263.65
892,2011-08-25,3224.25
893,2011-08-26,3106.35
894,2011-08-29,3211.4
895,2011-08-30,3254.8
896,2011-09-02,3246.15
897,2011-09-05,3274.4
898,2011-09-06,3248.9
899,2011-09-07,3338.7
900,2011-09-08,3345.6
901,2011-09-09,3269.6
902,2011-09-12,3151.1
903,2011-09-13,3126.6
904,2011-09-14,3129.15
905,2011-09-15,3218.65
906,2011-09-16,3251.5
907,2011-09-19,3205.8
908,2011-09-20,3293.15
909,2011-09-21,3323.85
910,2011-09-22,3204.75
911,2011-09-23,3225.75
912,2011-09-26,3237.3
913,2011-09-27,3312.4
914,2011-09-28,3274.8
915,2011-09-29,3264.0
916,2011-09-30,3200.3
917,2011-10-03,3129.05
918,2011-10-04,3037.0
919,2011-10-05,2962.4
920,2011-10-07,3020.4
921,2011-10-10,3041.85
922,2011-10-11,3070.4
923,2011-10-12,3198.3
924,2011-10-13,3215.65
925,2011-10-14,3225.4
926,2011-10-17,3221.15
927,2011-10-18,3173.5
928,2011-10-19,3241.3
929,2011-10-20,3244.8
930,2011-10-21,3231.55
931,2011-10-24,3157.85
932,2011-10-25,3075.45
933,2011-10-26,3111.7
934,2011-10-28,3200.75
935,2011-10-31,3230.9
936,2011-11-01,3252.05
937,2011-11-02,3254.2
938,2011-11-03,3300.45
939,2011-11-04,3329.5
940,2011-11-08,3341.8
941,2011-11-09,3200.15
942,2011-11-11,3136.2
943,2011-11-14,3084.35
944,2011-11-15,3027.8
945,2011-11-16,3042.7
946,2011-11-17,2999.8
947,2011-11-18,2959.05
948,2011-11-21,2883.45
949,2011-11-22,2910.8
950,2011-11-23,2864.25
951,2011-11-24,2892.6
952,2011-11-25,2929.05
953,2011-11-28,3046.5
954,2011-11-29,2986.0
955,2011-11-30,2968.6
956,2011-12-01,3046.75
957,2011-12-02,3127.75
958,2011-12-05,3161.55
959,2011-12-07,3182.5
960,2011-12-08,3090.0
961,2011-12-09,3083.3
962,2011-12-12,2965.4
963,2011-12-13,2960.75
964,2011-12-14,2952.8
965,2011-12-15,2901.95
966,2011-12-16,2813.2
967,2011-12-19,2712.5
968,2011-12-20,2602.9
969,2011-12-21,2675.2
970,2011-12-22,2737.7
971,2011-12-23,2690.2
972,2011-12-26,2710.4
973,2011-12-27,2672.7
974,2011-12-28,2603.85
975,2011-12-29,2624.65
976,2011-12-30,2612.05
977,2012-01-02,2619.4
978,2012-01-03,2746.45
979,2012-01-04,2746.3
980,2012-01-05,2750.0
981,2012-01-06,2733.35
982,2012-01-07,2732.85
983,2012-01-09,2721.4
984,2012-01-10,2825.15
985,2012-01-11,2860.9
986,2012-01-12,2911.7
987,2012-01-13,2918.9
988,2012-01-16,2942.05
989,2012-01-17,3006.25
990,2012-01-18,2995.55
991,2012-01-19,3025.05
992,2012-01-20,3122.9
993,2012-01-23,3143.85
994,2012-01-24,3303.2
995,2012-01-25,3309.2
996,2012-01-27,3278.6
997,2012-01-30,3196.85
998,2012-01-31,3286.9
999,2012-02-01,3314.75
1000,2012-02-02,3326.6
1001,2012-02-03,3365.4
1002,2012-02-06,3453.8
1003,2012-02-07,3455.1
1004,2012-02-08,3506.2
1005,2012-02-09,3537.25
1006,2012-02-10,3537.8
1007,2012-02-13,3504.4
1008,2012-02-14,3598.7
1009,2012-02-15,3690.45
1010,2012-02-16,3768.0
1011,2012-02-17,3842.4
1012,2012-02-21,3887.2
1013,2012-02-22,3615.15
1014,2012-02-23,3598.65
1015,2012-02-24,3528.25
1016,2012-02-27,3356.6
1017,2012-02-28,3548.0
1018,2012-02-29,3563.7
1019,2012-03-01,3534.95
1020,2012-03-02,3569.9
1021,2012-03-03,3572.65
1022,2012-03-05,3482.35
1023,2012-03-06,3438.2
1024,2012-03-07,3433.15
1025,2012-03-09,3559.45
1026,2012-03-12,3654.6
1027,2012-03-13,3670.65
1028,2012-03-14,3752.1
1029,2012-03-15,3646.1
1030,2012-03-16,3528.25
1031,2012-03-19,3417.05
1032,2012-03-20,3470.65
1033,2012-03-21,3547.35
1034,2012-03-22,3421.25
1035,2012-03-23,3452.35
1036,2012-03-26,3362.0
1037,2012-03-27,3390.85
1038,2012-03-28,3324.95
1039,2012-03-29,3301.8
1040,2012-03-30,3385.1
1041,2012-04-02,3417.0
1042,2012-04-03,3459.05
1043,2012-04-04,3455.45
1044,2012-04-09,3371.8
1045,2012-04-10,3414.4
1046,2012-04-11,3412.65
1047,2012-04-12,3494.7
1048,2012-04-13,3459.95
1049,2012-04-16,3528.5
1050,2012-04-17,3562.75
1051,2012-04-18,3539.45
1052,2012-04-19,3504.7
1053,2012-04-20,3476.55
1054,2012-04-23,3385.45
1055,2012-04-24,3391.55
1056,2012-04-25,3352.95
1057,2012-04-26,3312.3
1058,2012-04-27,3264.75
1059,2012-04-28,3285.1
1060,2012-04-30,3313.45
1061,2012-05-02,3319.7
1062,2012-05-03,3233.4
1063,2012-05-04,3112.4
1064,2012-05-07,3136.95
1065,2012-05-08,3043.25
1066,2012-05-09,2936.05
1067,2012-05-10,2905.5
1068,2012-05-11,2914.1
1069,2012-05-14,2869.3
1070,2012-05-15,2897.85
1071,2012-05-16,2844.8
1072,2012-05-17,2862.8
1073,2012-05-18,2940.55
1074,2012-05-21,3013.1
1075,2012-05-22,2948.45
1076,2012-05-23,2942.25
1077,2012-05-24,2980.65
1078,2012-05-25,3014.0
1079,2012-05-28,3122.8
1080,2012-05-29,3136.25
1081,2012-05-30,3079.15
1082,2012-05-31,3082.7
1083,2012-06-01,3014.65
1084,2012-06-04,3044.85
1085,2012-06-05,3099.05
1086,2012-06-06,3202.7
1087,2012-06-07,3216.35
1088,2012-06-08,3248.6
1089,2012-06-11,3219.85
1090,2012-06-12,3298.05
1091,2012-06-13,3311.95
1092,2012-06-14,3198.65
1093,2012-06-15,3250.1
1094,2012-06-18,3125.5
1095,2012-06-19,3126.1
1096,2012-06-20,3157.25
1097,2012-06-21,3228.6
1098,2012-06-22,3222.45
1099,2012-06-25,3180.9
1100,2012-06-26,3195.45
1101,2012-06-27,3199.05
1102,2012-06-28,3184.1
1103,2012-06-29,3259.7
1104,2012-07-02,3283.4
1105,2012-07-03,3298.85
1106,2012-07-04,3340.9
1107,2012-07-05,3357.3
1108,2012-07-06,3337.25
1109,2012-07-09,3301.95
1110,2012-07-10,3349.1
1111,2012-07-11,3337.6
1112,2012-07-12,3314.15
1113,2012-07-13,3277.95
1114,2012-07-16,3291.45
1115,2012-07-17,3281.75
1116,2012-07-18,3244.4
1117,2012-07-19,3204.5
1118,2012-07-20,3176.55
1119,2012-07-23,3112.8
1120,2012-07-24,3117.65
1121,2012-07-25,3076.65
1122,2012-07-26,2988.0
1123,2012-07-27,2868.4
1124,2012-07-30,2984.75
1125,2012-07-31,2958.05
1126,2012-08-01,2991.1
1127,2012-08-02,2965.7
1128,2012-08-03,2950.3
1129,2012-08-06,2963.2
1130,2012-08-07,3001.4
1131,2012-08-08,2992.5
1132,2012-08-09,2894.25
1133,2012-08-10,2811.1
1134,2012-08-13,2826.65
1135,2012-08-14,2853.25
1136,2012-08-16,2847.55
1137,2012-08-17,2839.8
1138,2012-08-21,2847.9
1139,2012-08-22,2841.3
1140,2012-08-23,2843.25
1141,2012-08-24,2810.25
1142,2012-08-27,2733.35
1143,2012-08-28,2722.1
1144,2012-08-29,2697.8
1145,2012-08-30,2719.4
1146,2012-08-31,2719.25
1147,2012-09-03,2728.05
1148,2012-09-04,2760.0
1149,2012-09-05,2702.15
1150,2012-09-06,2713.8
1151,2012-09-07,2776.3
1152,2012-09-08,2787.45
1153,2012-09-10,2757.6
1154,2012-09-11,2764.4
1155,2012-09-12,2766.55
1156,2012-09-13,2759.05
1157,2012-09-14,2896.1
1158,2012-09-17,3060.9
1159,2012-09-18,3207.9
1160,2012-09-20,3185.4
1161,2012-09-21,3320.7
1162,2012-09-24,3292.5
1163,2012-09-25,3300.45
1164,2012-09-26,3328.4
1165,2012-09-27,3349.05
1166,2012-09-28,3369.5
1167,2012-10-01,3389.55
1168,2012-10-03,3400.8
1169,2012-10-04,3449.7
1170,2012-10-05,3419.2
1171,2012-10-08,3340.35
1172,2012-10-09,3350.6
1173,2012-10-10,3289.25
1174,2012-10-11,3362.85
1175,2012-10-12,3345.0
1176,2012-10-15,3363.6
1177,2012-10-16,3307.0
1178,2012-10-17,3297.85
1179,2012-10-18,3400.25
1180,2012-10-19,3382.6
1181,2012-10-22,3359.15
1182,2012-10-23,3346.6
1183,2012-10-25,3312.1
1184,2012-10-26,3239.6
1185,2012-10-29,3222.9
1186,2012-10-30,3091.9
1187,2012-10-31,3140.05
1188,2012-11-01,3170.75
1189,2012-11-02,3236.65
1190,2012-11-05,3218.85
1191,2012-11-06,3245.95
1192,2012-11-07,3332.8
1193,2012-11-08,3366.45
1194,2012-11-09,3266.05
1195,2012-11-12,3301.6
1196,2012-11-13,3278.15
1197,2012-11-15,3263.15
1198,2012-11-16,3189.2
1199,2012-11-19,3164.35
1200,2012-11-20,3121.7
1201,2012-11-21,3138.15
1202,2012-11-22,3179.95
1203,2012-11-23,3169.3
1204,2012-11-26,3167.65
1205,2012-11-27,3207.95
1206,2012-11-29,3242.55
1207,2012-11-30,3324.7
1208,2012-12-03,3345.55
1209,2012-12-04,3395.55
1210,2012-12-05,3448.65
1211,2012-12-06,3501.85
1212,2012-12-07,3510.1
1213,2012-12-10,3570.35
1214,2012-12-11,3534.05
1215,2012-12-12,3522.5
1216,2012-12-13,3470.0
1217,2012-12-14,3551.9
1218,2012-12-17,3585.1
1219,2012-12-18,3626.1
1220,2012-12-19,3631.85
1221,2012-12-20,3647.3
1222,2012-12-21,3570.25
1223,2012-12-24,3565.8
1224,2012-12-26,3624.65
1225,2012-12-27,3640.45
1226,2012-12-28,3645.9
1227,2012-12-31,3673.4
1228,2013-01-01,3758.2
1229,2013-01-02,3790.2
1230,2013-01-03,3804.5
1231,2013-01-04,3828.85
1232,2013-01-07,3805.35
1233,2013-01-08,3823.05
1234,2013-01-09,3825.0
1235,2013-01-10,3836.15
1236,2013-01-11,3771.5
1237,2013-01-14,3833.25
1238,2013-01-15,3828.95
1239,2013-01-16,3747.35
1240,2013-01-17,3785.5
1241,2013-01-18,3819.45
1242,2013-01-21,3817.2
1243,2013-01-22,3756.85
1244,2013-01-23,3737.0
1245,2013-01-24,3662.05
1246,2013-01-25,3764.65
1247,2013-01-28,3730.7
1248,2013-01-29,3674.3
1249,2013-01-30,3619.0
1250,2013-01-31,3698.7
1251,2013-02-01,3656.9
1252,2013-02-04,3539.2
1253,2013-02-05,3541.9
1254,2013-02-06,3534.95
1255,2013-02-07,3489.1
1256,2013-02-08,3438.35
1257,2013-02-11,3446.1
1258,2013-02-12,3453.45
1259,2013-02-13,3395.7
1260,2013-02-14,3357.4
1261,2013-02-15,3374.9
1262,2013-02-18,3418.0
1263,2013-02-19,3450.65
1264,2013-02-20,3421.5
1265,2013-02-21,3344.9
1266,2013-02-22,3338.8
1267,2013-02-25,3333.4
1268,2013-02-26,3282.7
1269,2013-02-27,3323.7
1270,2013-02-28,3136.6
1271,2013-03-01,3158.8
1272,2013-03-04,3148.8
1273,2013-03-05,3199.6
1274,2013-03-06,3257.2
1275,2013-03-07,3258.75
1276,2013-03-08,3305.55
1277,2013-03-11,3317.05
1278,2013-03-12,3304.2
1279,2013-03-13,3238.1
1280,2013-03-14,3324.1
1281,2013-03-15,3320.8
1282,2013-03-18,3307.55
1283,2013-03-19,3218.25
1284,2013-03-20,3107.7
1285,2013-03-21,3050.9
1286,2013-03-22,3058.15
1287,2013-03-25,3013.25
1288,2013-03-26,2995.1
1289,2013-03-28,3048.0
1290,2013-04-01,3084.55
1291,2013-04-02,3168.1
1292,2013-04-03,3095.05
1293,2013-04-04,3048.6
1294,2013-04-05,3039.15
1295,2013-04-08,2991.5
1296,2013-04-09,2928.75
1297,2013-04-10,2977.65
1298,2013-04-11,2985.4
1299,2013-04-12,3038.3
1300,2013-04-15,3132.55
1301,2013-04-16,3187.95
1302,2013-04-17,3227.65
1303,2013-04-18,3309.1
1304,2013-04-22,3372.25
1305,2013-04-23,3323.5
1306,2013-04-25,3374.6
1307,2013-04-26,3301.2
1308,2013-04-29,3309.05
1309,2013-04-30,3288.4
1310,2013-05-02,3333.3
1311,2013-05-03,3229.25
1312,2013-05-06,3237.95
1313,2013-05-07,3267.9
1314,2013-05-08,3254.8
1315,2013-05-09,3306.3
1316,2013-05-10,3313.1
1317,2013-05-11,3326.9
1318,2013-05-13,3265.25
1319,2013-05-14,3285.15
1320,2013-05-15,3422.3
1321,2013-05-16,3443.5
1322,2013-05-17,3466.65
1323,2013-05-20,3458.45
1324,2013-05-21,3409.35
1325,2013-05-22,3372.9
1326,2013-05-23,3187.0
1327,2013-05-24,3175.3
1328,2013-05-27,3188.4
1329,2013-05-28,3180.6
1330,2013-05-29,3135.15
1331,2013-05-30,3131.8
1332,2013-05-31,3035.1
1333,2013-06-03,3060.95
1334,2013-06-04,3023.85
1335,2013-06-05,3029.15
1336,2013-06-06,3067.3
1337,2013-06-07,3010.05
1338,2013-06-10,2981.3
1339,2013-06-11,2954.95
1340,2013-06-12,2971.6
1341,2013-06-13,2940.0
1342,2013-06-14,2987.0
1343,2013-06-17,3003.0
1344,2013-06-18,2962.45
1345,2013-06-19,2964.45
1346,2013-06-20,2844.95
1347,2013-06-21,2789.1
1348,2013-06-24,2718.75
1349,2013-06-25,2678.35
1350,2013-06-26,2669.45
1351,2013-06-27,2673.9
1352,2013-06-28,2743.8
1353,2013-07-01,2837.95
1354,2013-07-02,2793.75
1355,2013-07-03,2649.65
1356,2013-07-04,2655.0
1357,2013-07-05,2663.85
1358,2013-07-08,2638.75
1359,2013-07-09,2688.25
1360,2013-07-10,2648.1
1361,2013-07-11,2693.7
1362,2013-07-12,2679.7
1363,2013-07-15,2732.35
1364,2013-07-16,2595.2
1365,2013-07-17,2540.85
1366,2013-07-18,2591.7
1367,2013-07-19,2562.0
1368,2013-07-22,2590.0
1369,2013-07-23,2646.2
1370,2013-07-24,2533.05
1371,2013-07-25,2511.8
1372,2013-07-26,2436.0
1373,2013-07-29,2392.6
1374,2013-07-30,2346.4
1375,2013-07-31,2361.9
1376,2013-08-01,2277.85
1377,2013-08-02,2222.7
1378,2013-08-05,2255.8
1379,2013-08-06,2183.4
1380,2013-08-07,2265.5
1381,2013-08-08,2233.8
1382,2013-08-12,2199.6
1383,2013-08-13,2221.8
1384,2013-08-14,2225.0
1385,2013-08-16,2105.3
1386,2013-08-19,2034.15
1387,2013-08-20,2059.2
1388,2013-08-21,2038.55
1389,2013-08-22,2068.6
1390,2013-08-23,2074.5
1391,2013-08-26,2074.3
1392,2013-08-27,2006.35
1393,2013-08-28,1960.3
1394,2013-08-29,1951.25
1395,2013-08-30,1990.2
1396,2013-09-02,2010.15
1397,2013-09-03,1939.0
1398,2013-09-04,1962.35
1399,2013-09-05,2132.3
1400,2013-09-06,2118.65
1401,2013-09-10,2129.15
1402,2013-09-11,2242.6
1403,2013-09-12,2218.45
1404,2013-09-13,2249.1
1405,2013-09-16,2241.05
1406,2013-09-17,2210.0
1407,2013-09-18,2261.85
1408,2013-09-19,2448.55
1409,2013-09-20,2342.0
1410,2013-09-23,2208.4
1411,2013-09-24,2191.2
1412,2013-09-25,2229.75
1413,2013-09-26,2215.45
1414,2013-09-27,2180.25
1415,2013-09-30,2134.45
1416,2013-10-01,2172.85
1417,2013-10-03,2223.55
1418,2013-10-04,2211.1
1419,2013-10-07,2197.0
1420,2013-10-08,2182.6
1421,2013-10-09,2201.65
1422,2013-10-10,2220.65
1423,2013-10-11,2264.2
1424,2013-10-14,2281.8
1425,2013-10-15,2210.85
1426,2013-10-17,2184.25
1427,2013-10-18,2243.8
1428,2013-10-21,2271.7
1429,2013-10-22,2273.55
1430,2013-10-23,2334.75
1431,2013-10-24,2340.95
1432,2013-10-25,2330.25
1433,2013-10-28,2260.85
1434,2013-10-29,2348.25
1435,2013-10-30,2311.45
1436,2013-10-31,2482.5
1437,2013-11-01,2598.05
1438,2013-11-03,2619.2
1439,2013-11-05,2630.25
1440,2013-11-06,2535.5
1441,2013-11-07,2445.65
1442,2013-11-08,2426.7
1443,2013-11-11,2376.45
1444,2013-11-12,2335.15
1445,2013-11-13,2349.0
1446,2013-11-14,2403.4
1447,2013-11-18,2476.3
1448,2013-11-19,2535.45
1449,2013-11-20,2484.25
1450,2013-11-21,2419.05
1451,2013-11-22,2391.75
1452,2013-11-25,2481.8
1453,2013-11-26,2429.7
1454,2013-11-27,2420.25
1455,2013-11-28,2423.8
1456,2013-11-29,2505.45
1457,2013-12-02,2517.65
1458,2013-12-03,2499.95
1459,2013-12-04,2503.85
1460,2013-12-05,2570.85
1461,2013-12-06,2601.95
1462,2013-12-09,2660.15
1463,2013-12-10,2611.35
1464,2013-12-11,2555.05
1465,2013-12-12,2524.5
1466,2013-12-13,2461.75
1467,2013-12-16,2445.95
1468,2013-12-17,2421.25
1469,2013-12-18,2494.55
1470,2013-12-19,2447.35
1471,2013-12-20,2494.6
1472,2013-12-23,2535.55
1473,2013-12-24,2544.95
1474,2013-12-26,2541.65
1475,2013-12-27,2563.3
1476,2013-12-30,2541.9
1477,2013-12-31,2555.35
1478,2014-01-01,2573.3
1479,2014-01-02,2521.45
1480,2014-01-03,2515.45
1481,2014-01-06,2468.45
1482,2014-01-07,2427.65
1483,2014-01-08,2460.6
1484,2014-01-09,2421.35
1485,2014-01-10,2379.3
1486,2014-01-13,2411.25
1487,2014-01-14,2396.85
1488,2014-01-15,2441.95
1489,2014-01-16,2433.1
1490,2014-01-17,2392.6
1491,2014-01-20,2410.25
1492,2014-01-21,2437.9
1493,2014-01-22,2433.25
1494,2014-01-23,2428.7
1495,2014-01-24,2347.45
1496,2014-01-27,2257.5
1497,2014-01-28,2254.0
1498,2014-01-29,2218.5
1499,2014-01-30,2127.85
1500,2014-01-31,2176.5
1501,2014-02-03,2122.5
1502,2014-02-04,2165.1
1503,2014-02-05,2166.2
1504,2014-02-06,2143.1
1505,2014-02-07,2174.3
1506,2014-02-10,2163.65
1507,2014-02-11,2163.25
1508,2014-02-12,2170.9
1509,2014-02-13,2108.35
1510,2014-02-14,2099.4
1511,2014-02-17,2094.85
1512,2014-02-18,2131.3
1513,2014-02-19,2127.8
1514,2014-02-20,2086.4
1515,2014-02-21,2110.1
1516,2014-02-24,2127.0
1517,2014-02-25,2122.3
1518,2014-02-26,2134.55
1519,2014-02-28,2162.5
1520,2014-03-03,2140.75
1521,2014-03-04,2206.45
1522,2014-03-05,2270.3
1523,2014-03-06,2280.05
1524,2014-03-07,2372.35
1525,2014-03-10,2425.5
1526,2014-03-11,2406.7
1527,2014-03-12,2365.95
1528,2014-03-13,2374.35
1529,2014-03-14,2386.15
1530,2014-03-18,2445.1
1531,2014-03-19,2454.3
1532,2014-03-20,2399.65
1533,2014-03-21,2433.15
1534,2014-03-22,2435.1
1535,2014-03-24,2471.8
1536,2014-03-25,2489.55
1537,2014-03-26,2525.35
1538,2014-03-27,2609.8
1539,2014-03-28,2733.25
1540,2014-03-31,2738.65
1541,2014-04-01,2714.05
1542,2014-04-02,2807.0
1543,2014-04-03,2750.4
1544,2014-04-04,2759.1
1545,2014-04-07,2766.1
1546,2014-04-09,2874.2
1547,2014-04-10,2906.55
1548,2014-04-11,2872.3
1549,2014-04-15,2808.85
1550,2014-04-16,2790.6
1551,2014-04-17,2871.4
1552,2014-04-21,2947.15
1553,2014-04-22,2912.5
1554,2014-04-23,2946.95
1555,2014-04-25,2976.3
1556,2014-04-28,3015.8
1557,2014-04-29,2962.75
1558,2014-04-30,2973.15
1559,2014-05-02,2942.25
1560,2014-05-05,2963.0
1561,2014-05-06,2956.9
1562,2014-05-07,2954.2
1563,2014-05-08,2952.9
1564,2014-05-09,3068.5
1565,2014-05-12,3142.4
1566,2014-05-13,3194.75
1567,2014-05-14,3300.95
1568,2014-05-15,3280.9
1569,2014-05-16,3469.75
1570,2014-05-19,3706.2
1571,2014-05-20,3666.65
1572,2014-05-21,3611.4
1573,2014-05-22,3669.85
1574,2014-05-23,3967.8
1575,2014-05-26,3869.2
1576,2014-05-27,3775.75
1577,2014-05-28,3741.6
1578,2014-05-29,3746.4
1579,2014-05-30,3646.0
1580,2014-06-02,3812.15
1581,2014-06-03,3796.85
1582,2014-06-04,3895.6
1583,2014-06-05,3905.55
1584,2014-06-06,3983.7
1585,2014-06-09,3974.7
1586,2014-06-10,3905.65
1587,2014-06-11,3901.45
1588,2014-06-12,3887.0
1589,2014-06-13,3737.75
1590,2014-06-16,3712.0
1591,2014-06-17,3825.05
1592,2014-06-18,3781.2
1593,2014-06-19,3730.35
1594,2014-06-20,3672.35
1595,2014-06-23,3715.0
1596,2014-06-24,3804.35
1597,2014-06-25,3821.2
1598,2014-06-26,3770.9
1599,2014-06-27,3747.5
1600,2014-06-30,3875.7
1601,2014-07-01,3863.5
1602,2014-07-02,3876.5
1603,2014-07-03,3869.3
1604,2014-07-04,3864.4
1605,2014-07-07,3830.95
1606,2014-07-08,3650.15
1607,2014-07-09,3629.55
1608,2014-07-10,3591.8
1609,2014-07-11,3406.2
1610,2014-07-14,3430.9
1611,2014-07-15,3569.4
1612,2014-07-16,3634.1
1613,2014-07-17,3668.35
1614,2014-07-18,3618.0
1615,2014-07-21,3577.25
1616,2014-07-22,3567.75
1617,2014-07-23,3591.85
1618,2014-07-24,3631.55
1619,2014-07-25,3552.0
1620,2014-07-28,3551.95
1621,2014-07-30,3562.7
1622,2014-07-31,3513.4
1623,2014-08-01,3521.7
1624,2014-08-04,3556.05
1625,2014-08-05,3582.85
1626,2014-08-06,3504.0
1627,2014-08-07,3493.65
1628,2014-08-08,3435.8
1629,2014-08-11,3464.4
1630,2014-08-12,3492.4
1631,2014-08-13,3380.65
1632,2014-08-14,3394.55
1633,2014-08-18,3469.95
1634,2014-08-19,3492.6
1635,2014-08-20,3453.65
1636,2014-08-21,3546.65
1637,2014-08-22,3622.75
1638,2014-08-25,3565.75
1639,2014-08-26,3541.75
1640,2014-08-27,3548.55
1641,2014-08-28,3485.2
1642,2014-09-01,3570.75
1643,2014-09-02,3579.8
1644,2014-09-03,3564.35
1645,2014-09-04,3524.05
1646,2014-09-05,3539.45
1647,2014-09-08,3592.25
1648,2014-09-09,3597.45
1649,2014-09-10,3588.8
1650,2014-09-11,3665.3
1651,2014-09-12,3714.05
1652,2014-09-15,3732.85
1653,2014-09-16,3617.8
1654,2014-09-17,3627.0
1655,2014-09-18,3722.5
1656,2014-09-19,3655.05
1657,2014-09-22,3684.4
1658,2014-09-23,3593.9
1659,2014-09-24,3482.25
1660,2014-09-25,3304.9
1661,2014-09-26,3406.4
1662,2014-09-29,3394.25
1663,2014-09-30,3373.45
1664,2014-10-01,3351.55
1665,2014-10-07,3278.25
1666,2014-10-08,3322.55
1667,2014-10-09,3422.25
1668,2014-10-10,3380.05
1669,2014-10-13,3436.6
1670,2014-10-14,3485.3
1671,2014-10-16,3418.65
1672,2014-10-17,3491.45
1673,2014-10-20,3558.5
1674,2014-10-21,3575.85
1675,2014-10-22,3571.0
1676,2014-10-23,3575.7
1677,2014-10-27,3608.15
1678,2014-10-28,3663.65
1679,2014-10-29,3632.1
1680,2014-10-30,3642.0
1681,2014-10-31,3732.15
1682,2014-11-03,3776.65
1683,2014-11-05,3815.9
1684,2014-11-07,3779.35
1685,2014-11-10,3773.0
1686,2014-11-11,3824.9
1687,2014-11-12,3828.8
1688,2014-11-13,3773.7
1689,2014-11-14,3843.2
1690,2014-11-17,4005.0
1691,2014-11-18,4023.45
1692,2014-11-19,3957.4
1693,2014-11-20,3974.9
1694,2014-11-21,4062.65
1695,2014-11-24,4101.15
1696,2014-11-25,4011.15
1697,2014-11-26,4027.5
1698,2014-11-27,4045.4
1699,2014-11-28,4274.8
1700,2014-12-01,4254.9
1701,2014-12-02,4276.75
1702,2014-12-03,4278.35
1703,2014-12-04,4309.3
1704,2014-12-05,4305.1
1705,2014-12-08,4245.25
1706,2014-12-09,4136.45
1707,2014-12-10,4263.65
1708,2014-12-11,4242.65
1709,2014-12-12,4192.0
1710,2014-12-15,4181.7
1711,2014-12-16,4001.75
1712,2014-12-17,4067.65
1713,2014-12-18,4181.6
1714,2014-12-19,4138.9
1715,2014-12-22,4188.75
1716,2014-12-23,4174.2
1717,2014-12-24,4172.0
1718,2014-12-26,4227.15
1719,2014-12-29,4212.8
1720,2014-12-30,4252.4
1721,2014-12-31,4269.3
1722,2015-01-01,4294.65
1723,2015-01-02,4311.65
1724,2015-01-05,4281.15
1725,2015-01-06,4104.6
1726,2015-01-07,4091.6
1727,2015-01-08,4164.75
1728,2015-01-09,4138.7
1729,2015-01-12,4201.15
1730,2015-01-13,4170.45
1731,2015-01-14,4141.35
1732,2015-01-15,4327.0
1733,2015-01-16,4261.0
1734,2015-01-19,4254.1
1735,2015-01-20,4302.45
1736,2015-01-21,4407.8
1737,2015-01-22,4373.55
1738,2015-01-23,4382.4
1739,2015-01-27,4385.35
1740,2015-01-28,4419.25
1741,2015-01-29,4299.15
1742,2015-01-30,4046.45
1743,2015-02-02,4039.6
1744,2015-02-03,3924.6
1745,2015-02-04,3864.45
1746,2015-02-05,3784.65
1747,2015-02-06,3766.7
1748,2015-02-09,3635.55
1749,2015-02-10,3704.85
1750,2015-02-11,3726.75
1751,2015-02-12,3693.8
1752,2015-02-13,3901.55
1753,2015-02-16,3892.55
1754,2015-02-18,3887.0
1755,2015-02-19,3839.95
1756,2015-02-20,3875.05
1757,2015-02-23,3806.15
1758,2015-02-24,3784.05
1759,2015-02-25,3770.9
1760,2015-02-26,3685.9
1761,2015-02-27,3836.55
1762,2015-02-28,3857.55
1763,2015-03-02,3856.4
1764,2015-03-03,3902.6
1765,2015-03-04,3783.85
1766,2015-03-05,3791.1
1767,2015-03-09,3732.1
1768,2015-03-10,3707.55
1769,2015-03-11,3682.1
1770,2015-03-12,3714.8
1771,2015-03-13,3648.25
1772,2015-03-16,3667.0
1773,2015-03-17,3681.4
1774,2015-03-18,3722.3
1775,2015-03-19,3632.7
1776,2015-03-20,3589.6
1777,2015-03-23,3547.3
1778,2015-03-24,3499.35
1779,2015-03-25,3438.65
1780,2015-03-26,3331.35
1781,2015-03-27,3381.75
1782,2015-03-30,3436.3
1783,2015-03-31,3410.4
1784,2015-04-01,3507.8
1785,2015-04-06,3506.35
1786,2015-04-07,3493.7
1787,2015-04-08,3506.5
1788,2015-04-09,3604.7
1789,2015-04-10,3662.3
1790,2015-04-13,3681.85
1791,2015-04-15,3733.95
1792,2015-04-16,3731.7
1793,2015-04-17,3737.2
1794,2015-04-20,3681.2
1795,2015-04-21,3699.3
1796,2015-04-22,3653.25
1797,2015-04-23,3591.35
1798,2015-04-24,3536.3
1799,2015-04-27,3457.75
1800,2015-04-28,3517.35
1801,2015-04-29,3505.65
1802,2015-04-30,3484.6
1803,2015-05-04,3579.0
1804,2015-05-05,3530.4
1805,2015-05-06,3413.55
1806,2015-05-07,3328.85
1807,2015-05-08,3295.15
1808,2015-05-11,3498.1
1809,2015-05-12,3369.15
1810,2015-05-13,3459.2
1811,2015-05-14,3557.65
1812,2015-05-15,3586.5
1813,2015-05-18,3600.1
1814,2015-05-19,3588.9
1815,2015-05-20,3621.75
1816,2015-05-21,3591.3
1817,2015-05-22,3524.15
1818,2015-05-25,3489.75
1819,2015-05-26,3482.95
1820,2015-05-27,3538.5
1821,2015-05-28,3516.95
1822,2015-05-29,3531.1
1823,2015-06-01,3537.65
1824,2015-06-02,3391.4
1825,2015-06-03,3311.25
1826,2015-06-04,3290.1
1827,2015-06-05,3280.15
1828,2015-06-08,3214.5
1829,2015-06-09,3226.85
1830,2015-06-10,3255.7
1831,2015-06-11,3168.2
1832,2015-06-12,3166.85
1833,2015-06-15,3120.55
1834,2015-06-16,3168.1
1835,2015-06-17,3168.65
1836,2015-06-18,3181.35
1837,2015-06-19,3214.2
1838,2015-06-22,3296.45
1839,2015-06-23,3338.8
1840,2015-06-24,3259.75
1841,2015-06-25,3276.7
1842,2015-06-26,3262.9
1843,2015-06-29,3205.25
1844,2015-06-30,3228.2
1845,2015-07-01,3307.3
1846,2015-07-02,3303.4
1847,2015-07-03,3328.75
1848,2015-07-06,3360.45
1849,2015-07-07,3380.4
1850,2015-07-08,3310.8
1851,2015-07-09,3334.0
1852,2015-07-10,3373.4
1853,2015-07-13,3404.6
1854,2015-07-14,3358.1
1855,2015-07-15,3349.0
1856,2015-07-16,3387.9
1857,2015-07-17,3380.95
1858,2015-07-20,3320.4
1859,2015-07-21,3271.35
1860,2015-07-22,3320.15
1861,2015-07-23,3332.75
1862,2015-07-24,3274.25
1863,2015-07-27,3199.0
1864,2015-07-28,3211.55
1865,2015-07-29,3150.35
1866,2015-07-30,3258.85
1867,2015-07-31,3411.8
1868,2015-08-03,3543.4
1869,2015-08-04,3650.7
1870,2015-08-05,3617.6
1871,2015-08-06,3666.25
1872,2015-08-07,3579.35
1873,2015-08-10,3576.3
1874,2015-08-11,3442.95
1875,2015-08-12,3310.35
1876,2015-08-13,3331.15
1877,2015-08-14,3483.7
1878,2015-08-17,3699.2
1879,2015-08-18,3728.5
1880,2015-08-19,3645.8
1881,2015-08-20,3522.3
1882,2015-08-21,3493.4
1883,2015-08-24,3166.7
1884,2015-08-25,3233.5
1885,2015-08-26,3146.4
1886,2015-08-27,3230.25
1887,2015-08-28,3203.4
1888,2015-08-31,3200.3
1889,2015-09-01,3058.5
1890,2015-09-02,2961.75
1891,2015-09-03,3001.8
1892,2015-09-04,2923.35
1893,2015-09-07,2866.6
1894,2015-09-08,2966.05
1895,2015-09-09,3016.55
1896,2015-09-10,2965.1
1897,2015-09-11,2994.55
1898,2015-09-14,3068.55
1899,2015-09-15,3038.35
1900,2015-09-16,3068.55
1901,2015-09-18,3147.45
1902,2015-09-21,3201.15
1903,2015-09-22,3099.1
1904,2015-09-23,3135.35
1905,2015-09-24,3123.1
1906,2015-09-28,3123.8
1907,2015-09-29,3158.45
1908,2015-09-30,3098.75
1909,2015-10-01,3074.45
1910,2015-10-05,3151.3
1911,2015-10-06,3156.8
1912,2015-10-07,3197.2
1913,2015-10-08,3194.3
1914,2015-10-09,3182.1
1915,2015-10-12,3174.45
1916,2015-10-13,3163.0
1917,2015-10-14,3153.2
1918,2015-10-15,3217.1
1919,2015-10-16,3260.1
1920,2015-10-19,3250.4
1921,2015-10-20,3260.5
1922,2015-10-21,3200.85
1923,2015-10-23,3226.35
1924,2015-10-26,3195.4
1925,2015-10-27,3173.25
1926,2015-10-28,3094.0
1927,2015-10-29,3045.3
1928,2015-10-30,3029.7
1929,2015-11-02,3039.15
1930,2015-11-03,3030.45
1931,2015-11-04,3060.7
1932,2015-11-05,3002.65
1933,2015-11-06,3103.8
1934,2015-11-09,3147.7
1935,2015-11-10,3107.1
1936,2015-11-11,3128.4
1937,2015-11-13,3107.15
1938,2015-11-16,3194.35
1939,2015-11-17,3178.45
1940,2015-11-18,3087.7
1941,2015-11-19,3119.5
1942,2015-11-20,3122.2
1943,2015-11-23,3111.3
1944,2015-11-24,3090.75
1945,2015-11-26,3107.65
1946,2015-11-27,3217.05
1947,2015-11-30,3235.35
1948,2015-12-01,3227.25
1949,2015-12-02,3156.1
1950,2015-12-03,3110.65
1951,2015-12-04,3085.15
1952,2015-12-07,3060.2
1953,2015-12-08,3011.45
1954,2015-12-09,2982.1
1955,2015-12-10,2953.35
1956,2015-12-11,2885.65
1957,2015-12-14,2882.7
1958,2015-12-15,2881.9
1959,2015-12-16,2893.15
1960,2015-12-17,2936.2
1961,2015-12-18,2903.7
1962,2015-12-21,2941.55
1963,2015-12-22,2907.4
1964,2015-12-23,2926.9
1965,2015-12-24,2909.45
1966,2015-12-28,2921.5
1967,2015-12-29,2908.95
1968,2015-12-30,2878.45
1969,2015-12-31,2864.3
1970,2016-01-01,2908.45
1971,2016-01-04,2806.65
1972,2016-01-05,2767.65
1973,2016-01-06,2757.95
1974,2016-01-07,2645.55
1975,2016-01-08,2645.8
1976,2016-01-11,2591.35
1977,2016-01-12,2520.65
1978,2016-01-13,2512.65
1979,2016-01-14,2455.8
1980,2016-01-15,2312.9
1981,2016-01-18,2274.45
1982,2016-01-19,2298.95
1983,2016-01-20,2193.0
1984,2016-01-21,2227.0
1985,2016-01-22,2339.1
1986,2016-01-25,2317.7
1987,2016-01-27,2347.35
1988,2016-01-28,2343.9
1989,2016-01-29,2292.6
1990,2016-02-01,2214.85
1991,2016-02-02,2182.45
1992,2016-02-03,2141.3
1993,2016-02-04,2124.3
1994,2016-02-05,2201.4
1995,2016-02-08,2247.65
1996,2016-02-09,2165.35
1997,2016-02-10,2048.8
1998,2016-02-11,1983.9
1999,2016-02-12,1968.0
2000,2016-02-15,2156.35
2001,2016-02-16,2023.4
2002,2016-02-17,2064.8
2003,2016-02-18,2072.8
2004,2016-02-19,2126.25
2005,2016-02-22,2124.35
2006,2016-02-23,2045.55
2007,2016-02-24,2031.2
2008,2016-02-25,1983.8
2009,2016-02-26,2020.65
2010,2016-02-29,2037.1
2011,2016-03-01,2090.5
2012,2016-03-02,2297.5
2013,2016-03-03,2312.9
2014,2016-03-04,2388.75
2015,2016-03-08,2327.4
2016,2016-03-09,2334.7
2017,2016-03-10,2295.9
2018,2016-03-11,2294.4
2019,2016-03-14,2311.4
2020,2016-03-15,2349.3
2021,2016-03-16,2348.95
2022,2016-03-17,2356.5
2023,2016-03-18,2408.8
2024,2016-03-21,2473.55
2025,2016-03-22,2472.6
2026,2016-03-23,2454.65
2027,2016-03-28,2359.7
2028,2016-03-29,2371.95
2029,2016-03-30,2470.5
2030,2016-03-31,2448.95
2031,2016-04-01,2500.5
2032,2016-04-04,2483.3
2033,2016-04-05,2355.8
2034,2016-04-06,2342.2
2035,2016-04-07,2320.8
2036,2016-04-08,2331.85
2037,2016-04-11,2400.75
2038,2016-04-12,2398.75
2039,2016-04-13,2447.55
2040,2016-04-18,2388.85
2041,2016-04-20,2414.4
2042,2016-04-21,2500.9
2043,2016-04-22,2563.4
2044,2016-04-25,2519.55
2045,2016-04-26,2566.45
2046,2016-04-27,2525.4
2047,2016-04-28,2482.7
2048,2016-04-29,2444.05
2049,2016-05-02,2403.4
2050,2016-05-03,2371.9
2051,2016-05-04,2312.15
2052,2016-05-05,2314.1
2053,2016-05-06,2352.5
2054,2016-05-09,2412.5
2055,2016-05-10,2422.85
2056,2016-05-11,2370.4
2057,2016-05-12,2399.55
2058,2016-05-13,2353.65
2059,2016-05-16,2241.2
2060,2016-05-17,2243.5
2061,2016-05-18,2281.35
2062,2016-05-19,2195.65
2063,2016-05-20,2174.95
2064,2016-05-23,2138.9
2065,2016-05-24,2140.4
2066,2016-05-25,2208.45
2067,2016-05-26,2289.35
2068,2016-05-27,2399.85
2069,2016-05-30,2424.35
2070,2016-05-31,2494.75
2071,2016-06-01,2415.5
2072,2016-06-02,2446.05
2073,2016-06-03,2398.1
2074,2016-06-06,2430.45
2075,2016-06-07,2529.5
2076,2016-06-08,2553.3
2077,2016-06-09,2558.15
2078,2016-06-10,2519.35
2079,2016-06-13,2478.75
2080,2016-06-14,2557.05
2081,2016-06-15,2633.5
2082,2016-06-16,2648.1
2083,2016-06-17,2633.7
2084,2016-06-20,2665.9
2085,2016-06-21,2645.5
2086,2016-06-22,2632.45
2087,2016-06-23,2685.6
2088,2016-06-24,2619.0
2089,2016-06-27,2693.1
2090,2016-06-28,2693.2
2091,2016-06-29,2705.05
2092,2016-06-30,2725.0
2093,2016-07-01,2742.5
2094,2016-07-04,2811.95
2095,2016-07-05,2822.95
2096,2016-07-07,2796.05
2097,2016-07-08,2769.8
2098,2016-07-11,2876.5
2099,2016-07-12,2886.7
2100,2016-07-13,2882.05
2101,2016-07-14,2958.05
2102,2016-07-15,2955.4
2103,2016-07-18,2900.25
2104,2016-07-19,2907.8
2105,2016-07-20,2913.95
2106,2016-07-21,2832.05
2107,2016-07-22,2797.25
2108,2016-07-25,2897.95
2109,2016-07-26,2864.9
2110,2016-07-27,2894.75
2111,2016-07-28,2896.2
2112,2016-07-29,2862.9
2113,2016-08-01,2824.6
2114,2016-08-02,2844.85
2115,2016-08-03,2824.3
2116,2016-08-04,2843.95
2117,2016-08-05,2914.9
2118,2016-08-08,2905.35
2119,2016-08-09,2926.4
2120,2016-08-10,2878.2
2121,2016-08-11,2796.95
2122,2016-08-12,2960.7
2123,2016-08-16,2984.4
2124,2016-08-17,2995.5
2125,2016-08-18,3028.6
2126,2016-08-19,3135.65
2127,2016-08-22,3100.4
2128,2016-08-23,3112.7
2129,2016-08-24,3109.0
2130,2016-08-25,3069.75
2131,2016-08-26,3018.9
2132,2016-08-29,3045.45
2133,2016-08-30,3109.3
2134,2016-08-31,3110.4
2135,2016-09-01,3086.8
2136,2016-09-02,3129.05
2137,2016-09-06,3202.0
2138,2016-09-07,3298.55
2139,2016-09-08,3323.35
2140,2016-09-09,3287.95
2141,2016-09-12,3132.0
2142,2016-09-14,3213.4
2143,2016-09-15,3182.9
2144,2016-09-16,3154.45
2145,2016-09-19,3173.55
2146,2016-09-20,3161.3
2147,2016-09-21,3123.25
2148,2016-09-22,3212.1
2149,2016-09-23,3176.0
2150,2016-09-26,3143.2
2151,2016-09-27,3111.6
2152,2016-09-28,3187.85
2153,2016-09-29,3067.0
2154,2016-09-30,3129.65
2155,2016-10-03,3187.7
2156,2016-10-04,3245.5
2157,2016-10-05,3251.5
2158,2016-10-06,3192.85
2159,2016-10-07,3211.2
2160,2016-10-10,3185.45
2161,2016-10-13,3081.0
2162,2016-10-14,3103.05
2163,2016-10-17,3090.3
2164,2016-10-18,3152.5
2165,2016-10-19,3142.15
2166,2016-10-20,3208.9
2167,2016-10-21,3195.55
2168,2016-10-24,3242.3
2169,2016-10-25,3219.65
2170,2016-10-26,3180.45
2171,2016-10-27,3143.7
2172,2016-10-28,3177.3
2173,2016-10-30,3173.6
2174,2016-11-01,3177.55
2175,2016-11-02,3067.45
2176,2016-11-03,3005.85
2177,2016-11-04,2961.2
2178,2016-11-07,3075.65
2179,2016-11-08,3073.3
2180,2016-11-09,3137.9
2181,2016-11-10,3411.65
2182,2016-11-11,3320.25
2183,2016-11-15,3395.35
2184,2016-11-16,3372.8
2185,2016-11-17,3377.1
2186,2016-11-18,3382.6
2187,2016-11-21,3149.5
2188,2016-11-22,3154.35
2189,2016-11-23,3162.85
2190,2016-11-24,3201.65
2191,2016-11-25,3208.65
2192,2016-11-28,3126.95
2193,2016-11-29,3114.05
2194,2016-11-30,3179.5
2195,2016-12-01,3140.9
2196,2016-12-02,3114.0
2197,2016-12-05,3147.4
2198,2016-12-06,3161.3
2199,2016-12-07,3110.35
2200,2016-12-08,3153.35
2201,2016-12-09,3230.55
2202,2016-12-12,3180.95
2203,2016-12-13,3200.4
2204,2016-12-14,3158.8
2205,2016-12-15,3182.6
2206,2016-12-16,3169.05
2207,2016-12-19,3134.7
2208,2016-12-20,3055.3
2209,2016-12-21,3060.45
2210,2016-12-22,3002.4
2211,2016-12-23,2991.3
2212,2016-12-26,2910.65
2213,2016-12-27,2961.2
2214,2016-12-28,2947.5
2215,2016-12-29,2948.4
2216,2016-12-30,2982.0
2217,2017-01-02,2922.25
2218,2017-01-03,2940.4
2219,2017-01-04,2916.15
2220,2017-01-05,2953.95
2221,2017-01-06,2969.85
2222,2017-01-09,2982.1
2223,2017-01-10,2993.35
2224,2017-01-11,3062.1
2225,2017-01-12,3054.0
2226,2017-01-13,3048.3
2227,2017-01-16,3099.9
2228,2017-01-17,3105.95
2229,2017-01-18,3126.35
2230,2017-01-19,3136.75
2231,2017-01-20,3040.1
2232,2017-01-23,3073.3
2233,2017-01-24,3090.8
2234,2017-01-25,3153.25
2235,2017-01-27,3234.15
2236,2017-01-30,3223.1
2237,2017-01-31,3174.35
2238,2017-02-01,3300.2
2239,2017-02-02,3347.75
2240,2017-02-03,3445.1
2241,2017-02-06,3432.3
2242,2017-02-07,3450.45
2243,2017-02-08,3439.6
2244,2017-02-09,3404.4
2245,2017-02-10,3414.15
2246,2017-02-13,3312.45
2247,2017-02-14,3308.0
2248,2017-02-15,3259.8
2249,2017-02-16,3283.95
2250,2017-02-17,3275.45
2251,2017-02-20,3292.95
2252,2017-02-21,3310.8
2253,2017-02-22,3313.85
2254,2017-02-23,3297.55
2255,2017-02-27,3262.45
2256,2017-02-28,3286.35
2257,2017-03-01,3310.7
2258,2017-03-02,3247.0
2259,2017-03-03,3223.95
2260,2017-03-06,3272.95
2261,2017-03-07,3253.4
2262,2017-03-08,3261.35
2263,2017-03-09,3285.05
2264,2017-03-10,3273.5
2265,2017-03-14,3308.1
2266,2017-03-15,3351.35
2267,2017-03-16,3388.2
2268,2017-03-17,3327.0
2269,2017-03-20,3336.65
2270,2017-03-21,3306.0
2271,2017-03-22,3241.0
2272,2017-03-23,3252.1
2273,2017-03-24,3359.85
2274,2017-03-27,3404.05
2275,2017-03-28,3432.55
2276,2017-03-29,3487.1
2277,2017-03-30,3514.35
2278,2017-03-31,3526.6
2279,2017-04-03,3525.75
2280,2017-04-05,3576.05
2281,2017-04-06,3537.65
2282,2017-04-07,3483.95
2283,2017-04-10,3505.5
2284,2017-04-11,3578.25
2285,2017-04-12,3531.4
2286,2017-04-13,3545.75
2287,2017-04-17,3532.15
2288,2017-04-18,3531.65
2289,2017-04-19,3473.25
2290,2017-04-20,3504.55
2291,2017-04-21,3473.1
2292,2017-04-24,3523.0
2293,2017-04-25,3548.25
2294,2017-04-26,3566.85
2295,2017-04-27,3537.7
2296,2017-04-28,3659.3
2297,2017-05-02,3654.5
2298,2017-05-03,3691.35
2299,2017-05-04,3817.5
2300,2017-05-05,3750.5
2301,2017-05-08,3790.6
2302,2017-05-09,3741.9
2303,2017-05-10,3711.65
2304,2017-05-11,3749.85
2305,2017-05-12,3726.15
2306,2017-05-15,3751.85
2307,2017-05-16,3841.3
2308,2017-05-17,3817.85
2309,2017-05-18,3737.8
2310,2017-05-19,3769.1
2311,2017-05-22,3611.85
2312,2017-05-23,3548.05
2313,2017-05-24,3467.45
2314,2017-05-25,3558.55
2315,2017-05-26,3538.9
2316,2017-05-29,3459.45
2317,2017-05-30,3520.65
2318,2017-05-31,3514.4
2319,2017-06-01,3518.75
2320,2017-06-02,3527.3
2321,2017-06-05,3530.85
2322,2017-06-06,3505.2
2323,2017-06-07,3548.65
2324,2017-06-08,3518.15
2325,2017-06-09,3518.8
2326,2017-06-12,3449.95
2327,2017-06-13,3446.4
2328,2017-06-14,3478.2
2329,2017-06-15,3456.4
2330,2017-06-16,3463.4
2331,2017-06-19,3486.75
2332,2017-06-20,3484.25
2333,2017-06-21,3495.5
2334,2017-06-22,3514.5
2335,2017-06-23,3444.25
2336,2017-06-27,3328.0
2337,2017-06-28,3306.8
2338,2017-06-29,3279.9
2339,2017-06-30,3302.4
2340,2017-07-03,3319.9
2341,2017-07-04,3288.45
2342,2017-07-05,3313.4
2343,2017-07-06,3391.35
2344,2017-07-07,3380.7
2345,2017-07-10,3474.9
2346,2017-07-11,3431.0
2347,2017-07-12,3477.1
2348,2017-07-13,3486.45
2349,2017-07-14,3519.9
2350,2017-07-17,3530.95
2351,2017-07-18,3519.25
2352,2017-07-19,3549.4
2353,2017-07-20,3508.35
2354,2017-07-21,3511.35
2355,2017-07-24,3563.95
2356,2017-07-25,3590.0
2357,2017-07-26,3573.0
2358,2017-07-27,3568.0
2359,2017-07-28,3592.45
2360,2017-07-31,3722.55
2361,2017-08-01,3672.35
2362,2017-08-02,3658.85
2363,2017-08-03,3552.95
2364,2017-08-04,3601.95
2365,2017-08-07,3657.1
2366,2017-08-08,3569.6
2367,2017-08-09,3555.65
2368,2017-08-10,3461.35
2369,2017-08-11,3293.35
2370,2017-08-14,3286.45
2371,2017-08-16,3355.45
2372,2017-08-17,3336.9
2373,2017-08-18,3305.75
2374,2017-08-21,3245.7
2375,2017-08-22,3232.55
2376,2017-08-23,3300.25
2377,2017-08-24,3323.05
2378,2017-08-28,3319.85
2379,2017-08-29,3279.95
2380,2017-08-30,3281.65
2381,2017-08-31,3291.15
2382,2017-09-01,3296.3
2383,2017-09-04,3282.7
2384,2017-09-05,3283.1
2385,2017-09-06,3250.85
2386,2017-09-07,3253.5
2387,2017-09-08,3220.1
2388,2017-09-11,3218.9
2389,2017-09-12,3260.85
2390,2017-09-13,3272.25
2391,2017-09-14,3294.7
2392,2017-09-15,3278.25
2393,2017-09-18,3270.85
2394,2017-09-19,3245.05
2395,2017-09-20,3277.45
2396,2017-09-21,3243.5
2397,2017-09-22,3152.8
2398,2017-09-25,3125.95
2399,2017-09-26,3122.4
2400,2017-09-27,3026.8
2401,2017-09-28,3042.2
2402,2017-09-29,3042.1
2403,2017-10-03,3023.35
2404,2017-10-04,3040.45
2405,2017-10-05,3039.1
2406,2017-10-06,3101.9
2407,2017-10-09,3100.7
2408,2017-10-10,3104.2
2409,2017-10-11,3029.65
2410,2017-10-12,3028.25
2411,2017-10-13,3045.45
2412,2017-10-16,3039.1
2413,2017-10-17,3037.8
2414,2017-10-18,2962.3
2415,2017-10-19,2942.7
2416,2017-10-23,2980.35
2417,2017-10-24,3093.35
2418,2017-10-25,4009.8
2419,2017-10-26,3988.45
2420,2017-10-27,3820.7
2421,2017-10-30,3867.2
2422,2017-10-31,3784.25
2423,2017-11-01,3921.95
2424,2017-11-02,3862.35
2425,2017-11-03,3975.4
2426,2017-11-06,4011.8
2427,2017-11-07,3854.35
2428,2017-11-08,3777.35
2429,2017-11-09,3835.75
2430,2017-11-10,4001.45
2431,2017-11-13,3975.1
2432,2017-11-14,3949.2
2433,2017-11-15,3904.55
2434,2017-11-16,4030.45
2435,2017-11-17,4068.85
2436,2017-11-20,4031.3
2437,2017-11-21,3994.5
2438,2017-11-22,4044.85
2439,2017-11-23,4030.2
2440,2017-11-24,4007.3
2441,2017-11-27,4029.3
2442,2017-11-28,3984.85
2443,2017-11-29,3947.8
2444,2017-11-30,3856.65
2445,2017-12-01,3766.7
2446,2017-12-04,3780.5
2447,2017-12-05,3832.3
2448,2017-12-06,3751.75
2449,2017-12-07,3798.55
2450,2017-12-08,3767.1
2451,2017-12-11,3809.15
2452,2017-12-12,3798.9
2453,2017-12-13,3729.35
2454,2017-12-14,3742.3
2455,2017-12-15,3734.95
2456,2017-12-18,3822.7
2457,2017-12-19,3829.05
2458,2017-12-20,3784.9
2459,2017-12-21,3789.7
2460,2017-12-22,3819.6
2461,2017-12-26,3792.45
2462,2017-12-27,3767.55
2463,2017-12-28,3694.45
2464,2017-12-29,3700.55
2465,2018-01-01,3678.8
2466,2018-01-02,3623.85
2467,2018-01-03,3622.85
2468,2018-01-04,3720.3
2469,2018-01-05,3694.7
2470,2018-01-08,3688.65
2471,2018-01-09,3678.75
2472,2018-01-10,3628.0
2473,2018-01-11,3640.55
2474,2018-01-12,3639.1
2475,2018-01-15,3645.8
2476,2018-01-16,3543.3
2477,2018-01-17,3690.9
2478,2018-01-18,3631.45
2479,2018-01-19,3710.7
2480,2018-01-22,3685.5
2481,2018-01-23,3831.95
2482,2018-01-24,3965.6
2483,2018-01-25,3757.7
2484,2018-01-29,3704.75
2485,2018-01-30,3702.6
2486,2018-01-31,3681.75
2487,2018-02-01,3597.1
2488,2018-02-02,3492.85
2489,2018-02-05,3512.9
2490,2018-02-06,3438.95
2491,2018-02-07,3432.75
2492,2018-02-08,3523.35
2493,2018-02-09,3480.65
2494,2018-02-12,3473.05
2495,2018-02-14,3307.05
2496,2018-02-15,3270.55
2497,2018-02-16,3189.05
2498,2018-02-19,3110.65
2499,2018-02-20,3136.55
2500,2018-02-21,3170.7
2501,2018-02-22,3155.0
2502,2018-02-23,3190.25
2503,2018-02-26,3167.8
2504,2018-02-27,3057.3
2505,2018-02-28,3078.9
2506,2018-03-01,3021.45
2507,2018-03-05,3023.2
2508,2018-03-06,2936.35
2509,2018-03-07,2831.4
2510,2018-03-08,2910.7
2511,2018-03-09,2858.15
2512,2018-03-12,2844.7
2513,2018-03-13,2910.85
2514,2018-03-14,2961.75
2515,2018-03-15,2940.0
2516,2018-03-16,2932.0
2517,2018-03-19,2854.8
2518,2018-03-20,2864.45
2519,2018-03-21,2862.35
2520,2018-03-22,2804.85
2521,2018-03-23,2715.9
2522,2018-03-26,2850.1
2523,2018-03-27,2935.0
2524,2018-03-28,2878.5
2525,2018-04-02,2854.4
2526,2018-04-03,2901.45
2527,2018-04-04,2852.3
2528,2018-04-05,2992.5
2529,2018-04-06,3019.35
2530,2018-04-09,3044.35
2531,2018-04-10,3064.8
2532,2018-04-11,2993.3
2533,2018-04-12,2955.35
2534,2018-04-13,2941.2
2535,2018-04-16,2918.0
2536,2018-04-17,2899.55
2537,2018-04-18,2867.6
2538,2018-04-19,2870.7
2539,2018-04-20,2799.1
2540,2018-04-23,2818.15
2541,2018-04-24,2789.9
2542,2018-04-25,2743.9
2543,2018-04-26,2711.85
2544,2018-04-27,2814.9
2545,2018-04-30,2863.65
2546,2018-05-02,2792.25
2547,2018-05-03,2794.45
2548,2018-05-04,2784.4
2549,2018-05-07,2840.8
2550,2018-05-08,2876.5
2551,2018-05-09,2855.45
2552,2018-05-10,2821.2
2553,2018-05-11,2841.85
2554,2018-05-14,2862.85
2555,2018-05-15,2795.05
2556,2018-05-16,2709.9
2557,2018-05-17,2706.9
2558,2018-05-18,2656.75
2559,2018-05-21,2727.55
2560,2018-05-22,2816.1
2561,2018-05-23,2896.0
2562,2018-05-24,2946.35
2563,2018-05-25,2950.0
2564,2018-05-28,3029.45
2565,2018-05-29,2940.05
2566,2018-05-30,2958.7
2567,2018-05-31,2969.0
2568,2018-06-01,2938.35
2569,2018-06-04,2891.7
2570,2018-06-05,2880.65
2571,2018-06-06,2953.5
2572,2018-06-07,2970.1
2573,2018-06-08,3019.35
2574,2018-06-11,3029.25
2575,2018-06-12,3099.9
2576,2018-06-13,3145.7
2577,2018-06-14,3100.35
2578,2018-06-15,3032.75
2579,2018-06-18,3022.05
2580,2018-06-19,2974.65
2581,2018-06-20,2972.7
2582,2018-06-21,2913.35
2583,2018-06-22,2948.3
2584,2018-06-25,2886.75
2585,2018-06-26,2879.0
2586,2018-06-27,2809.1
2587,2018-06-28,2754.45
2588,2018-06-29,2791.5
2589,2018-07-02,2793.45
2590,2018-07-03,2771.8
2591,2018-07-04,2765.9
2592,2018-07-05,2752.0
2593,2018-07-06,2772.25
2594,2018-07-09,2815.3
2595,2018-07-10,2845.95
2596,2018-07-11,2791.7
2597,2018-07-12,2822.95
2598,2018-07-13,2765.15
2599,2018-07-16,2695.4
2600,2018-07-17,2799.4
2601,2018-07-18,2775.85
2602,2018-07-19,2790.05
2603,2018-07-20,2802.35
2604,2018-07-23,2868.7
2605,2018-07-24,2895.95
2606,2018-07-25,2935.85
2607,2018-07-26,3095.9
2608,2018-07-27,3093.7
2609,2018-07-30,3226.7
2610,2018-07-31,3186.25
2611,2018-08-01,3202.75
2612,2018-08-02,3178.9
2613,2018-08-03,3239.0
2614,2018-08-06,3323.6
2615,2018-08-07,3252.35
2616,2018-08-08,3281.3
2617,2018-08-09,3379.2
2618,2018-08-10,3250.85
2619,2018-08-13,3146.05
2620,2018-08-14,3151.85
2621,2018-08-16,3127.45
2622,2018-08-17,3222.05
2623,2018-08-20,3285.2
2624,2018-08-21,3278.35
2625,2018-08-23,3238.2
2626,2018-08-24,3214.6
2627,2018-08-27,3283.9
2628,2018-08-28,3234.0
2629,2018-08-29,3285.95
2630,2018-08-30,3295.2
2631,2018-08-31,3315.5
2632,2018-09-03,3283.55
2633,2018-09-04,3167.05
2634,2018-09-05,3159.95
2635,2018-09-06,3162.7
2636,2018-09-07,3135.95
2637,2018-09-10,3068.15
2638,2018-09-11,3034.15
2639,2018-09-12,3041.65
2640,2018-09-14,3096.2
2641,2018-09-17,3056.1
2642,2018-09-18,2890.0
2643,2018-09-19,2881.4
2644,2018-09-21,2834.15
2645,2018-09-24,2757.1
2646,2018-09-25,2801.75
2647,2018-09-26,2749.2
2648,2018-09-27,2724.05
2649,2018-09-28,2700.45
2650,2018-10-01,2798.6
2651,2018-10-03,2785.7
2652,2018-10-04,2777.8
2653,2018-10-05,2656.0
2654,2018-10-08,2703.5
2655,2018-10-09,2670.15
2656,2018-10-10,2819.2
2657,2018-10-11,2673.85
2658,2018-10-12,2704.1
2659,2018-10-15,2706.55
2660,2018-10-16,2780.3
2661,2018-10-17,2685.4
2662,2018-10-19,2685.95
2663,2018-10-22,2670.7
2664,2018-10-23,2628.85
2665,2018-10-24,2636.9
2666,2018-10-25,2582.25
2667,2018-10-26,2572.85
2668,2018-10-29,2778.4
2669,2018-10-30,2846.95
2670,2018-10-31,2915.85
2671,2018-11-01,2940.95
2672,2018-11-02,2923.15
2673,2018-11-05,3008.25
2674,2018-11-06,2941.25
2675,2018-11-07,2946.2
2676,2018-11-09,2928.45
2677,2018-11-12,2867.7
2678,2018-11-13,2865.45
2679,2018-11-14,2923.85
2680,2018-11-15,2942.65
2681,2018-11-16,3002.3
2682,2018-11-19,2979.8
2683,2018-11-20,2923.6
2684,2018-11-21,2964.2
2685,2018-11-22,2919.85
2686,2018-11-26,2943.85
2687,2018-11-27,2973.65
2688,2018-11-28,2915.15
2689,2018-11-29,2931.45
2690,2018-11-30,2915.2
2691,2018-12-03,2944.15
2692,2018-12-04,2904.8
2693,2018-12-05,2879.65
2694,2018-12-06,2825.95
2695,2018-12-07,2824.7
2696,2018-12-10,2806.55
2697,2018-12-11,2880.8
2698,2018-12-12,2940.8
2699,2018-12-13,2971.0
2700,2018-12-14,2979.65
2701,2018-12-17,2982.3
2702,2018-12-18,3019.8
2703,2018-12-19,3106.25
2704,2018-12-20,3050.3
2705,2018-12-21,3034.45
2706,2018-12-24,3045.7
2707,2018-12-26,3062.15
2708,2018-12-27,3048.75
2709,2018-12-28,3079.9
2710,2018-12-31,3088.0
2711,2019-01-01,3137.2
2712,2019-01-02,3077.5
2713,2019-01-03,3054.15
2714,2019-01-04,3125.1
2715,2019-01-07,3109.1
2716,2019-01-08,3195.3
2717,2019-01-09,3187.4
2718,2019-01-10,3188.85
2719,2019-01-11,3160.0
2720,2019-01-14,3145.25
2721,2019-01-15,3151.1
2722,2019-01-16,3170.0
2723,2019-01-17,3120.4
2724,2019-01-18,3083.95
2725,2019-01-21,3043.45
2726,2019-01-22,3013.45
2727,2019-01-23,2975.0
2728,2019-01-24,2991.7
2729,2019-01-25,2950.65
2730,2019-01-28,2903.55
2731,2019-01-29,2920.4
2732,2019-01-30,2976.4
2733,2019-01-31,3025.8
2734,2019-02-01,2931.45
2735,2019-02-04,2916.75
2736,2019-02-05,2910.2
2737,2019-02-06,2951.5
2738,2019-02-07,2940.6
2739,2019-02-08,2895.8
2740,2019-02-11,2845.4
2741,2019-02-12,2799.6
2742,2019-02-13,2740.8
2743,2019-02-14,2748.8
2744,2019-02-15,2694.4
2745,2019-02-18,2660.8
2746,2019-02-19,2696.3
2747,2019-02-20,2742.65
2748,2019-02-21,2756.25
2749,2019-02-22,2777.4
2750,2019-02-25,2770.95
2751,2019-02-26,2729.7
2752,2019-02-27,2743.85
2753,2019-02-28,2760.8
2754,2019-03-01,2832.0
2755,2019-03-05,2895.8
2756,2019-03-06,2911.05
2757,2019-03-07,2952.05
2758,2019-03-08,2937.3
2759,2019-03-11,3006.95
2760,2019-03-12,3001.25
2761,2019-03-13,3050.6
2762,2019-03-14,3041.9
2763,2019-03-15,3098.95
2764,2019-03-18,3117.9
2765,2019-03-19,3176.3
2766,2019-03-20,3190.05
2767,2019-03-22,3124.2
2768,2019-03-25,3082.6
2769,2019-03-26,3178.95
2770,2019-03-27,3229.4
2771,2019-03-28,3346.25
2772,2019-03-29,3339.35
2773,2019-04-01,3384.85
2774,2019-04-02,3425.1
2775,2019-04-03,3332.1
2776,2019-04-04,3318.2
2777,2019-04-05,3294.9
2778,2019-04-08,3258.7
2779,2019-04-09,3312.0
2780,2019-04-10,3277.7
2781,2019-04-11,3275.6
2782,2019-04-12,3302.25
2783,2019-04-15,3289.2
2784,2019-04-16,3280.1
2785,2019-04-18,3212.65
2786,2019-04-22,3133.9
2787,2019-04-23,3121.35
2788,2019-04-24,3169.5
2789,2019-04-25,3119.9
2790,2019-04-26,3162.0
2791,2019-04-30,3056.35
2792,2019-05-02,3056.35
2793,2019-05-03,3089.6
2794,2019-05-06,3048.5
2795,2019-05-07,2981.3
2796,2019-05-08,2940.1
2797,2019-05-09,2947.4
2798,2019-05-10,3022.5
2799,2019-05-13,2871.45
2800,2019-05-14,2953.3
2801,2019-05-15,2900.5
2802,2019-05-16,2912.35
2803,2019-05-17,2949.2
2804,2019-05-20,3181.45
2805,2019-05-21,3141.4
2806,2019-05-22,3155.6
2807,2019-05-23,3150.65
2808,2019-05-24,3326.9
2809,2019-05-27,3394.95
2810,2019-05-28,3370.55
2811,2019-05-29,3275.9
2812,2019-05-30,3289.25
2813,2019-05-31,3247.6
2814,2019-06-03,3265.55
2815,2019-06-04,3273.8
2816,2019-06-06,3113.5
2817,2019-06-07,3107.9
2818,2019-06-10,3060.3
2819,2019-06-11,3112.05
2820,2019-06-12,3099.15
2821,2019-06-13,3066.9
2822,2019-06-14,3056.25
2823,2019-06-17,3006.15
2824,2019-06-18,3012.45
2825,2019-06-19,2985.15
2826,2019-06-20,3065.6
2827,2019-06-21,3085.55
2828,2019-06-24,3093.35
2829,2019-06-25,3126.55
2830,2019-06-26,3185.35
2831,2019-06-27,3184.3
2832,2019-06-28,3205.65
2833,2019-07-01,3218.1
2834,2019-07-02,3200.6
2835,2019-07-03,3255.65
2836,2019-07-04,3297.3
2837,2019-07-05,3303.35
2838,2019-07-08,3108.45
2839,2019-07-09,3151.65
2840,2019-07-10,3117.3
2841,2019-07-11,3170.9
2842,2019-07-12,3178.6
2843,2019-07-15,3097.35
2844,2019-07-16,3142.4
2845,2019-07-17,3177.55
2846,2019-07-18,3076.5
2847,2019-07-19,3018.1
2848,2019-07-22,3001.55
2849,2019-07-23,2908.05
2850,2019-07-24,2857.7
2851,2019-07-25,2831.15
2852,2019-07-26,2863.2
2853,2019-07-29,2848.5
2854,2019-07-30,2709.45
2855,2019-07-31,2756.25
2856,2019-08-01,2683.95
2857,2019-08-02,2655.65
2858,2019-08-05,2609.6
2859,2019-08-06,2647.05
2860,2019-08-07,2558.2
2861,2019-08-08,2602.55
2862,2019-08-09,2596.2
2863,2019-08-13,2526.9
2864,2019-08-14,2565.4
2865,2019-08-16,2603.6
2866,2019-08-19,2581.95
2867,2019-08-20,2521.25
2868,2019-08-21,2446.95
2869,2019-08-22,2354.7
2870,2019-08-23,2402.55
2871,2019-08-26,2488.45
2872,2019-08-27,2550.8
2873,2019-08-28,2517.3
2874,2019-08-29,2449.45
2875,2019-08-30,2474.4
2876,2019-09-03,2353.8
2877,2019-09-04,2375.7
2878,2019-09-05,2375.9
2879,2019-09-06,2381.3
2880,2019-09-09,2419.7
2881,2019-09-11,2495.0
2882,2019-09-12,2505.55
2883,2019-09-13,2511.8
2884,2019-09-16,2479.55
2885,2019-09-17,2388.55
2886,2019-09-18,2413.4
2887,2019-09-19,2359.15
2888,2019-09-20,2522.85
2889,2019-09-23,2583.35
2890,2019-09-24,2522.85
2891,2019-09-25,2380.8
2892,2019-09-26,2398.2
2893,2019-09-27,2376.35
2894,2019-09-30,2294.1
2895,2019-10-01,2207.45
2896,2019-10-03,2209.25
2897,2019-10-04,2173.7
2898,2019-10-07,2150.35
2899,2019-10-09,2217.0
2900,2019-10-10,2151.75
2901,2019-10-11,2166.75
2902,2019-10-14,2158.25
2903,2019-10-15,2167.4
2904,2019-10-16,2152.2
2905,2019-10-17,2216.85
2906,2019-10-18,2248.65
2907,2019-10-22,2261.05
2908,2019-10-23,2307.95
2909,2019-10-24,2225.2
2910,2019-10-25,2300.4
2911,2019-10-27,2307.05
2912,2019-10-29,2326.5
2913,2019-10-30,2413.4
2914,2019-10-31,2506.3
2915,2019-11-01,2542.45
2916,2019-11-04,2560.35
2917,2019-11-05,2539.1
2918,2019-11-06,2520.3
2919,2019-11-07,2484.1
2920,2019-11-08,2437.05
2921,2019-11-11,2461.05
2922,2019-11-13,2383.7
2923,2019-11-14,2379.4
2924,2019-11-15,2457.35
2925,2019-11-18,2492.45
2926,2019-11-19,2589.25
2927,2019-11-20,2572.25
2928,2019-11-21,2564.65
2929,2019-11-22,2559.65
2930,2019-11-25,2601.2
2931,2019-11-26,2579.7
2932,2019-11-27,2625.3
2933,2019-11-28,2716.95
2934,2019-11-29,2669.85
2935,2019-12-02,2646.75
2936,2019-12-03,2570.95
2937,2019-12-04,2621.15
2938,2019-12-05,2573.85
2939,2019-12-06,2460.85
2940,2019-12-09,2458.25
2941,2019-12-10,2418.8
2942,2019-12-11,2417.35
2943,2019-12-12,2471.2
2944,2019-12-13,2570.7
2945,2019-12-16,2555.25
2946,2019-12-17,2567.4
2947,2019-12-18,2512.85
2948,2019-12-19,2513.7
2949,2019-12-20,2570.9
2950,2019-12-23,2536.4
2951,2019-12-24,2532.45
2952,2019-12-26,2495.6
2953,2019-12-27,2568.45
2954,2019-12-30,2537.2
2955,2019-12-31,2524.35
2956,2020-01-01,2526.4
2957,2020-01-02,2576.7
2958,2020-01-03,2524.3
2959,2020-01-06,2414.65
2960,2020-01-07,2416.65
2961,2020-01-08,2401.85
2962,2020-01-09,2459.85
2963,2020-01-10,2461.4
2964,2020-01-13,2468.7
2965,2020-01-14,2462.35
2966,2020-01-15,2463.3
2967,2020-01-16,2465.8
2968,2020-01-17,2451.85
2969,2020-01-20,2414.9
2970,2020-01-21,2412.8
2971,2020-01-22,2410.0
2972,2020-01-23,2437.9
2973,2020-01-24,2446.3
2974,2020-01-27,2391.25
2975,2020-01-28,2370.65
2976,2020-01-29,2378.15
2977,2020-01-30,2346.75
2978,2020-01-31,2366.05
2979,2020-02-01,2277.95
2980,2020-02-03,2221.85
2981,2020-02-04,2241.15
2982,2020-02-05,2252.4
2983,2020-02-06,2316.05
2984,2020-02-07,2313.2
2985,2020-02-10,2290.45
2986,2020-02-11,2293.4
2987,2020-02-12,2249.25
2988,2020-02-13,2256.3
2989,2020-02-14,2211.2
2990,2020-02-17,2145.65
2991,2020-02-18,2128.2
2992,2020-02-19,2147.55
2993,2020-02-20,2168.95
2994,2020-02-24,2109.2
2995,2020-02-25,2109.6
2996,2020-02-26,2096.6
2997,2020-02-27,2049.1
2998,2020-02-28,1945.6
2999,2020-03-02,1857.6
3000,2020-03-03,1881.2
3001,2020-03-04,1865.9
3002,2020-03-05,1891.9
3003,2020-03-06,1794.8
3004,2020-03-09,1688.35
3005,2020-03-11,1635.95
3006,2020-03-12,1420.65
3007,2020-03-13,1573.25
3008,2020-03-16,1497.4
3009,2020-03-17,1490.35
3010,2020-03-18,1480.5
3011,2020-03-19,1438.85
3012,2020-03-20,1463.45
3013,2020-03-23,1277.75
3014,2020-03-24,1305.35
3015,2020-03-25,1327.55
3016,2020-03-26,1335.15
3017,2020-03-27,1339.65
3018,2020-03-30,1295.45
3019,2020-03-31,1324.85
3020,2020-04-01,1283.1
3021,2020-04-03,1232.3
3022,2020-04-07,1261.85
3023,2020-04-08,1261.25
3024,2020-04-09,1302.35
3025,2020-04-13,1276.95
3026,2020-04-15,1270.85
3027,2020-04-16,1289.0
3028,2020-04-17,1315.2
3029,2020-04-20,1370.15
3030,2020-04-21,1317.2
3031,2020-04-22,1315.9
3032,2020-04-23,1311.15
3033,2020-04-24,1262.6
3034,2020-04-27,1267.7
3035,2020-04-28,1283.6
3036,2020-04-29,1315.6
3037,2020-04-30,1326.05
3038,2020-05-04,1246.2
3039,2020-05-05,1205.35
3040,2020-05-06,1194.75
3041,2020-05-07,1195.4
3042,2020-05-08,1171.9
3043,2020-05-11,1164.55
3044,2020-05-12,1166.8
3045,2020-05-13,1238.05
3046,2020-05-14,1205.9
3047,2020-05-15,1186.1
3048,2020-05-18,1116.05
3049,2020-05-19,1087.2
3050,2020-05-20,1092.45
3051,2020-05-21,1099.65
3052,2020-05-22,1090.15
3053,2020-05-26,1090.25
3054,2020-05-27,1127.3
3055,2020-05-28,1122.95
3056,2020-05-29,1129.85
3057,2020-06-01,1215.4
3058,2020-06-02,1221.85
3059,2020-06-03,1284.45
3060,2020-06-04,1297.9
3061,2020-06-05,1386.75
3062,2020-06-08,1370.6
3063,2020-06-09,1347.9
3064,2020-06-10,1395.05
3065,2020-06-11,1340.85
3066,2020-06-12,1352.05
3067,2020-06-15,1371.5
3068,2020-06-16,1358.6
3069,2020-06-17,1353.0
3070,2020-06-18,1387.5
3071,2020-06-19,1418.4
3072,2020-06-22,1473.6
3073,2020-06-23,1523.9
3074,2020-06-24,1496.8
3075,2020-06-25,1489.15
3076,2020-06-26,1503.2
3077,2020-06-29,1453.45
3078,2020-06-30,1427.9
3079,2020-07-01,1479.7
3080,2020-07-02,1478.4
3081,2020-07-03,1464.45
3082,2020-07-06,1482.9
3083,2020-07-07,1477.8
3084,2020-07-08,1512.45
3085,2020-07-09,1530.55
3086,2020-07-10,1489.75
3087,2020-07-13,1465.25
3088,2020-07-14,1419.2
3089,2020-07-15,1399.75
3090,2020-07-16,1405.9
3091,2020-07-17,1431.6
3092,2020-07-20,1442.0
3093,2020-07-21,1472.1
3094,2020-07-22,1449.2
3095,2020-07-23,1467.05
3096,2020-07-24,1438.45
3097,2020-07-27,1393.75
3098,2020-07-28,1398.25
3099,2020-07-29,1419.3
3100,2020-07-30,1391.85
3101,2020-07-31,1411.6
3102,2020-08-03,1420.5
3103,2020-08-04,1420.2
3104,2020-08-05,1417.5
3105,2020-08-06,1412.95
3106,2020-08-07,1427.0
3107,2020-08-10,1437.9
3108,2020-08-11,1438.85
3109,2020-08-12,1477.7
3110,2020-08-13,1462.8
3111,2020-08-14,1425.15
3112,2020-08-17,1415.85
3113,2020-08-18,1428.75
3114,2020-08-19,1462.45
3115,2020-08-20,1457.1
3116,2020-08-21,1483.75
3117,2020-08-24,1486.8
3118,2020-08-25,1506.75
3119,2020-08-26,1511.05
3120,2020-08-27,1527.55
3121,2020-08-28,1601.8
3122,2020-08-31,1525.35
3123,2020-09-01,1521.7
3124,2020-09-02,1515.35
3125,2020-09-03,1502.5
3126,2020-09-04,1462.25
3127,2020-09-07,1460.8
3128,2020-09-08,1437.8
3129,2020-09-09,1396.5
3130,2020-09-10,1430.9
3131,2020-09-11,1442.2
3132,2020-09-14,1435.0
3133,2020-09-15,1435.55
3134,2020-09-16,1428.05
3135,2020-09-17,1409.45
3136,2020-09-18,1386.6
3137,2020-09-21,1328.4
3138,2020-09-22,1310.0
3139,2020-09-23,1290.4
3140,2020-09-24,1240.25
3141,2020-09-25,1276.2
3142,2020-09-28,1318.8
3143,2020-09-29,1290.0
3144,2020-09-30,1277.4
