,Date,NIFTY PHARMA
0,2008-01-01,3167.02
1,2008-01-02,3208.0
2,2008-01-03,3131.04
3,2008-01-04,3130.51
4,2008-01-07,3102.5
5,2008-01-08,3075.72
6,2008-01-09,3069.23
7,2008-01-10,2992.27
8,2008-01-11,3029.45
9,2008-01-14,3023.01
10,2008-01-15,3001.92
11,2008-01-16,2969.08
12,2008-01-17,2976.31
13,2008-01-18,2931.04
14,2008-01-21,2712.18
15,2008-01-22,2531.19
16,2008-01-23,2614.47
17,2008-01-24,2518.02
18,2008-01-25,2661.12
19,2008-01-28,2630.79
20,2008-01-29,2677.63
21,2008-01-30,2700.65
22,2008-01-31,2660.33
23,2008-02-01,2685.71
24,2008-02-04,2725.64
25,2008-02-05,2783.89
26,2008-02-06,2745.56
27,2008-02-07,2691.17
28,2008-02-08,2712.32
29,2008-02-11,2653.88
30,2008-02-12,2640.07
31,2008-02-13,2631.37
32,2008-02-14,2689.82
33,2008-02-15,2758.53
34,2008-02-18,2748.9
35,2008-02-19,2779.72
36,2008-02-20,2735.84
37,2008-02-21,2808.14
38,2008-02-22,2798.74
39,2008-02-25,2845.97
40,2008-02-26,2858.55
41,2008-02-27,2907.83
42,2008-02-28,2979.48
43,2008-02-29,2964.53
44,2008-03-03,2979.91
45,2008-03-04,2923.9
46,2008-03-05,2996.96
47,2008-03-07,2930.62
48,2008-03-10,2910.37
49,2008-03-11,2909.59
50,2008-03-12,2946.54
51,2008-03-13,2872.41
52,2008-03-14,2929.04
53,2008-03-17,2795.07
54,2008-03-18,2810.73
55,2008-03-19,2830.32
56,2008-03-24,2847.84
57,2008-03-25,2902.14
58,2008-03-26,2867.79
59,2008-03-27,2918.71
60,2008-03-28,2956.43
61,2008-03-31,2928.48
62,2008-04-01,2906.34
63,2008-04-02,2935.05
64,2008-04-03,2956.63
65,2008-04-04,2927.44
66,2008-04-07,2992.05
67,2008-04-08,2982.3
68,2008-04-09,3012.17
69,2008-04-10,2990.87
70,2008-04-11,2981.81
71,2008-04-15,3070.46
72,2008-04-16,3071.49
73,2008-04-17,3083.7
74,2008-04-21,3163.11
75,2008-04-22,3204.25
76,2008-04-23,3207.86
77,2008-04-24,3177.44
78,2008-04-25,3206.01
79,2008-04-28,3238.63
80,2008-04-29,3268.5
81,2008-04-30,3303.18
82,2008-05-02,3306.73
83,2008-05-05,3313.94
84,2008-05-06,3274.56
85,2008-05-07,3288.36
86,2008-05-08,3263.18
87,2008-05-09,3203.71
88,2008-05-12,3212.59
89,2008-05-13,3215.42
90,2008-05-14,3256.2
91,2008-05-15,3277.77
92,2008-05-16,3303.82
93,2008-05-20,3254.04
94,2008-05-21,3225.26
95,2008-05-22,3212.9
96,2008-05-23,3215.65
97,2008-05-26,3233.94
98,2008-05-27,3255.9
99,2008-05-28,3318.52
100,2008-05-29,3307.11
101,2008-05-30,3361.79
102,2008-06-02,3356.67
103,2008-06-03,3356.67
104,2008-06-04,3271.46
105,2008-06-05,3355.79
106,2008-06-06,3322.59
107,2008-06-09,3334.97
108,2008-06-10,3420.77
109,2008-06-11,3422.13
110,2008-06-12,3425.32
111,2008-06-13,3466.37
112,2008-06-16,3489.97
113,2008-06-17,3519.0
114,2008-06-18,3499.92
115,2008-06-19,3439.21
116,2008-06-20,3354.26
117,2008-06-23,3267.35
118,2008-06-24,3208.23
119,2008-06-25,3217.92
120,2008-06-26,3239.08
121,2008-06-27,3202.21
122,2008-06-30,3235.68
123,2008-07-01,3163.53
124,2008-07-02,3239.03
125,2008-07-03,3185.41
126,2008-07-04,3179.74
127,2008-07-07,3169.24
128,2008-07-08,3155.74
129,2008-07-09,3208.53
130,2008-07-10,3208.05
131,2008-07-11,3185.37
132,2008-07-14,3162.63
133,2008-07-15,3017.0
134,2008-07-16,3063.79
135,2008-07-17,3071.15
136,2008-07-18,3081.31
137,2008-07-21,3194.19
138,2008-07-22,3224.57
139,2008-07-23,3263.38
140,2008-07-24,3256.68
141,2008-07-25,3243.51
142,2008-07-28,3244.9
143,2008-07-29,3188.8
144,2008-07-30,3230.37
145,2008-07-31,3203.18
146,2008-08-01,3236.56
147,2008-08-04,3277.96
148,2008-08-05,3303.23
149,2008-08-06,3288.12
150,2008-08-07,3299.15
151,2008-08-08,3315.44
152,2008-08-11,3314.29
153,2008-08-12,3268.18
154,2008-08-13,3309.05
155,2008-08-14,3322.6
156,2008-08-18,3311.97
157,2008-08-19,3331.56
158,2008-08-20,3391.55
159,2008-08-21,3328.61
160,2008-08-22,3343.72
161,2008-08-25,3340.26
162,2008-08-26,3350.73
163,2008-08-27,3346.6
164,2008-08-28,3317.24
165,2008-08-29,3346.63
166,2008-09-01,3364.25
167,2008-09-02,3388.46
168,2008-09-04,3389.63
169,2008-09-05,3318.31
170,2008-09-08,3359.18
171,2008-09-09,3333.73
172,2008-09-10,3330.43
173,2008-09-11,3263.03
174,2008-09-12,3262.67
175,2008-09-15,3152.58
176,2008-09-16,3068.58
177,2008-09-17,3014.64
178,2008-09-18,2982.36
179,2008-09-19,3057.74
180,2008-09-22,3066.29
181,2008-09-23,3050.69
182,2008-09-24,3062.18
183,2008-09-25,3012.2
184,2008-09-26,2990.8
185,2008-09-29,2893.86
186,2008-09-30,2910.84
187,2008-10-01,2925.25
188,2008-10-03,2897.44
189,2008-10-06,2755.07
190,2008-10-07,2692.92
191,2008-10-08,2639.56
192,2008-10-10,2527.45
193,2008-10-13,2572.61
194,2008-10-14,2726.86
195,2008-10-15,2681.59
196,2008-10-16,2651.15
197,2008-10-17,2565.08
198,2008-10-20,2613.78
199,2008-10-21,2647.07
200,2008-10-22,2568.32
201,2008-10-23,2453.04
202,2008-10-24,2250.14
203,2008-10-27,2131.53
204,2008-10-28,2202.99
205,2008-10-29,2126.66
206,2008-10-31,2201.19
207,2008-11-03,2265.25
208,2008-11-04,2268.0
209,2008-11-05,2317.54
210,2008-11-06,2337.11
211,2008-11-07,2344.41
212,2008-11-10,2438.12
213,2008-11-11,2374.15
214,2008-11-12,2345.65
215,2008-11-14,2317.18
216,2008-11-17,2299.56
217,2008-11-18,2269.06
218,2008-11-19,2243.69
219,2008-11-20,2211.25
220,2008-11-21,2245.37
221,2008-11-24,2255.66
222,2008-11-25,2244.84
223,2008-11-26,2296.14
224,2008-11-28,2300.44
225,2008-12-01,2272.03
226,2008-12-02,2269.08
227,2008-12-03,2257.19
228,2008-12-04,2266.38
229,2008-12-05,2245.36
230,2008-12-08,2244.17
231,2008-12-10,2269.71
232,2008-12-11,2241.83
233,2008-12-12,2234.0
234,2008-12-15,2270.55
235,2008-12-16,2335.58
236,2008-12-17,2301.8
237,2008-12-18,2312.27
238,2008-12-19,2350.32
239,2008-12-22,2323.14
240,2008-12-23,2280.06
241,2008-12-24,2274.03
242,2008-12-26,2290.78
243,2008-12-29,2323.34
244,2008-12-30,2341.65
245,2008-12-31,2361.76
246,2009-01-01,2373.36
247,2009-01-02,2373.27
248,2009-01-05,2370.1
249,2009-01-06,2381.09
250,2009-01-07,2295.05
251,2009-01-09,2288.38
252,2009-01-12,2261.04
253,2009-01-13,2244.76
254,2009-01-14,2291.73
255,2009-01-15,2250.63
256,2009-01-16,2276.14
257,2009-01-19,2262.72
258,2009-01-20,2236.29
259,2009-01-21,2173.8
260,2009-01-22,2145.01
261,2009-01-23,2137.08
262,2009-01-27,2167.33
263,2009-01-28,2169.06
264,2009-01-29,2151.89
265,2009-01-30,2128.3
266,2009-02-02,2104.02
267,2009-02-03,2091.97
268,2009-02-04,2081.42
269,2009-02-05,2081.72
270,2009-02-06,2108.69
271,2009-02-09,2154.97
272,2009-02-10,2186.93
273,2009-02-11,2152.59
274,2009-02-12,2159.39
275,2009-02-13,2139.6
276,2009-02-16,2095.37
277,2009-02-17,2077.74
278,2009-02-18,2068.06
279,2009-02-19,2065.29
280,2009-02-20,2041.83
281,2009-02-24,2037.92
282,2009-02-25,2053.64
283,2009-02-26,2039.83
284,2009-02-27,2039.19
285,2009-03-02,2030.11
286,2009-03-03,1999.62
287,2009-03-04,2018.11
288,2009-03-05,1986.47
289,2009-03-06,1992.35
290,2009-03-09,1968.69
291,2009-03-12,1998.28
292,2009-03-13,2004.31
293,2009-03-16,2020.71
294,2009-03-17,2018.62
295,2009-03-18,2029.58
296,2009-03-19,2035.21
297,2009-03-20,2022.77
298,2009-03-23,2083.98
299,2009-03-24,2070.81
300,2009-03-25,2071.73
301,2009-03-26,2097.0
302,2009-03-27,2149.27
303,2009-03-30,2148.73
304,2009-03-31,2200.35
305,2009-04-01,2176.18
306,2009-04-02,2211.87
307,2009-04-06,2213.78
308,2009-04-08,2285.36
309,2009-04-09,2277.75
310,2009-04-13,2305.26
311,2009-04-15,2399.94
312,2009-04-16,2372.33
313,2009-04-17,2341.46
314,2009-04-20,2330.04
315,2009-04-21,2369.02
316,2009-04-22,2331.28
317,2009-04-23,2344.63
318,2009-04-24,2368.13
319,2009-04-27,2396.06
320,2009-04-28,2358.34
321,2009-04-29,2389.24
322,2009-05-04,2423.97
323,2009-05-05,2425.87
324,2009-05-06,2411.04
325,2009-05-07,2448.84
326,2009-05-08,2419.91
327,2009-05-11,2393.17
328,2009-05-12,2421.9
329,2009-05-13,2412.36
330,2009-05-14,2410.95
331,2009-05-15,2460.17
332,2009-05-18,2750.6
333,2009-05-19,2532.1
334,2009-05-20,2556.79
335,2009-05-21,2527.07
336,2009-05-22,2567.09
337,2009-05-25,2655.29
338,2009-05-26,2615.16
339,2009-05-27,2662.24
340,2009-05-28,2659.01
341,2009-05-29,2597.91
342,2009-06-01,2582.42
343,2009-06-02,2581.59
344,2009-06-03,2645.84
345,2009-06-04,2724.95
346,2009-06-05,2757.76
347,2009-06-08,2697.03
348,2009-06-09,2739.1
349,2009-06-10,2803.28
350,2009-06-11,2807.93
351,2009-06-12,2760.16
352,2009-06-15,2744.94
353,2009-06-16,2780.33
354,2009-06-17,2738.2
355,2009-06-18,2727.46
356,2009-06-19,2771.71
357,2009-06-22,2742.3
358,2009-06-23,2740.73
359,2009-06-24,2810.46
360,2009-06-25,2766.69
361,2009-06-26,2692.55
362,2009-06-29,2675.75
363,2009-06-30,2618.73
364,2009-07-01,2629.31
365,2009-07-02,2662.12
366,2009-07-03,2714.71
367,2009-07-06,2673.2
368,2009-07-07,2697.13
369,2009-07-08,2670.1
370,2009-07-09,2698.48
371,2009-07-10,2643.36
372,2009-07-13,2643.53
373,2009-07-14,2689.29
374,2009-07-15,2749.44
375,2009-07-16,2764.98
376,2009-07-17,2797.73
377,2009-07-20,2845.44
378,2009-07-21,2859.05
379,2009-07-22,2823.46
380,2009-07-23,2895.51
381,2009-07-24,2906.85
382,2009-07-27,2903.52
383,2009-07-28,2890.82
384,2009-07-29,2824.62
385,2009-07-30,2815.54
386,2009-07-31,2835.4
387,2009-08-03,2856.77
388,2009-08-04,2817.38
389,2009-08-05,2843.4
390,2009-08-06,2829.62
391,2009-08-07,2795.36
392,2009-08-10,2802.54
393,2009-08-11,2831.01
394,2009-08-12,2885.26
395,2009-08-13,2921.36
396,2009-08-14,2895.95
397,2009-08-17,2822.58
398,2009-08-18,2840.09
399,2009-08-19,2805.09
400,2009-08-20,2814.96
401,2009-08-21,2819.48
402,2009-08-24,2838.23
403,2009-08-25,2874.85
404,2009-08-26,2886.31
405,2009-08-27,2922.76
406,2009-08-28,2918.92
407,2009-08-31,2890.27
408,2009-09-01,2852.63
409,2009-09-02,2861.42
410,2009-09-03,2844.81
411,2009-09-04,2870.0
412,2009-09-07,2908.63
413,2009-09-08,2892.01
414,2009-09-09,2893.97
415,2009-09-10,2911.76
416,2009-09-11,2908.58
417,2009-09-14,2903.15
418,2009-09-15,2939.64
419,2009-09-16,2959.91
420,2009-09-17,2950.94
421,2009-09-18,2981.15
422,2009-09-22,3015.3
423,2009-09-23,3019.13
424,2009-09-24,3055.07
425,2009-09-25,3214.52
426,2009-09-29,3274.58
427,2009-09-30,3288.1
428,2009-10-01,3252.43
429,2009-10-05,3246.62
430,2009-10-06,3255.76
431,2009-10-07,3300.47
432,2009-10-08,3310.27
433,2009-10-09,3275.46
434,2009-10-12,3324.1
435,2009-10-14,3372.31
436,2009-10-15,3313.3
437,2009-10-16,3309.85
438,2009-10-17,3311.66
439,2009-10-20,3292.15
440,2009-10-21,3238.87
441,2009-10-22,3188.7
442,2009-10-23,3257.91
443,2009-10-26,3290.96
444,2009-10-27,3270.28
445,2009-10-28,3284.97
446,2009-10-29,3299.16
447,2009-10-30,3266.44
448,2009-11-03,3266.05
449,2009-11-04,3321.46
450,2009-11-05,3351.01
451,2009-11-06,3376.32
452,2009-11-09,3417.46
453,2009-11-10,3405.95
454,2009-11-11,3472.0
455,2009-11-12,3447.16
456,2009-11-13,3457.98
457,2009-11-16,3488.04
458,2009-11-17,3489.04
459,2009-11-18,3499.04
460,2009-11-19,3470.02
461,2009-11-20,3503.85
462,2009-11-23,3552.4
463,2009-11-24,3561.98
464,2009-11-25,3539.51
465,2009-11-26,3539.42
466,2009-11-27,3545.63
467,2009-11-30,3574.56
468,2009-12-01,3681.24
469,2009-12-02,3683.65
470,2009-12-03,3742.21
471,2009-12-04,3778.44
472,2009-12-07,3738.77
473,2009-12-08,3738.28
474,2009-12-09,3734.32
475,2009-12-10,3721.64
476,2009-12-11,3699.96
477,2009-12-14,3717.61
478,2009-12-15,3721.23
479,2009-12-16,3745.3
480,2009-12-17,3795.79
481,2009-12-18,3850.16
482,2009-12-21,3819.1
483,2009-12-22,3801.52
484,2009-12-23,3842.43
485,2009-12-24,3842.51
486,2009-12-29,3776.62
487,2009-12-30,3766.05
488,2009-12-31,3758.05
489,2010-01-04,3754.25
490,2010-01-05,3779.3
491,2010-01-06,3867.2
492,2010-01-07,3824.94
493,2010-01-08,3839.09
494,2010-01-11,3837.92
495,2010-01-12,3808.5
496,2010-01-13,3816.37
497,2010-01-14,3833.51
498,2010-01-15,3832.16
499,2010-01-18,3816.33
500,2010-01-19,3755.93
501,2010-01-20,3739.69
502,2010-01-21,3650.12
503,2010-01-22,3590.33
504,2010-01-25,3581.95
505,2010-01-27,3481.72
506,2010-01-28,3517.1
507,2010-01-29,3549.04
508,2010-02-01,3634.29
509,2010-02-02,3610.6
510,2010-02-03,3622.21
511,2010-02-04,3583.37
512,2010-02-05,3515.66
513,2010-02-06,3527.46
514,2010-02-08,3528.35
515,2010-02-09,3568.66
516,2010-02-10,3543.8
517,2010-02-11,3556.02
518,2010-02-15,3573.58
519,2010-02-16,3627.23
520,2010-02-17,3628.32
521,2010-02-18,3628.46
522,2010-02-19,3639.72
523,2010-02-22,3614.64
524,2010-02-23,3645.9
525,2010-02-24,3612.92
526,2010-02-25,3627.19
527,2010-02-26,3693.81
528,2010-03-02,3725.38
529,2010-03-03,3757.48
530,2010-03-04,3768.95
531,2010-03-05,3783.07
532,2010-03-08,3815.06
533,2010-03-09,3798.42
534,2010-03-10,3793.24
535,2010-03-11,3821.85
536,2010-03-12,3801.24
537,2010-03-15,3775.74
538,2010-03-16,3815.71
539,2010-03-17,3878.35
540,2010-03-18,3873.77
541,2010-03-19,3893.77
542,2010-03-22,3903.03
543,2010-03-23,3956.79
544,2010-03-25,4006.92
545,2010-03-26,4005.49
546,2010-03-29,4022.49
547,2010-03-30,3974.78
548,2010-03-31,4016.85
549,2010-04-01,4020.44
550,2010-04-05,4088.92
551,2010-04-06,4052.07
552,2010-04-07,4052.69
553,2010-04-08,4017.53
554,2010-04-09,4018.87
555,2010-04-12,4006.28
556,2010-04-13,3980.16
557,2010-04-15,4005.86
558,2010-04-16,4011.28
559,2010-04-19,3985.52
560,2010-04-20,4007.64
561,2010-04-21,4009.32
562,2010-04-22,3999.15
563,2010-04-23,3980.36
564,2010-04-26,3939.66
565,2010-04-27,3953.83
566,2010-04-28,3954.9
567,2010-04-29,3938.98
568,2010-04-30,3978.54
569,2010-05-03,3983.67
570,2010-05-04,3961.68
571,2010-05-05,3992.38
572,2010-05-06,4059.54
573,2010-05-07,3975.95
574,2010-05-10,3965.7
575,2010-05-11,3911.06
576,2010-05-12,3964.34
577,2010-05-13,4007.32
578,2010-05-14,4010.91
579,2010-05-17,4029.41
580,2010-05-18,4018.53
581,2010-05-19,3936.25
582,2010-05-20,3991.88
583,2010-05-21,3933.62
584,2010-05-24,3922.4
585,2010-05-25,3909.05
586,2010-05-26,3950.67
587,2010-05-27,3984.44
588,2010-05-28,4034.44
589,2010-05-31,4105.65
590,2010-06-01,4107.3
591,2010-06-02,4118.39
592,2010-06-03,4121.74
593,2010-06-04,4113.79
594,2010-06-07,4082.91
595,2010-06-08,4064.82
596,2010-06-09,4115.36
597,2010-06-10,4185.89
598,2010-06-11,4166.07
599,2010-06-14,4163.69
600,2010-06-15,4169.03
601,2010-06-16,4161.84
602,2010-06-17,4179.92
603,2010-06-18,4184.72
604,2010-06-21,4226.81
605,2010-06-22,4235.69
606,2010-06-23,4285.77
607,2010-06-24,4310.58
608,2010-06-25,4314.17
609,2010-06-28,4334.61
610,2010-06-29,4278.47
611,2010-06-30,4299.99
612,2010-07-01,4267.67
613,2010-07-02,4261.02
614,2010-07-05,4272.59
615,2010-07-06,4304.66
616,2010-07-07,4269.25
617,2010-07-08,4279.68
618,2010-07-09,4271.77
619,2010-07-12,4252.25
620,2010-07-13,4241.06
621,2010-07-14,4220.93
622,2010-07-15,4223.24
623,2010-07-16,4234.37
624,2010-07-19,4218.69
625,2010-07-20,4180.89
626,2010-07-21,4176.46
627,2010-07-22,4197.11
628,2010-07-23,4177.93
629,2010-07-26,4187.48
630,2010-07-27,4184.83
631,2010-07-28,4197.18
632,2010-07-29,4170.85
633,2010-07-30,4148.61
634,2010-08-02,4168.22
635,2010-08-03,4177.48
636,2010-08-04,4158.86
637,2010-08-05,4137.76
638,2010-08-06,4149.93
639,2010-08-09,4140.35
640,2010-08-10,4109.9
641,2010-08-11,4078.01
642,2010-08-12,4083.44
643,2010-08-13,4095.64
644,2010-08-16,4053.72
645,2010-08-17,4055.64
646,2010-08-18,4112.05
647,2010-08-19,4149.66
648,2010-08-20,4191.2
649,2010-08-23,4206.87
650,2010-08-24,4220.83
651,2010-08-25,4154.54
652,2010-08-26,4146.93
653,2010-08-27,4120.5
654,2010-08-30,4121.78
655,2010-08-31,4125.79
656,2010-09-01,4149.53
657,2010-09-02,4156.54
658,2010-09-03,4183.83
659,2010-09-06,4220.44
660,2010-09-07,4207.25
661,2010-09-08,4224.46
662,2010-09-09,4208.57
663,2010-09-13,4243.64
664,2010-09-14,4237.43
665,2010-09-15,4262.05
666,2010-09-16,4237.42
667,2010-09-17,4339.7
668,2010-09-20,4369.52
669,2010-09-21,4443.52
670,2010-09-22,4433.38
671,2010-09-23,4427.18
672,2010-09-24,4471.03
673,2010-09-27,4504.96
674,2010-09-28,4500.98
675,2010-09-29,4501.28
676,2010-09-30,4497.21
677,2010-10-01,4578.67
678,2010-10-04,4677.72
679,2010-10-05,4675.47
680,2010-10-06,4667.66
681,2010-10-07,4672.83
682,2010-10-08,4718.97
683,2010-10-11,4739.61
684,2010-10-12,4753.12
685,2010-10-13,4786.87
686,2010-10-14,4767.37
687,2010-10-15,4714.41
688,2010-10-18,4719.32
689,2010-10-19,4781.01
690,2010-10-20,4774.47
691,2010-10-21,4874.05
692,2010-10-22,4869.3
693,2010-10-25,4917.63
694,2010-10-26,4886.23
695,2010-10-27,4858.94
696,2010-10-28,4823.88
697,2010-10-29,4838.31
698,2010-11-01,4923.98
699,2010-11-02,4922.76
700,2010-11-03,4956.67
701,2010-11-04,4974.39
702,2010-11-05,5033.82
703,2010-11-08,5054.86
704,2010-11-09,5074.3
705,2010-11-10,5027.88
706,2010-11-11,4985.25
707,2010-11-12,4943.29
708,2010-11-15,4999.6
709,2010-11-16,4967.32
710,2010-11-18,5027.39
711,2010-11-19,4951.46
712,2010-11-22,4986.32
713,2010-11-23,4971.98
714,2010-11-24,4953.47
715,2010-11-25,4889.72
716,2010-11-26,4903.72
717,2010-11-29,4946.97
718,2010-11-30,4959.69
719,2010-12-01,5039.96
720,2010-12-02,5057.02
721,2010-12-03,5049.2
722,2010-12-06,5042.58
723,2010-12-07,5066.64
724,2010-12-08,5053.63
725,2010-12-09,4891.48
726,2010-12-10,4908.78
727,2010-12-13,4957.71
728,2010-12-14,5003.06
729,2010-12-15,4925.47
730,2010-12-16,4939.42
731,2010-12-20,4880.89
732,2010-12-21,4875.31
733,2010-12-22,4865.27
734,2010-12-23,4911.14
735,2010-12-24,4973.58
736,2010-12-27,5007.91
737,2010-12-28,5039.43
738,2010-12-29,5050.39
739,2010-12-30,5065.59
740,2010-12-31,5085.38
741,2011-01-03,5108.29
742,2011-01-04,5166.88
743,2011-01-05,5172.9
744,2011-01-06,5167.48
745,2011-01-07,5056.58
746,2011-01-10,4944.56
747,2011-01-11,4936.32
748,2011-01-12,4971.74
749,2011-01-13,4940.33
750,2011-01-14,4906.39
751,2011-01-17,4877.18
752,2011-01-18,4956.08
753,2011-01-19,4925.94
754,2011-01-20,4925.89
755,2011-01-21,4916.67
756,2011-01-24,4908.2
757,2011-01-25,4835.08
758,2011-01-27,4703.44
759,2011-01-28,4659.12
760,2011-01-31,4689.8
761,2011-02-01,4629.25
762,2011-02-02,4630.2
763,2011-02-03,4640.9
764,2011-02-04,4573.25
765,2011-02-07,4500.2
766,2011-02-08,4427.6
767,2011-02-09,4373.25
768,2011-02-10,4393.4
769,2011-02-11,4428.7
770,2011-02-14,4515.2
771,2011-02-15,4498.35
772,2011-02-16,4451.35
773,2011-02-17,4477.45
774,2011-02-18,4463.25
775,2011-02-21,4497.3
776,2011-02-22,4458.95
777,2011-02-23,4426.4
778,2011-02-24,4300.25
779,2011-02-25,4328.1
780,2011-02-28,4331.05
781,2011-03-01,4473.65
782,2011-03-03,4456.4
783,2011-03-04,4446.75
784,2011-03-07,4427.35
785,2011-03-08,4447.2
786,2011-03-09,4425.05
787,2011-03-10,4395.65
788,2011-03-11,4386.85
789,2011-03-14,4419.85
790,2011-03-15,4346.2
791,2011-03-16,4408.95
792,2011-03-17,4385.5
793,2011-03-18,4340.0
794,2011-03-21,4344.8
795,2011-03-22,4389.75
796,2011-03-23,4462.3
797,2011-03-24,4463.05
798,2011-03-25,4480.4
799,2011-03-28,4441.45
800,2011-03-29,4469.3
801,2011-03-30,4561.0
802,2011-03-31,4535.85
803,2011-04-01,4550.95
804,2011-04-04,4570.45
805,2011-04-05,4590.8
806,2011-04-06,4577.1
807,2011-04-07,4583.6
808,2011-04-08,4587.95
809,2011-04-11,4588.2
810,2011-04-13,4619.0
811,2011-04-15,4593.8
812,2011-04-18,4563.95
813,2011-04-19,4546.5
814,2011-04-20,4619.0
815,2011-04-21,4610.3
816,2011-04-25,4619.55
817,2011-04-26,4640.95
818,2011-04-27,4654.9
819,2011-04-28,4647.55
820,2011-04-29,4685.55
821,2011-05-02,4712.7
822,2011-05-03,4642.55
823,2011-05-04,4590.95
824,2011-05-05,4506.25
825,2011-05-06,4539.25
826,2011-05-09,4532.0
827,2011-05-10,4522.85
828,2011-05-11,4542.2
829,2011-05-12,4544.85
830,2011-05-13,4607.55
831,2011-05-16,4660.05
832,2011-05-17,4648.05
833,2011-05-18,4584.9
834,2011-05-19,4563.8
835,2011-05-20,4619.8
836,2011-05-23,4541.5
837,2011-05-24,4561.85
838,2011-05-25,4567.0
839,2011-05-26,4604.85
840,2011-05-27,4632.1
841,2011-05-30,4736.7
842,2011-05-31,4822.75
843,2011-06-01,4805.65
844,2011-06-02,4806.95
845,2011-06-03,4759.4
846,2011-06-06,4807.3
847,2011-06-07,4850.3
848,2011-06-08,4795.1
849,2011-06-09,4773.75
850,2011-06-10,4772.65
851,2011-06-13,4790.45
852,2011-06-14,4822.55
853,2011-06-15,4820.6
854,2011-06-16,4819.7
855,2011-06-17,4754.5
856,2011-06-20,4654.4
857,2011-06-21,4686.9
858,2011-06-22,4691.65
859,2011-06-23,4660.65
860,2011-06-24,4720.5
861,2011-06-27,4765.7
862,2011-06-28,4795.15
863,2011-06-29,4828.2
864,2011-06-30,4817.0
865,2011-07-01,4796.25
866,2011-07-04,4828.2
867,2011-07-05,4821.95
868,2011-07-06,4795.6
869,2011-07-07,4885.5
870,2011-07-08,4850.3
871,2011-07-11,4841.15
872,2011-07-12,4818.8
873,2011-07-13,4889.6
874,2011-07-14,4934.75
875,2011-07-15,4922.3
876,2011-07-18,4868.45
877,2011-07-19,4907.45
878,2011-07-20,4826.9
879,2011-07-21,4786.35
880,2011-07-22,4850.0
881,2011-07-25,4905.45
882,2011-07-26,4869.4
883,2011-07-27,4861.65
884,2011-07-28,4877.1
885,2011-07-29,4848.45
886,2011-08-01,4881.7
887,2011-08-02,4892.2
888,2011-08-03,4841.5
889,2011-08-04,4764.75
890,2011-08-05,4710.75
891,2011-08-08,4684.2
892,2011-08-09,4543.65
893,2011-08-10,4597.6
894,2011-08-11,4581.0
895,2011-08-12,4555.05
896,2011-08-16,4523.2
897,2011-08-17,4545.6
898,2011-08-18,4476.25
899,2011-08-19,4418.95
900,2011-08-22,4469.95
901,2011-08-23,4448.95
902,2011-08-24,4441.3
903,2011-08-25,4452.6
904,2011-08-26,4412.2
905,2011-08-29,4445.8
906,2011-08-30,4524.3
907,2011-09-02,4587.95
908,2011-09-05,4556.95
909,2011-09-06,4545.95
910,2011-09-07,4558.15
911,2011-09-08,4592.9
912,2011-09-09,4551.25
913,2011-09-12,4530.35
914,2011-09-13,4504.3
915,2011-09-14,4528.8
916,2011-09-15,4543.85
917,2011-09-16,4567.25
918,2011-09-19,4522.9
919,2011-09-20,4582.15
920,2011-09-21,4595.45
921,2011-09-22,4503.2
922,2011-09-23,4487.4
923,2011-09-26,4486.55
924,2011-09-27,4511.75
925,2011-09-28,4544.6
926,2011-09-29,4539.7
927,2011-09-30,4520.95
928,2011-10-03,4499.7
929,2011-10-04,4449.9
930,2011-10-05,4494.25
931,2011-10-07,4518.4
932,2011-10-10,4503.7
933,2011-10-11,4529.3
934,2011-10-12,4567.2
935,2011-10-13,4519.45
936,2011-10-14,4537.9
937,2011-10-17,4529.4
938,2011-10-18,4504.4
939,2011-10-19,4575.15
940,2011-10-20,4573.8
941,2011-10-21,4568.1
942,2011-10-24,4588.95
943,2011-10-25,4655.75
944,2011-10-26,4699.3
945,2011-10-28,4772.45
946,2011-10-31,4735.6
947,2011-11-01,4699.05
948,2011-11-02,4733.0
949,2011-11-03,4723.8
950,2011-11-04,4748.95
951,2011-11-08,4699.45
952,2011-11-09,4631.35
953,2011-11-11,4661.2
954,2011-11-14,4697.65
955,2011-11-15,4679.45
956,2011-11-16,4646.3
957,2011-11-17,4579.0
958,2011-11-18,4601.75
959,2011-11-21,4549.15
960,2011-11-22,4585.85
961,2011-11-23,4545.55
962,2011-11-24,4613.1
963,2011-11-25,4594.75
964,2011-11-28,4665.0
965,2011-11-29,4690.75
966,2011-11-30,4710.85
967,2011-12-01,4685.75
968,2011-12-02,4744.6
969,2011-12-05,4715.9
970,2011-12-07,4639.4
971,2011-12-08,4633.75
972,2011-12-09,4606.25
973,2011-12-12,4571.55
974,2011-12-13,4595.95
975,2011-12-14,4579.7
976,2011-12-15,4602.45
977,2011-12-16,4588.55
978,2011-12-19,4553.95
979,2011-12-20,4512.95
980,2011-12-21,4559.0
981,2011-12-22,4581.4
982,2011-12-23,4561.2
983,2011-12-26,4552.75
984,2011-12-27,4540.25
985,2011-12-28,4551.15
986,2011-12-29,4549.55
987,2011-12-30,4576.25
988,2012-01-02,4567.6
989,2012-01-03,4634.5
990,2012-01-04,4655.75
991,2012-01-05,4648.55
992,2012-01-06,4658.6
993,2012-01-07,4661.3
994,2012-01-09,4699.4
995,2012-01-10,4747.3
996,2012-01-11,4756.75
997,2012-01-12,4755.05
998,2012-01-13,4752.05
999,2012-01-16,4708.15
1000,2012-01-17,4745.2
1001,2012-01-18,4742.35
1002,2012-01-19,4813.55
1003,2012-01-20,4790.95
1004,2012-01-23,4782.25
1005,2012-01-24,4791.6
1006,2012-01-25,4806.75
1007,2012-01-27,4824.15
1008,2012-01-30,4823.55
1009,2012-01-31,4890.35
1010,2012-02-01,4888.2
1011,2012-02-02,4832.0
1012,2012-02-03,4906.35
1013,2012-02-06,4904.55
1014,2012-02-07,4902.15
1015,2012-02-08,4892.85
1016,2012-02-09,4882.15
1017,2012-02-10,4837.95
1018,2012-02-13,4847.2
1019,2012-02-14,4795.95
1020,2012-02-15,4835.45
1021,2012-02-16,4832.75
1022,2012-02-17,4833.95
1023,2012-02-21,4841.9
1024,2012-02-22,4804.05
1025,2012-02-23,4794.7
1026,2012-02-24,4781.1
1027,2012-02-27,4771.3
1028,2012-02-28,4815.35
1029,2012-02-29,4811.7
1030,2012-03-01,4827.25
1031,2012-03-02,4873.45
1032,2012-03-03,4875.25
1033,2012-03-05,4835.75
1034,2012-03-06,4823.0
1035,2012-03-07,4846.4
1036,2012-03-09,4889.35
1037,2012-03-12,4872.65
1038,2012-03-13,4902.35
1039,2012-03-14,4911.4
1040,2012-03-15,4893.7
1041,2012-03-16,4805.1
1042,2012-03-19,4810.35
1043,2012-03-20,4865.8
1044,2012-03-21,4909.45
1045,2012-03-22,4845.5
1046,2012-03-23,4878.7
1047,2012-03-26,4836.5
1048,2012-03-27,4883.65
1049,2012-03-28,4898.25
1050,2012-03-29,4923.65
1051,2012-03-30,5036.6
1052,2012-04-02,5028.2
1053,2012-04-03,5002.45
1054,2012-04-04,4991.85
1055,2012-04-09,5024.5
1056,2012-04-10,5020.45
1057,2012-04-11,5053.45
1058,2012-04-12,5047.85
1059,2012-04-13,5116.85
1060,2012-04-16,5115.8
1061,2012-04-17,5127.25
1062,2012-04-18,5166.35
1063,2012-04-19,5216.35
1064,2012-04-20,5195.3
1065,2012-04-23,5177.7
1066,2012-04-24,5149.05
1067,2012-04-25,5160.85
1068,2012-04-26,5130.9
1069,2012-04-27,5137.6
1070,2012-04-28,5144.5
1071,2012-04-30,5155.4
1072,2012-05-02,5163.45
1073,2012-05-03,5151.9
1074,2012-05-04,5184.5
1075,2012-05-07,5161.25
1076,2012-05-08,5112.0
1077,2012-05-09,5113.75
1078,2012-05-10,5090.0
1079,2012-05-11,4970.65
1080,2012-05-14,5047.25
1081,2012-05-15,5087.55
1082,2012-05-16,5048.75
1083,2012-05-17,5033.6
1084,2012-05-18,5022.05
1085,2012-05-21,5052.7
1086,2012-05-22,5017.2
1087,2012-05-23,5016.9
1088,2012-05-24,5049.25
1089,2012-05-25,5041.2
1090,2012-05-28,5064.25
1091,2012-05-29,5051.9
1092,2012-05-30,5047.55
1093,2012-05-31,5047.65
1094,2012-06-01,4978.2
1095,2012-06-04,4942.75
1096,2012-06-05,4954.25
1097,2012-06-06,5007.3
1098,2012-06-07,5017.15
1099,2012-06-08,5024.15
1100,2012-06-11,4947.85
1101,2012-06-12,4936.45
1102,2012-06-13,4960.35
1103,2012-06-14,4937.5
1104,2012-06-15,4985.95
1105,2012-06-18,4947.0
1106,2012-06-19,5004.45
1107,2012-06-20,5065.8
1108,2012-06-21,5081.15
1109,2012-06-22,5075.3
1110,2012-06-25,5049.95
1111,2012-06-26,5095.95
1112,2012-06-27,5113.55
1113,2012-06-28,5111.55
1114,2012-06-29,5216.0
1115,2012-07-02,5233.75
1116,2012-07-03,5237.15
1117,2012-07-04,5235.55
1118,2012-07-05,5253.4
1119,2012-07-06,5259.6
1120,2012-07-09,5219.25
1121,2012-07-10,5271.25
1122,2012-07-11,5255.65
1123,2012-07-12,5251.1
1124,2012-07-13,5247.45
1125,2012-07-16,5312.5
1126,2012-07-17,5345.2
1127,2012-07-18,5312.55
1128,2012-07-19,5318.85
1129,2012-07-20,5264.6
1130,2012-07-23,5257.5
1131,2012-07-24,5276.85
1132,2012-07-25,5289.25
1133,2012-07-26,5273.85
1134,2012-07-27,5287.0
1135,2012-07-30,5379.35
1136,2012-07-31,5413.8
1137,2012-08-01,5476.45
1138,2012-08-02,5468.4
1139,2012-08-03,5506.15
1140,2012-08-06,5532.45
1141,2012-08-07,5529.55
1142,2012-08-08,5530.75
1143,2012-08-09,5524.9
1144,2012-08-10,5502.85
1145,2012-08-13,5516.15
1146,2012-08-14,5496.05
1147,2012-08-16,5500.7
1148,2012-08-17,5524.95
1149,2012-08-21,5528.45
1150,2012-08-22,5551.5
1151,2012-08-23,5603.3
1152,2012-08-24,5601.3
1153,2012-08-27,5600.5
1154,2012-08-28,5613.15
1155,2012-08-29,5618.0
1156,2012-08-30,5650.3
1157,2012-08-31,5648.95
1158,2012-09-03,5644.55
1159,2012-09-04,5645.0
1160,2012-09-05,5578.15
1161,2012-09-06,5606.2
1162,2012-09-07,5680.85
1163,2012-09-08,5748.15
1164,2012-09-10,5799.25
1165,2012-09-11,5801.9
1166,2012-09-12,5789.85
1167,2012-09-13,5708.1
1168,2012-09-14,5632.55
1169,2012-09-17,5530.4
1170,2012-09-18,5527.15
1171,2012-09-20,5514.9
1172,2012-09-21,5506.15
1173,2012-09-24,5507.05
1174,2012-09-25,5526.6
1175,2012-09-26,5541.85
1176,2012-09-27,5538.7
1177,2012-09-28,5623.0
1178,2012-10-01,5635.4
1179,2012-10-03,5673.4
1180,2012-10-04,5617.6
1181,2012-10-05,5532.1
1182,2012-10-08,5595.55
1183,2012-10-09,5679.2
1184,2012-10-10,5637.0
1185,2012-10-11,5598.6
1186,2012-10-12,5622.2
1187,2012-10-15,5643.75
1188,2012-10-16,5606.3
1189,2012-10-17,5626.45
1190,2012-10-18,5613.05
1191,2012-10-19,5590.05
1192,2012-10-22,5642.55
1193,2012-10-23,5631.45
1194,2012-10-25,5603.85
1195,2012-10-26,5542.25
1196,2012-10-29,5570.05
1197,2012-10-30,5566.45
1198,2012-10-31,5667.05
1199,2012-11-01,5713.3
1200,2012-11-02,5736.8
1201,2012-11-05,5756.5
1202,2012-11-06,5798.65
1203,2012-11-07,5805.0
1204,2012-11-08,5766.65
1205,2012-11-09,5751.55
1206,2012-11-12,5750.9
1207,2012-11-13,5744.6
1208,2012-11-15,5683.85
1209,2012-11-16,5658.85
1210,2012-11-19,5624.55
1211,2012-11-20,5631.05
1212,2012-11-21,5689.3
1213,2012-11-22,5694.45
1214,2012-11-23,5680.85
1215,2012-11-26,5698.4
1216,2012-11-27,5748.05
1217,2012-11-29,5833.85
1218,2012-11-30,5869.75
1219,2012-12-03,5854.85
1220,2012-12-04,5870.0
1221,2012-12-05,5870.8
1222,2012-12-06,5875.5
1223,2012-12-07,5887.15
1224,2012-12-10,5955.05
1225,2012-12-11,5973.3
1226,2012-12-12,5984.95
1227,2012-12-13,5950.2
1228,2012-12-14,5918.9
1229,2012-12-17,5945.25
1230,2012-12-18,5985.0
1231,2012-12-19,6084.65
1232,2012-12-20,6072.4
1233,2012-12-21,5972.15
1234,2012-12-24,6010.85
1235,2012-12-26,6061.1
1236,2012-12-27,6044.65
1237,2012-12-28,6035.5
1238,2012-12-31,6035.0
1239,2013-01-01,6056.6
1240,2013-01-02,6070.25
1241,2013-01-03,6075.8
1242,2013-01-04,6080.4
1243,2013-01-07,6104.45
1244,2013-01-08,6156.55
1245,2013-01-09,6169.25
1246,2013-01-10,6117.1
1247,2013-01-11,6056.1
1248,2013-01-14,6031.35
1249,2013-01-15,6032.2
1250,2013-01-16,6018.2
1251,2013-01-17,6001.9
1252,2013-01-18,5960.75
1253,2013-01-21,5940.9
1254,2013-01-22,5926.25
1255,2013-01-23,5910.8
1256,2013-01-24,5857.65
1257,2013-01-25,5949.45
1258,2013-01-28,5936.4
1259,2013-01-29,5914.95
1260,2013-01-30,5929.3
1261,2013-01-31,5935.25
1262,2013-02-01,5989.65
1263,2013-02-04,5907.5
1264,2013-02-05,5963.75
1265,2013-02-06,5951.95
1266,2013-02-07,5909.65
1267,2013-02-08,5837.35
1268,2013-02-11,5886.55
1269,2013-02-12,5957.75
1270,2013-02-13,5948.25
1271,2013-02-14,5893.8
1272,2013-02-15,5865.35
1273,2013-02-18,5864.7
1274,2013-02-19,5938.25
1275,2013-02-20,5924.4
1276,2013-02-21,5907.35
1277,2013-02-22,5944.15
1278,2013-02-25,5954.55
1279,2013-02-26,5833.8
1280,2013-02-27,5813.8
1281,2013-02-28,5778.2
1282,2013-03-01,5807.0
1283,2013-03-04,5817.9
1284,2013-03-05,5885.35
1285,2013-03-06,5891.0
1286,2013-03-07,5919.3
1287,2013-03-08,5973.5
1288,2013-03-11,6001.65
1289,2013-03-12,5974.85
1290,2013-03-13,5985.9
1291,2013-03-14,5989.65
1292,2013-03-15,6003.85
1293,2013-03-18,6029.55
1294,2013-03-19,6020.25
1295,2013-03-20,6026.8
1296,2013-03-21,5980.3
1297,2013-03-22,5949.75
1298,2013-03-25,5939.75
1299,2013-03-26,5953.75
1300,2013-03-28,5953.0
1301,2013-04-01,6007.3
1302,2013-04-02,6135.8
1303,2013-04-03,6148.95
1304,2013-04-04,6119.6
1305,2013-04-05,6132.0
1306,2013-04-08,6185.35
1307,2013-04-09,6147.0
1308,2013-04-10,6167.95
1309,2013-04-11,6231.25
1310,2013-04-12,6242.1
1311,2013-04-15,6190.25
1312,2013-04-16,6287.1
1313,2013-04-17,6344.05
1314,2013-04-18,6355.4
1315,2013-04-22,6364.0
1316,2013-04-23,6403.0
1317,2013-04-25,6556.85
1318,2013-04-26,6505.6
1319,2013-04-29,6492.95
1320,2013-04-30,6550.15
1321,2013-05-02,6574.55
1322,2013-05-03,6586.75
1323,2013-05-06,6610.05
1324,2013-05-07,6678.65
1325,2013-05-08,6676.6
1326,2013-05-09,6560.3
1327,2013-05-10,6596.45
1328,2013-05-11,6706.0
1329,2013-05-13,6654.0
1330,2013-05-14,6703.4
1331,2013-05-15,6827.3
1332,2013-05-16,6912.35
1333,2013-05-17,6885.15
1334,2013-05-20,6759.25
1335,2013-05-21,6726.2
1336,2013-05-22,6778.8
1337,2013-05-23,6725.6
1338,2013-05-24,6664.15
1339,2013-05-27,6745.1
1340,2013-05-28,6698.35
1341,2013-05-29,6856.05
1342,2013-05-30,6814.85
1343,2013-05-31,6729.25
1344,2013-06-03,6715.25
1345,2013-06-04,6839.1
1346,2013-06-05,6858.35
1347,2013-06-06,6774.75
1348,2013-06-07,6782.7
1349,2013-06-10,6705.95
1350,2013-06-11,6686.2
1351,2013-06-12,6731.5
1352,2013-06-13,6607.3
1353,2013-06-14,6656.9
1354,2013-06-17,6674.45
1355,2013-06-18,6671.25
1356,2013-06-19,6647.5
1357,2013-06-20,6617.1
1358,2013-06-21,6597.85
1359,2013-06-24,6552.8
1360,2013-06-25,6515.75
1361,2013-06-26,6442.55
1362,2013-06-27,6597.7
1363,2013-06-28,6756.3
1364,2013-07-01,6838.85
1365,2013-07-02,6880.95
1366,2013-07-03,6918.85
1367,2013-07-04,6968.15
1368,2013-07-05,6983.95
1369,2013-07-08,6979.35
1370,2013-07-09,7097.45
1371,2013-07-10,7117.05
1372,2013-07-11,7174.3
1373,2013-07-12,7251.45
1374,2013-07-15,7272.1
1375,2013-07-16,7235.9
1376,2013-07-17,7234.3
1377,2013-07-18,7301.6
1378,2013-07-19,7241.3
1379,2013-07-22,7235.85
1380,2013-07-23,7240.6
1381,2013-07-24,7257.0
1382,2013-07-25,7129.95
1383,2013-07-26,7158.35
1384,2013-07-29,7132.75
1385,2013-07-30,7056.1
1386,2013-07-31,7107.85
1387,2013-08-01,7102.45
1388,2013-08-02,7036.1
1389,2013-08-05,6995.95
1390,2013-08-06,6927.95
1391,2013-08-07,6877.55
1392,2013-08-08,6856.1
1393,2013-08-12,6986.0
1394,2013-08-13,7101.85
1395,2013-08-14,7085.15
1396,2013-08-16,6960.75
1397,2013-08-19,6778.05
1398,2013-08-20,6694.75
1399,2013-08-21,6497.2
1400,2013-08-22,6676.5
1401,2013-08-23,6710.2
1402,2013-08-26,6785.5
1403,2013-08-27,6649.05
1404,2013-08-28,6727.25
1405,2013-08-29,6849.2
1406,2013-08-30,6980.55
1407,2013-09-02,7046.6
1408,2013-09-03,6871.45
1409,2013-09-04,7046.3
1410,2013-09-05,7023.5
1411,2013-09-06,7103.8
1412,2013-09-10,7192.7
1413,2013-09-11,7266.65
1414,2013-09-12,7275.65
1415,2013-09-13,7287.9
1416,2013-09-16,7107.0
1417,2013-09-17,7096.45
1418,2013-09-18,7152.6
1419,2013-09-19,7245.95
1420,2013-09-20,7260.7
1421,2013-09-23,7185.6
1422,2013-09-24,7205.05
1423,2013-09-25,7299.85
1424,2013-09-26,7362.85
1425,2013-09-27,7364.6
1426,2013-09-30,7361.05
1427,2013-10-01,7382.5
1428,2013-10-03,7467.3
1429,2013-10-04,7472.45
1430,2013-10-07,7552.65
1431,2013-10-08,7565.85
1432,2013-10-09,7710.6
1433,2013-10-10,7731.55
1434,2013-10-11,7642.05
1435,2013-10-14,7612.85
1436,2013-10-15,7589.0
1437,2013-10-17,7546.95
1438,2013-10-18,7632.2
1439,2013-10-21,7634.3
1440,2013-10-22,7648.15
1441,2013-10-23,7582.65
1442,2013-10-24,7542.9
1443,2013-10-25,7473.2
1444,2013-10-28,7397.55
1445,2013-10-29,7508.3
1446,2013-10-30,7605.75
1447,2013-10-31,7495.95
1448,2013-11-01,7502.8
1449,2013-11-03,7552.05
1450,2013-11-05,7413.3
1451,2013-11-06,7476.9
1452,2013-11-07,7481.75
1453,2013-11-08,7491.55
1454,2013-11-11,7519.35
1455,2013-11-12,7523.65
1456,2013-11-13,7518.75
1457,2013-11-14,7461.5
1458,2013-11-18,7517.8
1459,2013-11-19,7497.1
1460,2013-11-20,7400.65
1461,2013-11-21,7283.55
1462,2013-11-22,7293.2
1463,2013-11-25,7337.2
1464,2013-11-26,7272.65
1465,2013-11-27,7245.9
1466,2013-11-28,7268.1
1467,2013-11-29,7351.8
1468,2013-12-02,7502.1
1469,2013-12-03,7478.05
1470,2013-12-04,7441.4
1471,2013-12-05,7344.15
1472,2013-12-06,7365.75
1473,2013-12-09,7384.75
1474,2013-12-10,7406.6
1475,2013-12-11,7386.95
1476,2013-12-12,7319.25
1477,2013-12-13,7276.9
1478,2013-12-16,7313.75
1479,2013-12-17,7442.55
1480,2013-12-18,7517.3
1481,2013-12-19,7597.65
1482,2013-12-20,7646.6
1483,2013-12-23,7644.05
1484,2013-12-24,7641.05
1485,2013-12-26,7601.35
1486,2013-12-27,7661.2
1487,2013-12-30,7620.95
1488,2013-12-31,7634.95
1489,2014-01-01,7667.3
1490,2014-01-02,7625.1
1491,2014-01-03,7663.1
1492,2014-01-06,7697.25
1493,2014-01-07,7714.15
1494,2014-01-08,7806.6
1495,2014-01-09,7861.85
1496,2014-01-10,7880.35
1497,2014-01-13,7828.35
1498,2014-01-14,7884.8
1499,2014-01-15,7889.0
1500,2014-01-16,7816.8
1501,2014-01-17,7816.1
1502,2014-01-20,7812.6
1503,2014-01-21,7772.55
1504,2014-01-22,7895.2
1505,2014-01-23,7921.45
1506,2014-01-24,7811.95
1507,2014-01-27,7742.95
1508,2014-01-28,7665.9
1509,2014-01-29,7716.2
1510,2014-01-30,7683.45
1511,2014-01-31,7701.2
1512,2014-02-03,7788.0
1513,2014-02-04,7737.05
1514,2014-02-05,7741.05
1515,2014-02-06,7739.9
1516,2014-02-07,7872.0
1517,2014-02-10,7932.5
1518,2014-02-11,7895.6
1519,2014-02-12,7878.0
1520,2014-02-13,7737.1
1521,2014-02-14,7725.7
1522,2014-02-17,7773.45
1523,2014-02-18,7797.4
1524,2014-02-19,7888.15
1525,2014-02-20,7901.4
1526,2014-02-21,7903.3
1527,2014-02-24,8004.65
1528,2014-02-25,8001.75
1529,2014-02-26,8085.3
1530,2014-02-28,8276.5
1531,2014-03-03,8122.95
1532,2014-03-04,8081.25
1533,2014-03-05,8065.85
1534,2014-03-06,8046.1
1535,2014-03-07,7897.85
1536,2014-03-10,7751.7
1537,2014-03-11,7686.65
1538,2014-03-12,7786.6
1539,2014-03-13,7690.25
1540,2014-03-14,7767.2
1541,2014-03-18,7772.0
1542,2014-03-19,7807.85
1543,2014-03-20,7820.95
1544,2014-03-21,7787.1
1545,2014-03-22,7836.5
1546,2014-03-24,7788.95
1547,2014-03-25,7789.85
1548,2014-03-26,7628.6
1549,2014-03-27,7556.85
1550,2014-03-28,7632.3
1551,2014-03-31,7630.4
1552,2014-04-01,7661.5
1553,2014-04-02,7761.2
1554,2014-04-03,7840.6
1555,2014-04-04,7843.25
1556,2014-04-07,7825.45
1557,2014-04-09,8029.25
1558,2014-04-10,7877.55
1559,2014-04-11,7964.8
1560,2014-04-15,7900.8
1561,2014-04-16,7877.15
1562,2014-04-17,7941.6
1563,2014-04-21,7920.25
1564,2014-04-22,7941.75
1565,2014-04-23,7974.35
1566,2014-04-25,7989.3
1567,2014-04-28,8122.25
1568,2014-04-29,8106.5
1569,2014-04-30,8100.0
1570,2014-05-02,8157.05
1571,2014-05-05,8078.5
1572,2014-05-06,8087.45
1573,2014-05-07,8070.45
1574,2014-05-08,8047.95
1575,2014-05-09,8009.0
1576,2014-05-12,7937.7
1577,2014-05-13,7870.35
1578,2014-05-14,7836.5
1579,2014-05-15,7817.0
1580,2014-05-16,7699.45
1581,2014-05-19,7411.6
1582,2014-05-20,7515.6
1583,2014-05-21,7466.7
1584,2014-05-22,7470.45
1585,2014-05-23,7489.3
1586,2014-05-26,7447.6
1587,2014-05-27,7453.6
1588,2014-05-28,7466.5
1589,2014-05-29,7484.45
1590,2014-05-30,7712.9
1591,2014-06-02,7615.2
1592,2014-06-03,7579.05
1593,2014-06-04,7554.85
1594,2014-06-05,7563.35
1595,2014-06-06,7672.7
1596,2014-06-09,7706.9
1597,2014-06-10,7834.3
1598,2014-06-11,7903.05
1599,2014-06-12,8002.65
1600,2014-06-13,7986.35
1601,2014-06-16,8023.45
1602,2014-06-17,8037.1
1603,2014-06-18,8046.6
1604,2014-06-19,8119.0
1605,2014-06-20,8043.7
1606,2014-06-23,8082.15
1607,2014-06-24,8058.8
1608,2014-06-25,8104.75
1609,2014-06-26,8135.9
1610,2014-06-27,8361.0
1611,2014-06-30,8535.7
1612,2014-07-01,8496.85
1613,2014-07-02,8656.65
1614,2014-07-03,8749.6
1615,2014-07-04,8796.45
1616,2014-07-07,8883.3
1617,2014-07-08,8799.25
1618,2014-07-09,8717.15
1619,2014-07-10,8714.85
1620,2014-07-11,8819.05
1621,2014-07-14,8770.5
1622,2014-07-15,8725.85
1623,2014-07-16,8786.75
1624,2014-07-17,8821.85
1625,2014-07-18,8829.4
1626,2014-07-21,8831.9
1627,2014-07-22,8920.3
1628,2014-07-23,8925.65
1629,2014-07-24,8917.4
1630,2014-07-25,9168.15
1631,2014-07-28,9204.15
1632,2014-07-30,9339.55
1633,2014-07-31,9342.9
1634,2014-08-01,9179.7
1635,2014-08-04,9160.25
1636,2014-08-05,9217.7
1637,2014-08-06,9129.35
1638,2014-08-07,9115.45
1639,2014-08-08,9130.6
1640,2014-08-11,9113.5
1641,2014-08-12,9236.3
1642,2014-08-13,9324.05
1643,2014-08-14,9433.6
1644,2014-08-18,9564.55
1645,2014-08-19,9616.1
1646,2014-08-20,9909.65
1647,2014-08-21,9934.15
1648,2014-08-22,9956.1
1649,2014-08-25,10000.0
1650,2014-08-26,10115.25
1651,2014-08-27,10104.35
1652,2014-08-28,10082.3
1653,2014-09-01,10099.05
1654,2014-09-02,10306.6
1655,2014-09-03,10333.1
1656,2014-09-04,10381.05
1657,2014-09-05,10384.45
1658,2014-09-08,10485.0
1659,2014-09-09,10503.35
1660,2014-09-10,10482.3
1661,2014-09-11,10283.55
1662,2014-09-12,10353.1
1663,2014-09-15,10428.1
1664,2014-09-16,10319.85
1665,2014-09-17,10343.4
1666,2014-09-18,10535.55
1667,2014-09-19,10587.25
1668,2014-09-22,10484.95
1669,2014-09-23,10266.45
1670,2014-09-24,10367.1
1671,2014-09-25,10382.9
1672,2014-09-26,10501.65
1673,2014-09-29,10710.5
1674,2014-09-30,10847.15
1675,2014-10-01,10796.7
1676,2014-10-07,10564.95
1677,2014-10-08,10202.35
1678,2014-10-09,10325.0
1679,2014-10-10,10330.1
1680,2014-10-13,10186.15
1681,2014-10-14,10206.3
1682,2014-10-16,10095.15
1683,2014-10-17,10178.4
1684,2014-10-20,10313.3
1685,2014-10-21,10284.6
1686,2014-10-22,10452.45
1687,2014-10-23,10504.35
1688,2014-10-27,10533.85
1689,2014-10-28,10676.3
1690,2014-10-29,10652.05
1691,2014-10-30,10668.35
1692,2014-10-31,10874.75
1693,2014-11-03,10877.7
1694,2014-11-05,11021.6
1695,2014-11-07,11289.7
1696,2014-11-10,11366.15
1697,2014-11-11,11387.95
1698,2014-11-12,11301.1
1699,2014-11-13,11354.2
1700,2014-11-14,11195.3
1701,2014-11-17,11187.7
1702,2014-11-18,11109.8
1703,2014-11-19,11101.25
1704,2014-11-20,11216.4
1705,2014-11-21,11189.55
1706,2014-11-24,11138.1
1707,2014-11-25,11179.6
1708,2014-11-26,11154.45
1709,2014-11-27,11225.4
1710,2014-11-28,11254.75
1711,2014-12-01,11253.55
1712,2014-12-02,11325.5
1713,2014-12-03,11324.35
1714,2014-12-04,11309.35
1715,2014-12-05,11146.2
1716,2014-12-08,11112.55
1717,2014-12-09,11084.4
1718,2014-12-10,11114.55
1719,2014-12-11,11130.65
1720,2014-12-12,11155.95
1721,2014-12-15,11097.55
1722,2014-12-16,10784.75
1723,2014-12-17,10573.4
1724,2014-12-18,10701.7
1725,2014-12-19,10731.6
1726,2014-12-22,10826.15
1727,2014-12-23,10839.05
1728,2014-12-24,10705.8
1729,2014-12-26,10738.05
1730,2014-12-29,10826.65
1731,2014-12-30,10865.35
1732,2014-12-31,10949.8
1733,2015-01-01,10923.25
1734,2015-01-02,10955.6
1735,2015-01-05,10920.6
1736,2015-01-06,10637.8
1737,2015-01-07,10604.95
1738,2015-01-08,10737.6
1739,2015-01-09,10934.55
1740,2015-01-12,10976.2
1741,2015-01-13,10984.3
1742,2015-01-14,10881.55
1743,2015-01-15,10936.3
1744,2015-01-16,11101.15
1745,2015-01-19,11249.3
1746,2015-01-20,11290.65
1747,2015-01-21,11320.85
1748,2015-01-22,11509.5
1749,2015-01-23,11581.1
1750,2015-01-27,11583.25
1751,2015-01-28,11577.75
1752,2015-01-29,11752.05
1753,2015-01-30,11693.55
1754,2015-02-02,11627.65
1755,2015-02-03,11520.0
1756,2015-02-04,11625.7
1757,2015-02-05,11522.1
1758,2015-02-06,11322.95
1759,2015-02-09,11289.4
1760,2015-02-10,11283.5
1761,2015-02-11,11391.7
1762,2015-02-12,11598.25
1763,2015-02-13,11789.9
1764,2015-02-16,11680.25
1765,2015-02-18,11741.25
1766,2015-02-19,11734.5
1767,2015-02-20,11746.5
1768,2015-02-23,11640.8
1769,2015-02-24,11663.85
1770,2015-02-25,11533.5
1771,2015-02-26,11412.3
1772,2015-02-27,11554.8
1773,2015-02-28,11798.65
1774,2015-03-02,12024.05
1775,2015-03-03,12166.2
1776,2015-03-04,12326.8
1777,2015-03-05,12632.5
1778,2015-03-09,12676.9
1779,2015-03-10,12631.95
1780,2015-03-11,12515.75
1781,2015-03-12,12663.7
1782,2015-03-13,12487.05
1783,2015-03-16,12480.7
1784,2015-03-17,12716.8
1785,2015-03-18,12732.4
1786,2015-03-19,12799.8
1787,2015-03-20,12622.25
1788,2015-03-23,12622.95
1789,2015-03-24,12853.45
1790,2015-03-25,12919.45
1791,2015-03-26,12676.85
1792,2015-03-27,12588.55
1793,2015-03-30,12703.8
1794,2015-03-31,12844.8
1795,2015-04-01,13136.2
1796,2015-04-06,13807.1
1797,2015-04-07,13778.25
1798,2015-04-08,13831.15
1799,2015-04-09,13545.9
1800,2015-04-10,13505.9
1801,2015-04-13,13722.85
1802,2015-04-15,13480.95
1803,2015-04-16,13248.65
1804,2015-04-17,12809.15
1805,2015-04-20,12753.85
1806,2015-04-21,12284.0
1807,2015-04-22,12431.35
1808,2015-04-23,12293.05
1809,2015-04-24,12210.0
1810,2015-04-27,11908.2
1811,2015-04-28,11984.6
1812,2015-04-29,12042.9
1813,2015-04-30,12057.8
1814,2015-05-04,12333.6
1815,2015-05-05,12391.7
1816,2015-05-06,12037.65
1817,2015-05-07,11873.55
1818,2015-05-08,12104.7
1819,2015-05-11,12317.5
1820,2015-05-12,12250.7
1821,2015-05-13,12261.4
1822,2015-05-14,12238.8
1823,2015-05-15,12294.65
1824,2015-05-18,12486.0
1825,2015-05-19,12502.35
1826,2015-05-20,12537.05
1827,2015-05-21,12554.75
1828,2015-05-22,12690.1
1829,2015-05-25,12617.55
1830,2015-05-26,12559.05
1831,2015-05-27,12506.05
1832,2015-05-28,12311.9
1833,2015-05-29,12511.75
1834,2015-06-01,12079.8
1835,2015-06-02,11902.85
1836,2015-06-03,11746.6
1837,2015-06-04,11633.15
1838,2015-06-05,11715.85
1839,2015-06-08,11585.1
1840,2015-06-09,11379.9
1841,2015-06-10,11477.4
1842,2015-06-11,11308.15
1843,2015-06-12,11328.45
1844,2015-06-15,11451.1
1845,2015-06-16,11473.7
1846,2015-06-17,11678.95
1847,2015-06-18,11836.15
1848,2015-06-19,11810.0
1849,2015-06-22,11879.35
1850,2015-06-23,11910.25
1851,2015-06-24,11997.55
1852,2015-06-25,12007.25
1853,2015-06-26,12066.85
1854,2015-06-29,11926.4
1855,2015-06-30,12202.55
1856,2015-07-01,12257.1
1857,2015-07-02,12193.8
1858,2015-07-03,12264.85
1859,2015-07-06,12463.9
1860,2015-07-07,12490.5
1861,2015-07-08,12390.5
1862,2015-07-09,12399.35
1863,2015-07-10,12537.25
1864,2015-07-13,12697.8
1865,2015-07-14,12786.6
1866,2015-07-15,12912.35
1867,2015-07-16,13060.35
1868,2015-07-17,13139.0
1869,2015-07-20,13175.65
1870,2015-07-21,12255.3
1871,2015-07-22,12377.7
1872,2015-07-23,12275.4
1873,2015-07-24,12226.05
1874,2015-07-27,12056.9
1875,2015-07-28,11917.15
1876,2015-07-29,11978.4
1877,2015-07-30,12073.1
1878,2015-07-31,12353.25
1879,2015-08-03,12379.5
1880,2015-08-04,12361.95
1881,2015-08-05,12572.55
1882,2015-08-06,12697.5
1883,2015-08-07,12641.05
1884,2015-08-10,12638.6
1885,2015-08-11,12636.9
1886,2015-08-12,12771.75
1887,2015-08-13,12913.7
1888,2015-08-14,13137.25
1889,2015-08-17,13089.55
1890,2015-08-18,12980.1
1891,2015-08-19,13335.85
1892,2015-08-20,13463.75
1893,2015-08-21,13470.0
1894,2015-08-24,12653.3
1895,2015-08-25,12772.4
1896,2015-08-26,12623.05
1897,2015-08-27,12995.75
1898,2015-08-28,12940.75
1899,2015-08-31,13213.2
1900,2015-09-01,13007.05
1901,2015-09-02,12840.35
1902,2015-09-03,12817.4
1903,2015-09-04,12521.55
1904,2015-09-07,12240.0
1905,2015-09-08,12329.5
1906,2015-09-09,12360.05
1907,2015-09-10,12315.0
1908,2015-09-11,12341.85
1909,2015-09-14,12495.2
1910,2015-09-15,12478.8
1911,2015-09-16,12623.8
1912,2015-09-18,12751.2
1913,2015-09-21,12706.3
1914,2015-09-22,12662.8
1915,2015-09-23,12731.55
1916,2015-09-24,12826.45
1917,2015-09-28,12844.2
1918,2015-09-29,12700.1
1919,2015-09-30,12918.75
1920,2015-10-01,13140.85
1921,2015-10-05,13149.0
1922,2015-10-06,13275.75
1923,2015-10-07,13332.4
1924,2015-10-08,13212.85
1925,2015-10-09,13277.7
1926,2015-10-12,13111.65
1927,2015-10-13,13115.4
1928,2015-10-14,13160.65
1929,2015-10-15,13168.6
1930,2015-10-16,13203.55
1931,2015-10-19,13413.65
1932,2015-10-20,13340.95
1933,2015-10-21,13189.8
1934,2015-10-23,13258.5
1935,2015-10-26,13234.65
1936,2015-10-27,13223.0
1937,2015-10-28,13149.15
1938,2015-10-29,13052.0
1939,2015-10-30,13170.15
1940,2015-11-02,13029.7
1941,2015-11-03,13054.55
1942,2015-11-04,12923.9
1943,2015-11-05,12632.5
1944,2015-11-06,12226.65
1945,2015-11-09,11989.05
1946,2015-11-10,11618.3
1947,2015-11-11,11752.9
1948,2015-11-13,11640.55
1949,2015-11-16,11711.0
1950,2015-11-17,11801.2
1951,2015-11-18,11717.8
1952,2015-11-19,11674.95
1953,2015-11-20,11685.35
1954,2015-11-23,11717.15
1955,2015-11-24,11637.85
1956,2015-11-26,11553.3
1957,2015-11-27,11567.55
1958,2015-11-30,11492.9
1959,2015-12-01,11608.7
1960,2015-12-02,11723.35
1961,2015-12-03,11587.3
1962,2015-12-04,11645.05
1963,2015-12-07,11762.6
1964,2015-12-08,11610.35
1965,2015-12-09,11372.05
1966,2015-12-10,11368.15
1967,2015-12-11,11383.5
1968,2015-12-14,11488.0
1969,2015-12-15,11554.8
1970,2015-12-16,11637.65
1971,2015-12-17,11771.8
1972,2015-12-18,11663.8
1973,2015-12-21,11556.95
1974,2015-12-22,11595.9
1975,2015-12-23,11805.85
1976,2015-12-24,11795.75
1977,2015-12-28,12009.0
1978,2015-12-29,12022.35
1979,2015-12-30,11987.25
1980,2015-12-31,11963.5
1981,2016-01-01,11979.85
1982,2016-01-04,11733.7
1983,2016-01-05,11741.5
1984,2016-01-06,11673.8
1985,2016-01-07,11451.65
1986,2016-01-08,11486.6
1987,2016-01-11,11301.0
1988,2016-01-12,11341.6
1989,2016-01-13,11321.4
1990,2016-01-14,11369.4
1991,2016-01-15,11259.75
1992,2016-01-18,11095.95
1993,2016-01-19,11225.2
1994,2016-01-20,11133.65
1995,2016-01-21,10876.6
1996,2016-01-22,11141.3
1997,2016-01-25,11239.4
1998,2016-01-27,11348.8
1999,2016-01-28,11440.7
2000,2016-01-29,11755.85
2001,2016-02-01,11742.75
2002,2016-02-02,11425.75
2003,2016-02-03,11343.9
2004,2016-02-04,11215.5
2005,2016-02-05,11652.4
2006,2016-02-08,11498.8
2007,2016-02-09,11557.0
2008,2016-02-10,11352.75
2009,2016-02-11,11100.1
2010,2016-02-12,11081.05
2011,2016-02-15,11191.7
2012,2016-02-16,10936.35
2013,2016-02-17,11148.1
2014,2016-02-18,11371.35
2015,2016-02-19,11341.65
2016,2016-02-22,11487.7
2017,2016-02-23,11351.3
2018,2016-02-24,11130.2
2019,2016-02-25,11177.1
2020,2016-02-26,11164.25
2021,2016-02-29,11167.7
2022,2016-03-01,11294.4
2023,2016-03-02,11278.45
2024,2016-03-03,11502.3
2025,2016-03-04,11537.65
2026,2016-03-08,11570.35
2027,2016-03-09,11601.0
2028,2016-03-10,11623.0
2029,2016-03-11,11695.6
2030,2016-03-14,11719.2
2031,2016-03-15,11325.6
2032,2016-03-16,11381.75
2033,2016-03-17,11227.4
2034,2016-03-18,11092.25
2035,2016-03-21,11235.7
2036,2016-03-22,11217.5
2037,2016-03-23,11198.3
2038,2016-03-28,10960.05
2039,2016-03-29,10665.25
2040,2016-03-30,10910.2
2041,2016-03-31,10989.15
2042,2016-04-01,10928.3
2043,2016-04-04,10978.0
2044,2016-04-05,10876.9
2045,2016-04-06,10905.55
2046,2016-04-07,10984.35
2047,2016-04-08,11012.5
2048,2016-04-11,11024.75
2049,2016-04-12,11132.65
2050,2016-04-13,11225.75
2051,2016-04-18,11317.9
2052,2016-04-20,11267.5
2053,2016-04-21,11320.65
2054,2016-04-22,11286.75
2055,2016-04-25,11185.25
2056,2016-04-26,11295.6
2057,2016-04-27,11270.55
2058,2016-04-28,11179.4
2059,2016-04-29,11293.25
2060,2016-05-02,11271.9
2061,2016-05-03,11148.15
2062,2016-05-04,11182.0
2063,2016-05-05,11233.4
2064,2016-05-06,11121.4
2065,2016-05-09,11183.25
2066,2016-05-10,11266.85
2067,2016-05-11,11186.4
2068,2016-05-12,11264.6
2069,2016-05-13,11157.65
2070,2016-05-16,11205.4
2071,2016-05-17,11251.65
2072,2016-05-18,11271.3
2073,2016-05-19,11246.0
2074,2016-05-20,11070.65
2075,2016-05-23,10958.5
2076,2016-05-24,10851.15
2077,2016-05-25,10908.55
2078,2016-05-26,10882.2
2079,2016-05-27,11206.8
2080,2016-05-30,11175.0
2081,2016-05-31,10995.45
2082,2016-06-01,10957.2
2083,2016-06-02,10902.1
2084,2016-06-03,10808.2
2085,2016-06-06,10678.85
2086,2016-06-07,10739.35
2087,2016-06-08,10716.55
2088,2016-06-09,10665.4
2089,2016-06-10,10657.6
2090,2016-06-13,10706.6
2091,2016-06-14,10781.4
2092,2016-06-15,10790.3
2093,2016-06-16,10762.2
2094,2016-06-17,10653.45
2095,2016-06-20,10685.85
2096,2016-06-21,10627.35
2097,2016-06-22,10696.5
2098,2016-06-23,10793.1
2099,2016-06-24,10747.8
2100,2016-06-27,10964.05
2101,2016-06-28,11035.35
2102,2016-06-29,11084.7
2103,2016-06-30,11142.0
2104,2016-07-01,11250.9
2105,2016-07-04,11319.85
2106,2016-07-05,11361.6
2107,2016-07-07,11527.05
2108,2016-07-08,11569.7
2109,2016-07-11,11745.7
2110,2016-07-12,11680.65
2111,2016-07-13,11639.8
2112,2016-07-14,11590.65
2113,2016-07-15,11607.7
2114,2016-07-18,11556.85
2115,2016-07-19,11647.0
2116,2016-07-20,11925.35
2117,2016-07-21,11820.65
2118,2016-07-22,11815.75
2119,2016-07-25,11869.6
2120,2016-07-26,11691.15
2121,2016-07-27,11569.9
2122,2016-07-28,11615.75
2123,2016-07-29,11697.25
2124,2016-08-01,11685.4
2125,2016-08-02,11567.8
2126,2016-08-03,11553.2
2127,2016-08-04,11591.0
2128,2016-08-05,11678.9
2129,2016-08-08,11692.65
2130,2016-08-09,11595.15
2131,2016-08-10,11361.9
2132,2016-08-11,11376.9
2133,2016-08-12,11362.4
2134,2016-08-16,11420.0
2135,2016-08-17,11496.8
2136,2016-08-18,11565.3
2137,2016-08-19,11587.4
2138,2016-08-22,11473.8
2139,2016-08-23,11409.05
2140,2016-08-24,11536.55
2141,2016-08-25,11490.85
2142,2016-08-26,11395.45
2143,2016-08-29,11382.35
2144,2016-08-30,11552.75
2145,2016-08-31,11489.15
2146,2016-09-01,11463.35
2147,2016-09-02,11555.15
2148,2016-09-06,11612.7
2149,2016-09-07,11633.05
2150,2016-09-08,11936.65
2151,2016-09-09,11818.8
2152,2016-09-12,11622.6
2153,2016-09-14,11640.6
2154,2016-09-15,11715.65
2155,2016-09-16,11725.5
2156,2016-09-19,11766.65
2157,2016-09-20,11746.4
2158,2016-09-21,11730.95
2159,2016-09-22,11844.45
2160,2016-09-23,11798.65
2161,2016-09-26,11708.7
2162,2016-09-27,11782.6
2163,2016-09-28,11777.75
2164,2016-09-29,11432.2
2165,2016-09-30,11461.0
2166,2016-10-03,11638.25
2167,2016-10-04,11681.4
2168,2016-10-05,11615.9
2169,2016-10-06,11494.45
2170,2016-10-07,11480.1
2171,2016-10-10,11547.3
2172,2016-10-13,11338.85
2173,2016-10-14,11380.1
2174,2016-10-17,11279.4
2175,2016-10-18,11469.45
2176,2016-10-19,11527.75
2177,2016-10-20,11483.35
2178,2016-10-21,11494.55
2179,2016-10-24,11487.6
2180,2016-10-25,11585.95
2181,2016-10-26,11454.9
2182,2016-10-27,11534.55
2183,2016-10-28,11571.85
2184,2016-10-30,11636.0
2185,2016-11-01,11530.15
2186,2016-11-02,11268.9
2187,2016-11-03,11124.3
2188,2016-11-04,10606.0
2189,2016-11-07,10818.75
2190,2016-11-08,10665.8
2191,2016-11-09,10871.1
2192,2016-11-10,10990.55
2193,2016-11-11,10901.25
2194,2016-11-15,10747.9
2195,2016-11-16,10559.25
2196,2016-11-17,10595.65
2197,2016-11-18,10751.45
2198,2016-11-21,10642.1
2199,2016-11-22,10693.85
2200,2016-11-23,10934.2
2201,2016-11-24,10762.45
2202,2016-11-25,11085.0
2203,2016-11-28,11110.25
2204,2016-11-29,11061.3
2205,2016-11-30,11080.05
2206,2016-12-01,11132.05
2207,2016-12-02,11038.05
2208,2016-12-05,11073.5
2209,2016-12-06,11069.85
2210,2016-12-07,10832.65
2211,2016-12-08,10972.65
2212,2016-12-09,10929.45
2213,2016-12-12,10895.9
2214,2016-12-13,10947.9
2215,2016-12-14,10859.25
2216,2016-12-15,10655.5
2217,2016-12-16,10646.5
2218,2016-12-19,10555.7
2219,2016-12-20,10436.75
2220,2016-12-21,10361.6
2221,2016-12-22,10226.15
2222,2016-12-23,10156.65
2223,2016-12-26,9889.3
2224,2016-12-27,10083.0
2225,2016-12-28,10149.35
2226,2016-12-29,10132.35
2227,2016-12-30,10267.0
2228,2017-01-02,10310.2
2229,2017-01-03,10317.45
2230,2017-01-04,10303.8
2231,2017-01-05,10457.75
2232,2017-01-06,10472.7
2233,2017-01-09,10323.45
2234,2017-01-10,10366.7
2235,2017-01-11,10464.65
2236,2017-01-12,10401.75
2237,2017-01-13,10445.1
2238,2017-01-16,10418.2
2239,2017-01-17,10426.65
2240,2017-01-18,10452.45
2241,2017-01-19,10389.75
2242,2017-01-20,10307.85
2243,2017-01-23,10214.15
2244,2017-01-24,10339.45
2245,2017-01-25,10332.6
2246,2017-01-27,10367.2
2247,2017-01-30,10412.15
2248,2017-01-31,10236.35
2249,2017-02-01,10189.5
2250,2017-02-02,10402.0
2251,2017-02-03,10555.0
2252,2017-02-06,10710.8
2253,2017-02-07,10604.0
2254,2017-02-08,10583.4
2255,2017-02-09,10542.6
2256,2017-02-10,10438.1
2257,2017-02-13,10403.6
2258,2017-02-14,10322.25
2259,2017-02-15,10137.65
2260,2017-02-16,10407.75
2261,2017-02-17,10624.4
2262,2017-02-20,10641.6
2263,2017-02-21,10644.6
2264,2017-02-22,10582.3
2265,2017-02-23,10561.6
2266,2017-02-27,10571.7
2267,2017-02-28,10585.15
2268,2017-03-01,10700.8
2269,2017-03-02,10541.1
2270,2017-03-03,10614.05
2271,2017-03-06,10612.85
2272,2017-03-07,10560.9
2273,2017-03-08,10584.35
2274,2017-03-09,10499.05
2275,2017-03-10,10468.35
2276,2017-03-14,10648.05
2277,2017-03-15,10671.05
2278,2017-03-16,10731.2
2279,2017-03-17,10674.95
2280,2017-03-20,10710.6
2281,2017-03-21,10493.75
2282,2017-03-22,10510.55
2283,2017-03-23,10575.2
2284,2017-03-24,10556.35
2285,2017-03-27,10441.9
2286,2017-03-28,10497.7
2287,2017-03-29,10419.5
2288,2017-03-30,10407.3
2289,2017-03-31,10411.15
2290,2017-04-03,10503.65
2291,2017-04-05,10541.15
2292,2017-04-06,10469.7
2293,2017-04-07,10285.8
2294,2017-04-10,10315.8
2295,2017-04-11,10355.55
2296,2017-04-12,10445.2
2297,2017-04-13,10531.95
2298,2017-04-17,10448.55
2299,2017-04-18,10355.8
2300,2017-04-19,10321.05
2301,2017-04-20,10303.95
2302,2017-04-21,10208.5
2303,2017-04-24,10177.75
2304,2017-04-25,10241.45
2305,2017-04-26,10197.2
2306,2017-04-27,10100.0
2307,2017-04-28,10120.9
2308,2017-05-02,10036.35
2309,2017-05-03,9981.8
2310,2017-05-04,9979.0
2311,2017-05-05,9935.15
2312,2017-05-08,10021.05
2313,2017-05-09,9997.7
2314,2017-05-10,10106.2
2315,2017-05-11,10178.85
2316,2017-05-12,10121.4
2317,2017-05-15,10252.85
2318,2017-05-16,10247.15
2319,2017-05-17,10222.6
2320,2017-05-18,10160.3
2321,2017-05-19,10156.1
2322,2017-05-22,9959.2
2323,2017-05-23,9648.3
2324,2017-05-24,9446.95
2325,2017-05-25,9199.15
2326,2017-05-26,9060.45
2327,2017-05-29,8757.8
2328,2017-05-30,8990.3
2329,2017-05-31,9025.25
2330,2017-06-01,9104.95
2331,2017-06-02,9254.7
2332,2017-06-05,9229.75
2333,2017-06-06,9174.6
2334,2017-06-07,9300.55
2335,2017-06-08,9486.65
2336,2017-06-09,9507.35
2337,2017-06-12,9583.85
2338,2017-06-13,9592.15
2339,2017-06-14,9576.0
2340,2017-06-15,9695.85
2341,2017-06-16,9525.5
2342,2017-06-19,9489.2
2343,2017-06-20,9481.9
2344,2017-06-21,9456.8
2345,2017-06-22,9471.6
2346,2017-06-23,9478.15
2347,2017-06-27,9467.9
2348,2017-06-28,9482.35
2349,2017-06-29,9428.2
2350,2017-06-30,9606.4
2351,2017-07-03,9616.3
2352,2017-07-04,9517.95
2353,2017-07-05,9589.15
2354,2017-07-06,9598.45
2355,2017-07-07,9723.85
2356,2017-07-10,9884.45
2357,2017-07-11,9801.65
2358,2017-07-12,9817.8
2359,2017-07-13,9875.25
2360,2017-07-14,9958.25
2361,2017-07-17,9994.75
2362,2017-07-18,10024.3
2363,2017-07-19,10234.6
2364,2017-07-20,10140.75
2365,2017-07-21,10052.4
2366,2017-07-24,9980.5
2367,2017-07-25,9930.55
2368,2017-07-26,10036.8
2369,2017-07-27,9880.25
2370,2017-07-28,9672.6
2371,2017-07-31,9476.4
2372,2017-08-01,9517.3
2373,2017-08-02,9453.95
2374,2017-08-03,9336.9
2375,2017-08-04,9256.85
2376,2017-08-07,9229.05
2377,2017-08-08,9125.85
2378,2017-08-09,8766.25
2379,2017-08-10,8513.2
2380,2017-08-11,8521.35
2381,2017-08-14,8758.1
2382,2017-08-16,8859.4
2383,2017-08-17,8797.1
2384,2017-08-18,8639.4
2385,2017-08-21,8490.2
2386,2017-08-22,8566.65
2387,2017-08-23,8615.85
2388,2017-08-24,8902.05
2389,2017-08-28,8975.05
2390,2017-08-29,8865.05
2391,2017-08-30,8908.05
2392,2017-08-31,8859.65
2393,2017-09-01,9071.7
2394,2017-09-04,9070.35
2395,2017-09-05,9037.6
2396,2017-09-06,8897.3
2397,2017-09-07,8948.8
2398,2017-09-08,8840.3
2399,2017-09-11,8804.45
2400,2017-09-12,8996.1
2401,2017-09-13,9140.6
2402,2017-09-14,9380.85
2403,2017-09-15,9338.0
2404,2017-09-18,9339.55
2405,2017-09-19,9293.95
2406,2017-09-20,9319.85
2407,2017-09-21,9629.75
2408,2017-09-22,9465.45
2409,2017-09-25,9297.05
2410,2017-09-26,9297.9
2411,2017-09-27,9036.45
2412,2017-09-28,9111.55
2413,2017-09-29,9172.6
2414,2017-10-03,9214.95
2415,2017-10-04,9372.3
2416,2017-10-05,9394.15
2417,2017-10-06,9477.75
2418,2017-10-09,9505.7
2419,2017-10-10,9530.3
2420,2017-10-11,9441.15
2421,2017-10-12,9577.1
2422,2017-10-13,9545.6
2423,2017-10-16,9692.55
2424,2017-10-17,9740.55
2425,2017-10-18,9622.6
2426,2017-10-19,9593.5
2427,2017-10-23,9542.2
2428,2017-10-24,9490.0
2429,2017-10-25,9346.75
2430,2017-10-26,9428.35
2431,2017-10-27,9650.1
2432,2017-10-30,9754.85
2433,2017-10-31,9756.0
2434,2017-11-01,9711.55
2435,2017-11-02,10004.5
2436,2017-11-03,9897.2
2437,2017-11-06,9894.1
2438,2017-11-07,9469.75
2439,2017-11-08,9494.95
2440,2017-11-09,9435.85
2441,2017-11-10,9311.5
2442,2017-11-13,9238.85
2443,2017-11-14,9208.45
2444,2017-11-15,9025.2
2445,2017-11-16,9082.65
2446,2017-11-17,9161.8
2447,2017-11-20,9143.35
2448,2017-11-21,9346.55
2449,2017-11-22,9278.0
2450,2017-11-23,9293.2
2451,2017-11-24,9364.3
2452,2017-11-27,9368.7
2453,2017-11-28,9318.5
2454,2017-11-29,9351.85
2455,2017-11-30,9238.75
2456,2017-12-01,9083.85
2457,2017-12-04,9052.0
2458,2017-12-05,9043.15
2459,2017-12-06,8938.2
2460,2017-12-07,8960.4
2461,2017-12-08,9098.45
2462,2017-12-11,9186.1
2463,2017-12-12,9119.1
2464,2017-12-13,9002.8
2465,2017-12-14,9070.85
2466,2017-12-15,9100.3
2467,2017-12-18,9230.45
2468,2017-12-19,9299.65
2469,2017-12-20,9285.45
2470,2017-12-21,9321.6
2471,2017-12-22,9326.6
2472,2017-12-26,9416.0
2473,2017-12-27,9639.85
2474,2017-12-28,9584.2
2475,2017-12-29,9620.1
2476,2018-01-01,9618.15
2477,2018-01-02,9565.8
2478,2018-01-03,9519.55
2479,2018-01-04,9633.6
2480,2018-01-05,9701.05
2481,2018-01-08,9838.25
2482,2018-01-09,9770.2
2483,2018-01-10,9748.6
2484,2018-01-11,9772.85
2485,2018-01-12,9741.85
2486,2018-01-15,9659.75
2487,2018-01-16,9623.45
2488,2018-01-17,9744.3
2489,2018-01-18,9626.45
2490,2018-01-19,9637.8
2491,2018-01-22,9654.8
2492,2018-01-23,9767.3
2493,2018-01-24,9826.4
2494,2018-01-25,9729.15
2495,2018-01-29,9622.35
2496,2018-01-30,9563.55
2497,2018-01-31,9384.75
2498,2018-02-01,9158.7
2499,2018-02-02,9042.75
2500,2018-02-05,9069.5
2501,2018-02-06,8871.25
2502,2018-02-07,8935.8
2503,2018-02-08,9262.45
2504,2018-02-09,9222.55
2505,2018-02-12,9339.95
2506,2018-02-14,9249.2
2507,2018-02-15,9207.5
2508,2018-02-16,9180.9
2509,2018-02-19,9027.9
2510,2018-02-20,9020.75
2511,2018-02-21,8843.4
2512,2018-02-22,8861.75
2513,2018-02-23,9095.4
2514,2018-02-26,9065.1
2515,2018-02-27,9023.45
2516,2018-02-28,8960.25
2517,2018-03-01,8917.75
2518,2018-03-05,8855.8
2519,2018-03-06,8749.55
2520,2018-03-07,8615.0
2521,2018-03-08,8586.35
2522,2018-03-09,8515.7
2523,2018-03-12,8600.7
2524,2018-03-13,8712.1
2525,2018-03-14,8701.55
2526,2018-03-15,8670.55
2527,2018-03-16,8546.8
2528,2018-03-19,8512.9
2529,2018-03-20,8578.7
2530,2018-03-21,8525.45
2531,2018-03-22,8474.0
2532,2018-03-23,8327.4
2533,2018-03-26,8390.5
2534,2018-03-27,8452.5
2535,2018-03-28,8358.05
2536,2018-04-02,8620.85
2537,2018-04-03,8664.7
2538,2018-04-04,8569.5
2539,2018-04-05,8655.65
2540,2018-04-06,8772.4
2541,2018-04-09,8738.15
2542,2018-04-10,8719.6
2543,2018-04-11,8761.8
2544,2018-04-12,8685.05
2545,2018-04-13,8730.6
2546,2018-04-16,8867.2
2547,2018-04-17,8827.75
2548,2018-04-18,8790.0
2549,2018-04-19,8829.75
2550,2018-04-20,8819.8
2551,2018-04-23,8949.9
2552,2018-04-24,8984.15
2553,2018-04-25,8901.15
2554,2018-04-26,8896.6
2555,2018-04-27,8987.4
2556,2018-04-30,9060.7
2557,2018-05-02,8961.05
2558,2018-05-03,8966.3
2559,2018-05-04,8817.45
2560,2018-05-07,8774.4
2561,2018-05-08,8753.25
2562,2018-05-09,8704.1
2563,2018-05-10,8544.95
2564,2018-05-11,8445.7
2565,2018-05-14,8462.05
2566,2018-05-15,8401.15
2567,2018-05-16,8399.1
2568,2018-05-17,8403.0
2569,2018-05-18,8211.85
2570,2018-05-21,7983.2
2571,2018-05-22,8118.9
2572,2018-05-23,8069.7
2573,2018-05-24,8207.0
2574,2018-05-25,8297.25
2575,2018-05-28,8498.2
2576,2018-05-29,8410.45
2577,2018-05-30,8321.1
2578,2018-05-31,8220.25
2579,2018-06-01,8213.2
2580,2018-06-04,8205.8
2581,2018-06-05,8117.75
2582,2018-06-06,8233.65
2583,2018-06-07,8252.15
2584,2018-06-08,8603.95
2585,2018-06-11,8647.15
2586,2018-06-12,8870.45
2587,2018-06-13,8948.95
2588,2018-06-14,9112.45
2589,2018-06-15,9316.25
2590,2018-06-18,9319.3
2591,2018-06-19,9253.95
2592,2018-06-20,9291.35
2593,2018-06-21,9198.8
2594,2018-06-22,9360.9
2595,2018-06-25,9286.8
2596,2018-06-26,9247.75
2597,2018-06-27,9263.45
2598,2018-06-28,9149.4
2599,2018-06-29,9173.15
2600,2018-07-02,9133.9
2601,2018-07-03,9325.3
2602,2018-07-04,9399.6
2603,2018-07-05,9274.25
2604,2018-07-06,9189.9
2605,2018-07-09,9307.6
2606,2018-07-10,9276.1
2607,2018-07-11,9228.7
2608,2018-07-12,9244.1
2609,2018-07-13,9164.0
2610,2018-07-16,8786.4
2611,2018-07-17,8926.1
2612,2018-07-18,8885.65
2613,2018-07-19,8749.9
2614,2018-07-20,8895.25
2615,2018-07-23,8937.4
2616,2018-07-24,9049.05
2617,2018-07-25,8969.25
2618,2018-07-26,8994.65
2619,2018-07-27,9039.0
2620,2018-07-30,9115.55
2621,2018-07-31,9179.4
2622,2018-08-01,9301.7
2623,2018-08-02,9424.65
2624,2018-08-03,9500.75
2625,2018-08-06,9408.6
2626,2018-08-07,9371.05
2627,2018-08-08,9307.25
2628,2018-08-09,9249.95
2629,2018-08-10,9138.25
2630,2018-08-13,9186.6
2631,2018-08-14,9481.15
2632,2018-08-16,9595.35
2633,2018-08-17,9693.85
2634,2018-08-20,9799.15
2635,2018-08-21,9950.5
2636,2018-08-23,10076.8
2637,2018-08-24,10061.1
2638,2018-08-27,10094.2
2639,2018-08-28,10050.1
2640,2018-08-29,10008.9
2641,2018-08-30,10120.55
2642,2018-08-31,10390.95
2643,2018-09-03,10359.9
2644,2018-09-04,10205.55
2645,2018-09-05,10303.4
2646,2018-09-06,10583.15
2647,2018-09-07,10661.25
2648,2018-09-10,10446.5
2649,2018-09-11,10279.05
2650,2018-09-12,10391.6
2651,2018-09-14,10652.85
2652,2018-09-17,10504.15
2653,2018-09-18,10465.4
2654,2018-09-19,10456.95
2655,2018-09-21,10252.35
2656,2018-09-24,9994.75
2657,2018-09-25,10245.15
2658,2018-09-26,10289.3
2659,2018-09-27,10092.45
2660,2018-09-28,9972.45
2661,2018-10-01,10034.4
2662,2018-10-03,9950.9
2663,2018-10-04,9630.75
2664,2018-10-05,9547.35
2665,2018-10-08,9505.8
2666,2018-10-09,9638.75
2667,2018-10-10,9771.35
2668,2018-10-11,9488.65
2669,2018-10-12,9525.6
2670,2018-10-15,9774.1
2671,2018-10-16,9836.75
2672,2018-10-17,9686.4
2673,2018-10-19,9650.3
2674,2018-10-22,9646.65
2675,2018-10-23,9368.25
2676,2018-10-24,9334.4
2677,2018-10-25,9142.7
2678,2018-10-26,9115.1
2679,2018-10-29,9590.4
2680,2018-10-30,9535.3
2681,2018-10-31,9757.5
2682,2018-11-01,9609.15
2683,2018-11-02,9547.85
2684,2018-11-05,9460.5
2685,2018-11-06,9454.95
2686,2018-11-07,9511.6
2687,2018-11-09,9643.9
2688,2018-11-12,9557.5
2689,2018-11-13,9422.55
2690,2018-11-14,9216.15
2691,2018-11-15,9218.55
2692,2018-11-16,9301.35
2693,2018-11-19,9399.25
2694,2018-11-20,9218.7
2695,2018-11-21,9375.1
2696,2018-11-22,9302.3
2697,2018-11-26,9180.5
2698,2018-11-27,9058.45
2699,2018-11-28,9014.8
2700,2018-11-29,9090.65
2701,2018-11-30,9275.7
2702,2018-12-03,9053.4
2703,2018-12-04,9064.4
2704,2018-12-05,8812.2
2705,2018-12-06,8686.5
2706,2018-12-07,8682.6
2707,2018-12-10,8535.3
2708,2018-12-11,8746.6
2709,2018-12-12,8801.5
2710,2018-12-13,8810.8
2711,2018-12-14,8726.4
2712,2018-12-17,8771.3
2713,2018-12-18,8840.4
2714,2018-12-19,8823.45
2715,2018-12-20,8853.8
2716,2018-12-21,8774.05
2717,2018-12-24,8726.35
2718,2018-12-26,8684.85
2719,2018-12-27,8665.75
2720,2018-12-28,8814.2
2721,2018-12-31,8868.7
2722,2019-01-01,8881.95
2723,2019-01-02,8839.95
2724,2019-01-03,8722.3
2725,2019-01-04,8788.05
2726,2019-01-07,8732.65
2727,2019-01-08,8864.75
2728,2019-01-09,8906.7
2729,2019-01-10,8934.8
2730,2019-01-11,8902.45
2731,2019-01-14,8949.3
2732,2019-01-15,9027.5
2733,2019-01-16,9054.2
2734,2019-01-17,8930.5
2735,2019-01-18,8689.6
2736,2019-01-21,8734.7
2737,2019-01-22,8892.6
2738,2019-01-23,8946.2
2739,2019-01-24,8894.5
2740,2019-01-25,8891.0
2741,2019-01-28,8663.9
2742,2019-01-29,8756.9
2743,2019-01-30,8734.6
2744,2019-01-31,8825.35
2745,2019-02-01,8969.55
2746,2019-02-04,8811.9
2747,2019-02-05,8800.6
2748,2019-02-06,8906.9
2749,2019-02-07,9056.15
2750,2019-02-08,8984.85
2751,2019-02-11,8838.0
2752,2019-02-12,8904.95
2753,2019-02-13,8839.75
2754,2019-02-14,8920.9
2755,2019-02-15,8643.3
2756,2019-02-18,8573.95
2757,2019-02-19,8552.7
2758,2019-02-20,8606.35
2759,2019-02-21,8706.35
2760,2019-02-22,8772.6
2761,2019-02-25,8816.2
2762,2019-02-26,8829.45
2763,2019-02-27,8866.2
2764,2019-02-28,8884.85
2765,2019-03-01,8972.65
2766,2019-03-05,9054.65
2767,2019-03-06,9155.0
2768,2019-03-07,9045.65
2769,2019-03-08,9021.85
2770,2019-03-11,9155.05
2771,2019-03-12,9274.8
2772,2019-03-13,9100.25
2773,2019-03-14,9184.9
2774,2019-03-15,9221.75
2775,2019-03-18,9204.95
2776,2019-03-19,9244.6
2777,2019-03-20,9264.5
2778,2019-03-22,9199.35
2779,2019-03-25,9170.15
2780,2019-03-26,9245.0
2781,2019-03-27,9148.8
2782,2019-03-28,9199.4
2783,2019-03-29,9346.55
2784,2019-04-01,9375.4
2785,2019-04-02,9296.95
2786,2019-04-03,9180.3
2787,2019-04-04,9263.4
2788,2019-04-05,9271.55
2789,2019-04-08,9243.9
2790,2019-04-09,9333.3
2791,2019-04-10,9407.9
2792,2019-04-11,9391.15
2793,2019-04-12,9426.45
2794,2019-04-15,9417.75
2795,2019-04-16,9417.8
2796,2019-04-18,9409.9
2797,2019-04-22,9285.45
2798,2019-04-23,9388.8
2799,2019-04-24,9459.0
2800,2019-04-25,9442.55
2801,2019-04-26,9461.7
2802,2019-04-30,9402.5
2803,2019-05-02,9291.3
2804,2019-05-03,9220.45
2805,2019-05-06,9189.75
2806,2019-05-07,9148.2
2807,2019-05-08,9003.35
2808,2019-05-09,8976.9
2809,2019-05-10,8944.6
2810,2019-05-13,8553.5
2811,2019-05-14,8683.9
2812,2019-05-15,8595.75
2813,2019-05-16,8577.35
2814,2019-05-17,8448.95
2815,2019-05-20,8505.95
2816,2019-05-21,8488.25
2817,2019-05-22,8510.85
2818,2019-05-23,8497.6
2819,2019-05-24,8608.45
2820,2019-05-27,8525.0
2821,2019-05-28,8513.85
2822,2019-05-29,8484.65
2823,2019-05-30,8474.7
2824,2019-05-31,8455.1
2825,2019-06-03,8536.6
2826,2019-06-04,8432.95
2827,2019-06-06,8279.1
2828,2019-06-07,8179.6
2829,2019-06-10,8246.7
2830,2019-06-11,8243.5
2831,2019-06-12,8179.15
2832,2019-06-13,8148.55
2833,2019-06-14,8083.55
2834,2019-06-17,7975.25
2835,2019-06-18,7916.95
2836,2019-06-19,7790.5
2837,2019-06-20,8029.0
2838,2019-06-21,7911.55
2839,2019-06-24,7902.0
2840,2019-06-25,7947.2
2841,2019-06-26,8086.3
2842,2019-06-27,8088.0
2843,2019-06-28,8065.15
2844,2019-07-01,8178.8
2845,2019-07-02,8101.65
2846,2019-07-03,8092.2
2847,2019-07-04,8046.8
2848,2019-07-05,7926.5
2849,2019-07-08,7801.75
2850,2019-07-09,8012.05
2851,2019-07-10,8009.5
2852,2019-07-11,8110.05
2853,2019-07-12,8144.3
2854,2019-07-15,8231.85
2855,2019-07-16,8347.95
2856,2019-07-17,8330.75
2857,2019-07-18,8223.15
2858,2019-07-19,8040.1
2859,2019-07-22,8120.85
2860,2019-07-23,8063.65
2861,2019-07-24,7920.65
2862,2019-07-25,8094.35
2863,2019-07-26,8178.9
2864,2019-07-29,8039.8
2865,2019-07-30,7877.75
2866,2019-07-31,7987.5
2867,2019-08-01,7878.75
2868,2019-08-02,7868.2
2869,2019-08-05,7807.95
2870,2019-08-06,7818.5
2871,2019-08-07,7879.75
2872,2019-08-08,7964.8
2873,2019-08-09,7924.05
2874,2019-08-13,7851.95
2875,2019-08-14,7744.3
2876,2019-08-16,7684.3
2877,2019-08-19,7741.35
2878,2019-08-20,7749.7
2879,2019-08-21,7677.25
2880,2019-08-22,7670.85
2881,2019-08-23,7780.55
2882,2019-08-26,7824.3
2883,2019-08-27,7812.1
2884,2019-08-28,7738.65
2885,2019-08-29,7912.5
2886,2019-08-30,8072.05
2887,2019-09-03,7976.45
2888,2019-09-04,7967.65
2889,2019-09-05,8071.75
2890,2019-09-06,8068.75
2891,2019-09-09,8077.9
2892,2019-09-11,8082.9
2893,2019-09-12,8102.15
2894,2019-09-13,8033.05
2895,2019-09-16,8070.65
2896,2019-09-17,7933.85
2897,2019-09-18,7923.45
2898,2019-09-19,7799.6
2899,2019-09-20,7983.55
2900,2019-09-23,7857.25
2901,2019-09-24,7891.95
2902,2019-09-25,7789.7
2903,2019-09-26,7857.3
2904,2019-09-27,7695.3
2905,2019-09-30,7547.75
2906,2019-10-01,7466.45
2907,2019-10-03,7461.75
2908,2019-10-04,7396.9
2909,2019-10-07,7148.95
2910,2019-10-09,7235.6
2911,2019-10-10,7235.6
2912,2019-10-11,7278.45
2913,2019-10-14,7361.7
2914,2019-10-15,7420.65
2915,2019-10-16,7475.35
2916,2019-10-17,7533.45
2917,2019-10-18,7608.15
2918,2019-10-22,7746.15
2919,2019-10-23,7761.85
2920,2019-10-24,7728.15
2921,2019-10-25,7736.55
2922,2019-10-27,7743.55
2923,2019-10-29,7824.6
2924,2019-10-30,7819.35
2925,2019-10-31,7878.15
2926,2019-11-01,7949.45
2927,2019-11-04,7966.85
2928,2019-11-05,7879.55
2929,2019-11-06,7926.35
2930,2019-11-07,7966.0
2931,2019-11-08,7787.4
2932,2019-11-11,7784.9
2933,2019-11-13,7660.45
2934,2019-11-14,7591.45
2935,2019-11-15,7720.6
2936,2019-11-18,7816.55
2937,2019-11-19,7851.45
2938,2019-11-20,8107.6
2939,2019-11-21,8068.95
2940,2019-11-22,8067.2
2941,2019-11-25,8211.55
2942,2019-11-26,8177.85
2943,2019-11-27,8246.1
2944,2019-11-28,8273.65
2945,2019-11-29,8189.95
2946,2019-12-02,8128.95
2947,2019-12-03,8044.85
2948,2019-12-04,8121.5
2949,2019-12-05,8051.85
2950,2019-12-06,7957.55
2951,2019-12-09,7960.35
2952,2019-12-10,7940.5
2953,2019-12-11,7967.85
2954,2019-12-12,8045.35
2955,2019-12-13,8045.05
2956,2019-12-16,8025.85
2957,2019-12-17,7999.6
2958,2019-12-18,8091.1
2959,2019-12-19,8073.05
2960,2019-12-20,8049.45
2961,2019-12-23,8051.5
2962,2019-12-24,8073.8
2963,2019-12-26,7997.6
2964,2019-12-27,8068.05
2965,2019-12-30,8083.1
2966,2019-12-31,8040.15
2967,2020-01-01,8047.1
2968,2020-01-02,8053.95
2969,2020-01-03,8111.95
2970,2020-01-06,7987.35
2971,2020-01-07,8036.5
2972,2020-01-08,7996.15
2973,2020-01-09,8033.15
2974,2020-01-10,8058.5
2975,2020-01-13,8078.45
2976,2020-01-14,8117.0
2977,2020-01-15,8166.2
2978,2020-01-16,8203.1
2979,2020-01-17,8345.3
2980,2020-01-20,8269.35
2981,2020-01-21,8274.2
2982,2020-01-22,8256.65
2983,2020-01-23,8300.2
2984,2020-01-24,8294.05
2985,2020-01-27,8416.35
2986,2020-01-28,8420.25
2987,2020-01-29,8412.8
2988,2020-01-30,8237.05
2989,2020-01-31,8138.6
2990,2020-02-01,8013.75
2991,2020-02-03,7967.55
2992,2020-02-04,8122.4
2993,2020-02-05,8125.6
2994,2020-02-06,8227.9
2995,2020-02-07,8341.85
2996,2020-02-10,8261.25
2997,2020-02-11,8324.65
2998,2020-02-12,8265.05
2999,2020-02-13,8335.7
3000,2020-02-14,8331.7
3001,2020-02-17,8204.85
3002,2020-02-18,8198.3
3003,2020-02-19,8378.65
3004,2020-02-20,8364.35
3005,2020-02-24,8115.55
3006,2020-02-25,7938.45
3007,2020-02-26,7839.2
3008,2020-02-27,7885.15
3009,2020-02-28,7576.75
3010,2020-03-02,7535.1
3011,2020-03-03,7920.6
3012,2020-03-04,8086.55
3013,2020-03-05,8146.0
3014,2020-03-06,8018.3
3015,2020-03-09,7756.45
3016,2020-03-11,7623.05
3017,2020-03-12,6942.55
3018,2020-03-13,7268.0
3019,2020-03-16,6959.35
3020,2020-03-17,6979.1
3021,2020-03-18,6705.75
3022,2020-03-19,6655.5
3023,2020-03-20,6951.9
3024,2020-03-23,6432.3
3025,2020-03-24,6611.05
3026,2020-03-25,6695.55
3027,2020-03-26,6775.0
3028,2020-03-27,6813.05
3029,2020-03-30,6896.0
3030,2020-03-31,7176.5
3031,2020-04-01,7026.7
3032,2020-04-03,7361.6
3033,2020-04-07,8124.85
3034,2020-04-08,8412.2
3035,2020-04-09,8800.45
3036,2020-04-13,9044.35
3037,2020-04-15,9038.8
3038,2020-04-16,9199.3
3039,2020-04-17,9157.75
3040,2020-04-20,9149.2
3041,2020-04-21,9381.65
3042,2020-04-22,9377.0
3043,2020-04-23,9388.9
3044,2020-04-24,9518.45
3045,2020-04-27,9602.05
3046,2020-04-28,9386.2
3047,2020-04-29,9385.45
3048,2020-04-30,9327.1
3049,2020-05-04,9364.6
3050,2020-05-05,9181.5
3051,2020-05-06,9227.15
3052,2020-05-07,9148.1
3053,2020-05-08,9343.35
3054,2020-05-11,9307.3
3055,2020-05-12,9246.65
3056,2020-05-13,9147.75
3057,2020-05-14,9172.2
3058,2020-05-15,9093.0
3059,2020-05-18,9092.65
3060,2020-05-19,9084.6
3061,2020-05-20,9456.8
3062,2020-05-21,9520.55
3063,2020-05-22,9600.65
3064,2020-05-26,9483.5
3065,2020-05-27,9463.7
3066,2020-05-28,9464.5
3067,2020-05-29,9768.6
3068,2020-06-01,9802.1
3069,2020-06-02,9833.6
3070,2020-06-03,9864.05
3071,2020-06-04,10077.85
3072,2020-06-05,10081.3
3073,2020-06-08,9939.1
3074,2020-06-09,10122.05
3075,2020-06-10,10149.25
3076,2020-06-11,9933.4
3077,2020-06-12,9982.8
3078,2020-06-15,9989.05
3079,2020-06-16,9926.4
3080,2020-06-17,9977.2
3081,2020-06-18,9975.3
3082,2020-06-19,10002.15
3083,2020-06-22,10218.35
3084,2020-06-23,10360.8
3085,2020-06-24,10110.5
3086,2020-06-25,10193.15
3087,2020-06-26,10137.85
3088,2020-06-29,10135.9
3089,2020-06-30,9985.15
3090,2020-07-01,9882.85
3091,2020-07-02,9943.65
3092,2020-07-03,9963.4
3093,2020-07-06,9901.25
3094,2020-07-07,9878.0
3095,2020-07-08,9948.5
3096,2020-07-09,9987.55
3097,2020-07-10,10072.25
3098,2020-07-13,10106.6
3099,2020-07-14,10155.05
3100,2020-07-15,10210.75
3101,2020-07-16,10382.3
3102,2020-07-17,10472.15
3103,2020-07-20,10304.6
3104,2020-07-21,10153.8
3105,2020-07-22,10175.2
3106,2020-07-23,10322.15
3107,2020-07-24,10237.95
3108,2020-07-27,10062.05
3109,2020-07-28,10128.05
3110,2020-07-29,10441.15
3111,2020-07-30,10766.05
3112,2020-07-31,11148.9
3113,2020-08-03,11128.4
3114,2020-08-04,11316.95
3115,2020-08-05,11263.75
3116,2020-08-06,11403.65
3117,2020-08-07,11333.0
3118,2020-08-10,11941.4
3119,2020-08-11,11772.25
3120,2020-08-12,11590.25
3121,2020-08-13,11477.95
3122,2020-08-14,11640.4
3123,2020-08-17,11595.35
3124,2020-08-18,11581.7
3125,2020-08-19,11537.9
3126,2020-08-20,11540.9
3127,2020-08-21,11614.9
3128,2020-08-24,11572.25
3129,2020-08-25,11500.0
3130,2020-08-26,11484.55
3131,2020-08-27,11588.05
3132,2020-08-28,11622.9
3133,2020-08-31,11079.8
3134,2020-09-01,11339.5
3135,2020-09-02,11404.25
3136,2020-09-03,11511.85
3137,2020-09-04,11281.45
3138,2020-09-07,11269.85
3139,2020-09-08,11093.2
3140,2020-09-09,11304.1
3141,2020-09-10,11303.4
3142,2020-09-11,11313.3
3143,2020-09-14,11233.3
3144,2020-09-15,11450.5
3145,2020-09-16,11688.55
3146,2020-09-17,11735.95
3147,2020-09-18,12320.9
3148,2020-09-21,11799.55
3149,2020-09-22,11876.85
3150,2020-09-23,11685.9
3151,2020-09-24,11334.6
3152,2020-09-25,11595.9
3153,2020-09-28,11796.6
3154,2020-09-29,11709.5
3155,2020-09-30,11772.85
