,Date,NIFTY REALTY
0,2008-01-01,1782.67
1,2008-01-02,1835.42
2,2008-01-03,1812.25
3,2008-01-04,1810.96
4,2008-01-07,1855.08
5,2008-01-08,1842.79
6,2008-01-09,1867.72
7,2008-01-10,1827.22
8,2008-01-11,1852.49
9,2008-01-14,1878.43
10,2008-01-15,1850.83
11,2008-01-16,1773.35
12,2008-01-17,1773.24
13,2008-01-18,1666.31
14,2008-01-21,1440.44
15,2008-01-22,1310.81
16,2008-01-23,1462.12
17,2008-01-24,1405.46
18,2008-01-25,1552.32
19,2008-01-28,1482.79
20,2008-01-29,1441.34
21,2008-01-30,1402.65
22,2008-01-31,1376.48
23,2008-02-01,1374.94
24,2008-02-04,1461.51
25,2008-02-05,1484.84
26,2008-02-06,1449.12
27,2008-02-07,1398.45
28,2008-02-08,1361.21
29,2008-02-11,1268.12
30,2008-02-12,1254.52
31,2008-02-13,1306.03
32,2008-02-14,1405.27
33,2008-02-15,1452.39
34,2008-02-18,1407.58
35,2008-02-19,1390.22
36,2008-02-20,1339.34
37,2008-02-21,1341.3
38,2008-02-22,1332.93
39,2008-02-25,1346.43
40,2008-02-26,1383.45
41,2008-02-27,1383.14
42,2008-02-28,1362.42
43,2008-02-29,1328.99
44,2008-03-03,1243.09
45,2008-03-04,1173.55
46,2008-03-05,1154.9
47,2008-03-07,1071.13
48,2008-03-10,1061.65
49,2008-03-11,1133.87
50,2008-03-12,1147.42
51,2008-03-13,1012.33
52,2008-03-14,1058.26
53,2008-03-17,971.87
54,2008-03-18,985.78
55,2008-03-19,967.1
56,2008-03-24,934.63
57,2008-03-25,1022.24
58,2008-03-26,1026.05
59,2008-03-27,1049.22
60,2008-03-28,1104.65
61,2008-03-31,1042.01
62,2008-04-01,1030.97
63,2008-04-02,1035.84
64,2008-04-03,1037.36
65,2008-04-04,1010.97
66,2008-04-07,1034.31
67,2008-04-08,1018.88
68,2008-04-09,1000.59
69,2008-04-10,991.05
70,2008-04-11,987.36
71,2008-04-15,1003.42
72,2008-04-16,1005.53
73,2008-04-17,1049.41
74,2008-04-21,1060.31
75,2008-04-22,1084.3
76,2008-04-23,1105.05
77,2008-04-24,1105.28
78,2008-04-25,1123.47
79,2008-04-28,1126.79
80,2008-04-29,1193.32
81,2008-04-30,1171.58
82,2008-05-02,1209.22
83,2008-05-05,1209.04
84,2008-05-06,1154.54
85,2008-05-07,1134.63
86,2008-05-08,1125.31
87,2008-05-09,1093.3
88,2008-05-12,1072.94
89,2008-05-13,1075.78
90,2008-05-14,1082.82
91,2008-05-15,1119.0
92,2008-05-16,1122.92
93,2008-05-20,1103.77
94,2008-05-21,1101.21
95,2008-05-22,1072.66
96,2008-05-23,1046.06
97,2008-05-26,1018.99
98,2008-05-27,1008.85
99,2008-05-28,1009.9
100,2008-05-29,991.75
101,2008-05-30,978.44
102,2008-06-02,936.88
103,2008-06-03,935.8
104,2008-06-04,888.46
105,2008-06-05,880.37
106,2008-06-06,864.0
107,2008-06-09,799.82
108,2008-06-10,782.52
109,2008-06-11,803.46
110,2008-06-12,803.51
111,2008-06-13,785.78
112,2008-06-16,815.55
113,2008-06-17,847.24
114,2008-06-18,816.47
115,2008-06-19,780.18
116,2008-06-20,743.86
117,2008-06-23,716.39
118,2008-06-24,700.44
119,2008-06-25,715.74
120,2008-06-26,700.85
121,2008-06-27,669.21
122,2008-06-30,620.53
123,2008-07-01,573.16
124,2008-07-02,640.58
125,2008-07-03,581.45
126,2008-07-04,630.19
127,2008-07-07,631.2
128,2008-07-08,624.97
129,2008-07-09,662.64
130,2008-07-10,658.34
131,2008-07-11,648.41
132,2008-07-14,642.11
133,2008-07-15,609.41
134,2008-07-16,572.16
135,2008-07-17,601.09
136,2008-07-18,635.36
137,2008-07-21,653.48
138,2008-07-22,655.83
139,2008-07-23,710.96
140,2008-07-24,715.75
141,2008-07-25,684.77
142,2008-07-28,690.78
143,2008-07-29,653.22
144,2008-07-30,686.69
145,2008-07-31,690.4
146,2008-08-01,704.92
147,2008-08-04,711.75
148,2008-08-05,756.64
149,2008-08-06,750.62
150,2008-08-07,755.62
151,2008-08-08,747.7
152,2008-08-11,787.64
153,2008-08-12,769.7
154,2008-08-13,758.15
155,2008-08-14,696.39
156,2008-08-18,692.34
157,2008-08-19,689.89
158,2008-08-20,700.58
159,2008-08-21,665.9
160,2008-08-22,666.19
161,2008-08-25,677.94
162,2008-08-26,672.17
163,2008-08-27,648.26
164,2008-08-28,633.92
165,2008-08-29,668.18
166,2008-09-01,667.15
167,2008-09-02,720.05
168,2008-09-04,694.08
169,2008-09-05,666.08
170,2008-09-08,688.61
171,2008-09-09,679.02
172,2008-09-10,667.57
173,2008-09-11,649.8
174,2008-09-12,626.12
175,2008-09-15,577.74
176,2008-09-16,551.5
177,2008-09-17,527.48
178,2008-09-18,502.52
179,2008-09-19,542.29
180,2008-09-22,542.54
181,2008-09-23,515.3
182,2008-09-24,515.61
183,2008-09-25,506.37
184,2008-09-26,474.28
185,2008-09-29,446.26
186,2008-09-30,459.68
187,2008-10-01,448.91
188,2008-10-03,435.81
189,2008-10-06,391.39
190,2008-10-07,382.18
191,2008-10-08,368.27
192,2008-10-10,324.26
193,2008-10-13,357.89
194,2008-10-14,366.15
195,2008-10-15,347.99
196,2008-10-16,367.12
197,2008-10-17,330.13
198,2008-10-20,317.68
199,2008-10-21,348.63
200,2008-10-22,321.75
201,2008-10-23,304.92
202,2008-10-24,232.63
203,2008-10-27,243.05
204,2008-10-28,264.83
205,2008-10-29,259.83
206,2008-10-31,262.78
207,2008-11-03,282.11
208,2008-11-04,315.26
209,2008-11-05,297.54
210,2008-11-06,299.43
211,2008-11-07,306.99
212,2008-11-10,322.93
213,2008-11-11,288.87
214,2008-11-12,266.99
215,2008-11-14,262.36
216,2008-11-17,248.51
217,2008-11-18,238.86
218,2008-11-19,238.08
219,2008-11-20,216.8
220,2008-11-21,213.37
221,2008-11-24,205.36
222,2008-11-25,198.57
223,2008-11-26,203.21
224,2008-11-28,200.19
225,2008-12-01,190.38
226,2008-12-02,194.48
227,2008-12-03,201.4
228,2008-12-04,227.74
229,2008-12-05,219.4
230,2008-12-08,231.22
231,2008-12-10,260.76
232,2008-12-11,266.58
233,2008-12-12,277.79
234,2008-12-15,294.67
235,2008-12-16,302.35
236,2008-12-17,280.71
237,2008-12-18,301.89
238,2008-12-19,334.75
239,2008-12-22,334.19
240,2008-12-23,317.16
241,2008-12-24,301.3
242,2008-12-26,288.52
243,2008-12-29,289.76
244,2008-12-30,299.33
245,2008-12-31,298.37
246,2009-01-01,319.18
247,2009-01-02,325.66
248,2009-01-05,324.8
249,2009-01-06,310.94
250,2009-01-07,255.65
251,2009-01-09,243.04
252,2009-01-12,230.83
253,2009-01-13,232.37
254,2009-01-14,243.22
255,2009-01-15,230.64
256,2009-01-16,224.15
257,2009-01-19,229.23
258,2009-01-20,220.63
259,2009-01-21,212.59
260,2009-01-22,200.68
261,2009-01-23,194.61
262,2009-01-27,197.69
263,2009-01-28,210.72
264,2009-01-29,205.02
265,2009-01-30,215.2
266,2009-02-02,191.41
267,2009-02-03,175.75
268,2009-02-04,177.29
269,2009-02-05,175.32
270,2009-02-06,178.92
271,2009-02-09,182.62
272,2009-02-10,195.11
273,2009-02-11,195.5
274,2009-02-12,197.84
275,2009-02-13,202.09
276,2009-02-16,192.1
277,2009-02-17,182.2
278,2009-02-18,187.97
279,2009-02-19,185.93
280,2009-02-20,182.54
281,2009-02-24,182.3
282,2009-02-25,180.41
283,2009-02-26,182.36
284,2009-02-27,178.41
285,2009-03-02,173.86
286,2009-03-03,171.58
287,2009-03-04,172.12
288,2009-03-05,170.18
289,2009-03-06,168.42
290,2009-03-09,161.78
291,2009-03-12,161.67
292,2009-03-13,173.63
293,2009-03-16,180.61
294,2009-03-17,176.54
295,2009-03-18,186.46
296,2009-03-19,189.28
297,2009-03-20,187.6
298,2009-03-23,189.07
299,2009-03-24,191.33
300,2009-03-25,204.03
301,2009-03-26,206.48
302,2009-03-27,209.32
303,2009-03-30,193.5
304,2009-03-31,199.97
305,2009-04-01,212.23
306,2009-04-02,232.42
307,2009-04-06,240.04
308,2009-04-08,252.21
309,2009-04-09,268.15
310,2009-04-13,280.85
311,2009-04-15,305.14
312,2009-04-16,277.41
313,2009-04-17,286.12
314,2009-04-20,290.61
315,2009-04-21,298.63
316,2009-04-22,284.31
317,2009-04-23,297.96
318,2009-04-24,301.87
319,2009-04-27,292.04
320,2009-04-28,275.13
321,2009-04-29,282.47
322,2009-05-04,296.23
323,2009-05-05,320.91
324,2009-05-06,307.06
325,2009-05-07,314.21
326,2009-05-08,311.74
327,2009-05-11,295.89
328,2009-05-12,308.3
329,2009-05-13,307.52
330,2009-05-14,314.83
331,2009-05-15,320.32
332,2009-05-18,396.18
333,2009-05-19,448.14
334,2009-05-20,450.99
335,2009-05-21,445.78
336,2009-05-22,444.74
337,2009-05-25,461.58
338,2009-05-26,439.53
339,2009-05-27,464.72
340,2009-05-28,476.84
341,2009-05-29,510.19
342,2009-06-01,541.9
343,2009-06-02,532.19
344,2009-06-03,537.1
345,2009-06-04,554.64
346,2009-06-05,541.7
347,2009-06-08,480.92
348,2009-06-09,507.79
349,2009-06-10,501.72
350,2009-06-11,498.27
351,2009-06-12,485.97
352,2009-06-15,469.65
353,2009-06-16,478.27
354,2009-06-17,449.29
355,2009-06-18,421.16
356,2009-06-19,436.76
357,2009-06-22,425.61
358,2009-06-23,422.13
359,2009-06-24,430.77
360,2009-06-25,433.53
361,2009-06-26,447.19
362,2009-06-29,461.49
363,2009-06-30,425.09
364,2009-07-01,444.55
365,2009-07-02,451.85
366,2009-07-03,457.11
367,2009-07-06,423.36
368,2009-07-07,422.63
369,2009-07-08,385.35
370,2009-07-09,385.21
371,2009-07-10,377.27
372,2009-07-13,364.15
373,2009-07-14,397.87
374,2009-07-15,428.66
375,2009-07-16,428.4
376,2009-07-17,442.88
377,2009-07-20,464.6
378,2009-07-21,459.28
379,2009-07-22,458.43
380,2009-07-23,481.92
381,2009-07-24,503.21
382,2009-07-27,517.88
383,2009-07-28,542.7
384,2009-07-29,518.23
385,2009-07-30,526.2
386,2009-07-31,519.79
387,2009-08-03,541.49
388,2009-08-04,535.05
389,2009-08-05,524.51
390,2009-08-06,504.13
391,2009-08-07,486.84
392,2009-08-10,478.99
393,2009-08-11,489.46
394,2009-08-12,500.69
395,2009-08-13,535.53
396,2009-08-14,527.02
397,2009-08-17,485.74
398,2009-08-18,497.7
399,2009-08-19,488.25
400,2009-08-20,495.26
401,2009-08-21,513.13
402,2009-08-24,539.68
403,2009-08-25,544.21
404,2009-08-26,550.47
405,2009-08-27,548.44
406,2009-08-28,568.57
407,2009-08-31,587.31
408,2009-09-01,568.26
409,2009-09-02,556.45
410,2009-09-03,557.56
411,2009-09-04,568.73
412,2009-09-07,601.93
413,2009-09-08,596.56
414,2009-09-09,586.55
415,2009-09-10,573.17
416,2009-09-11,564.54
417,2009-09-14,559.82
418,2009-09-15,582.17
419,2009-09-16,594.48
420,2009-09-17,588.55
421,2009-09-18,594.95
422,2009-09-22,602.64
423,2009-09-23,587.46
424,2009-09-24,591.35
425,2009-09-25,595.12
426,2009-09-29,590.66
427,2009-09-30,598.63
428,2009-10-01,599.64
429,2009-10-05,577.72
430,2009-10-06,573.54
431,2009-10-07,577.16
432,2009-10-08,590.03
433,2009-10-09,585.8
434,2009-10-12,594.36
435,2009-10-14,602.84
436,2009-10-15,604.49
437,2009-10-16,624.98
438,2009-10-17,624.12
439,2009-10-20,630.79
440,2009-10-21,632.66
441,2009-10-22,602.49
442,2009-10-23,601.31
443,2009-10-26,574.0
444,2009-10-27,537.85
445,2009-10-28,543.71
446,2009-10-29,507.9
447,2009-10-30,509.18
448,2009-11-03,457.31
449,2009-11-04,504.09
450,2009-11-05,517.88
451,2009-11-06,532.39
452,2009-11-09,542.04
453,2009-11-10,526.9
454,2009-11-11,539.74
455,2009-11-12,522.59
456,2009-11-13,517.67
457,2009-11-16,533.8
458,2009-11-17,526.2
459,2009-11-18,529.3
460,2009-11-19,505.89
461,2009-11-20,509.47
462,2009-11-23,507.45
463,2009-11-24,504.49
464,2009-11-25,488.45
465,2009-11-26,477.96
466,2009-11-27,476.4
467,2009-11-30,483.21
468,2009-12-01,514.0
469,2009-12-02,524.62
470,2009-12-03,526.72
471,2009-12-04,523.2
472,2009-12-07,510.4
473,2009-12-08,527.84
474,2009-12-09,525.42
475,2009-12-10,524.75
476,2009-12-11,520.22
477,2009-12-14,520.3
478,2009-12-15,513.82
479,2009-12-16,507.11
480,2009-12-17,502.5
481,2009-12-18,491.73
482,2009-12-21,485.09
483,2009-12-22,492.38
484,2009-12-23,506.05
485,2009-12-24,510.62
486,2009-12-29,506.97
487,2009-12-30,510.37
488,2009-12-31,510.29
489,2010-01-04,511.8
490,2010-01-05,517.44
491,2010-01-06,525.42
492,2010-01-07,521.33
493,2010-01-08,538.05
494,2010-01-11,552.34
495,2010-01-12,534.64
496,2010-01-13,536.53
497,2010-01-14,534.36
498,2010-01-15,537.85
499,2010-01-18,537.33
500,2010-01-19,527.84
501,2010-01-20,516.74
502,2010-01-21,502.48
503,2010-01-22,493.8
504,2010-01-25,478.54
505,2010-01-27,439.75
506,2010-01-28,447.06
507,2010-01-29,460.07
508,2010-02-01,462.32
509,2010-02-02,451.23
510,2010-02-03,464.72
511,2010-02-04,446.57
512,2010-02-05,426.13
513,2010-02-06,436.29
514,2010-02-08,438.5
515,2010-02-09,432.09
516,2010-02-10,436.85
517,2010-02-11,445.69
518,2010-02-15,444.1
519,2010-02-16,449.0
520,2010-02-17,444.46
521,2010-02-18,434.54
522,2010-02-19,419.48
523,2010-02-22,411.33
524,2010-02-23,415.74
525,2010-02-24,420.54
526,2010-02-25,420.27
527,2010-02-26,426.99
528,2010-03-02,427.93
529,2010-03-03,437.3
530,2010-03-04,448.52
531,2010-03-05,455.18
532,2010-03-08,451.85
533,2010-03-09,446.09
534,2010-03-10,448.47
535,2010-03-11,447.33
536,2010-03-12,444.1
537,2010-03-15,440.51
538,2010-03-16,444.11
539,2010-03-17,440.68
540,2010-03-18,440.84
541,2010-03-19,437.34
542,2010-03-22,418.96
543,2010-03-23,415.44
544,2010-03-25,418.72
545,2010-03-26,417.91
546,2010-03-29,421.47
547,2010-03-30,427.52
548,2010-03-31,427.74
549,2010-04-01,432.38
550,2010-04-05,444.08
551,2010-04-06,450.57
552,2010-04-07,452.53
553,2010-04-08,455.79
554,2010-04-09,456.1
555,2010-04-12,459.73
556,2010-04-13,457.81
557,2010-04-15,465.32
558,2010-04-16,463.08
559,2010-04-19,451.52
560,2010-04-20,465.4
561,2010-04-21,473.67
562,2010-04-22,466.72
563,2010-04-23,469.67
564,2010-04-26,461.1
565,2010-04-27,454.46
566,2010-04-28,437.43
567,2010-04-29,446.1
568,2010-04-30,454.69
569,2010-05-03,449.19
570,2010-05-04,435.95
571,2010-05-05,430.18
572,2010-05-06,427.59
573,2010-05-07,407.97
574,2010-05-10,435.68
575,2010-05-11,424.29
576,2010-05-12,427.95
577,2010-05-13,439.4
578,2010-05-14,427.95
579,2010-05-17,423.47
580,2010-05-18,420.86
581,2010-05-19,402.99
582,2010-05-20,393.89
583,2010-05-21,387.72
584,2010-05-24,380.14
585,2010-05-25,370.07
586,2010-05-26,382.52
587,2010-05-27,390.09
588,2010-05-28,405.89
589,2010-05-31,401.53
590,2010-06-01,389.01
591,2010-06-02,394.49
592,2010-06-03,400.66
593,2010-06-04,401.44
594,2010-06-07,384.96
595,2010-06-08,374.7
596,2010-06-09,378.95
597,2010-06-10,386.27
598,2010-06-11,385.19
599,2010-06-14,387.74
600,2010-06-15,398.82
601,2010-06-16,400.03
602,2010-06-17,402.38
603,2010-06-18,401.0
604,2010-06-21,413.23
605,2010-06-22,413.03
606,2010-06-23,419.0
607,2010-06-24,415.77
608,2010-06-25,411.28
609,2010-06-28,420.21
610,2010-06-29,412.18
611,2010-06-30,417.35
612,2010-07-01,410.82
613,2010-07-02,408.75
614,2010-07-05,407.85
615,2010-07-06,413.16
616,2010-07-07,410.0
617,2010-07-08,417.52
618,2010-07-09,427.48
619,2010-07-12,438.91
620,2010-07-13,457.0
621,2010-07-14,456.67
622,2010-07-15,452.43
623,2010-07-16,455.11
624,2010-07-19,450.5
625,2010-07-20,457.35
626,2010-07-21,462.5
627,2010-07-22,465.7
628,2010-07-23,458.4
629,2010-07-26,448.65
630,2010-07-27,453.65
631,2010-07-28,446.75
632,2010-07-29,447.65
633,2010-07-30,441.6
634,2010-08-02,446.7
635,2010-08-03,447.3
636,2010-08-04,449.6
637,2010-08-05,455.0
638,2010-08-06,453.35
639,2010-08-09,475.95
640,2010-08-10,477.5
641,2010-08-11,468.7
642,2010-08-12,473.1
643,2010-08-13,483.25
644,2010-08-16,478.4
645,2010-08-17,478.75
646,2010-08-18,479.95
647,2010-08-19,476.5
648,2010-08-20,485.45
649,2010-08-23,485.55
650,2010-08-24,472.8
651,2010-08-25,456.75
652,2010-08-26,454.25
653,2010-08-27,441.3
654,2010-08-30,442.1
655,2010-08-31,435.15
656,2010-09-01,448.85
657,2010-09-02,449.65
658,2010-09-03,455.7
659,2010-09-06,465.8
660,2010-09-07,460.5
661,2010-09-08,463.7
662,2010-09-09,466.5
663,2010-09-13,478.0
664,2010-09-14,475.95
665,2010-09-15,478.4
666,2010-09-16,484.0
667,2010-09-17,487.7
668,2010-09-20,496.75
669,2010-09-21,489.6
670,2010-09-22,481.6
671,2010-09-23,470.7
672,2010-09-24,485.15
673,2010-09-27,491.65
674,2010-09-28,493.65
675,2010-09-29,490.8
676,2010-09-30,491.75
677,2010-10-01,511.9
678,2010-10-04,514.75
679,2010-10-05,516.7
680,2010-10-06,531.55
681,2010-10-07,516.9
682,2010-10-08,515.1
683,2010-10-11,517.25
684,2010-10-12,507.75
685,2010-10-13,521.15
686,2010-10-14,519.1
687,2010-10-15,513.45
688,2010-10-18,518.05
689,2010-10-19,508.55
690,2010-10-20,500.95
691,2010-10-21,511.3
692,2010-10-22,503.5
693,2010-10-25,507.95
694,2010-10-26,506.15
695,2010-10-27,495.5
696,2010-10-28,485.65
697,2010-10-29,481.55
698,2010-11-01,494.95
699,2010-11-02,481.05
700,2010-11-03,484.25
701,2010-11-04,492.75
702,2010-11-05,495.5
703,2010-11-08,497.05
704,2010-11-09,505.0
705,2010-11-10,502.55
706,2010-11-11,485.7
707,2010-11-12,461.65
708,2010-11-15,455.25
709,2010-11-16,438.05
710,2010-11-18,434.25
711,2010-11-19,417.05
712,2010-11-22,426.0
713,2010-11-23,411.6
714,2010-11-24,399.35
715,2010-11-25,377.65
716,2010-11-26,360.2
717,2010-11-29,364.35
718,2010-11-30,384.95
719,2010-12-01,397.15
720,2010-12-02,407.3
721,2010-12-03,390.5
722,2010-12-06,389.35
723,2010-12-07,385.15
724,2010-12-08,376.3
725,2010-12-09,360.3
726,2010-12-10,365.15
727,2010-12-13,374.05
728,2010-12-14,378.05
729,2010-12-15,364.2
730,2010-12-16,367.6
731,2010-12-20,362.15
732,2010-12-21,367.95
733,2010-12-22,367.7
734,2010-12-23,364.4
735,2010-12-24,367.1
736,2010-12-27,363.65
737,2010-12-28,365.25
738,2010-12-29,366.05
739,2010-12-30,371.45
740,2010-12-31,379.95
741,2011-01-03,381.35
742,2011-01-04,376.35
743,2011-01-05,368.5
744,2011-01-06,359.4
745,2011-01-07,353.5
746,2011-01-10,340.25
747,2011-01-11,329.65
748,2011-01-12,341.85
749,2011-01-13,344.1
750,2011-01-14,333.7
751,2011-01-17,325.55
752,2011-01-18,326.5
753,2011-01-19,332.75
754,2011-01-20,331.65
755,2011-01-21,329.7
756,2011-01-24,334.0
757,2011-01-25,329.35
758,2011-01-27,316.6
759,2011-01-28,300.65
760,2011-01-31,293.75
761,2011-02-01,281.75
762,2011-02-02,288.55
763,2011-02-03,300.85
764,2011-02-04,289.55
765,2011-02-07,295.15
766,2011-02-08,285.65
767,2011-02-09,274.95
768,2011-02-10,274.0
769,2011-02-11,278.55
770,2011-02-14,285.3
771,2011-02-15,281.15
772,2011-02-16,287.25
773,2011-02-17,284.05
774,2011-02-18,271.95
775,2011-02-21,274.0
776,2011-02-22,272.45
777,2011-02-23,268.8
778,2011-02-24,258.8
779,2011-02-25,259.6
780,2011-02-28,262.9
781,2011-03-01,274.7
782,2011-03-03,275.45
783,2011-03-04,276.4
784,2011-03-07,271.5
785,2011-03-08,275.45
786,2011-03-09,280.6
787,2011-03-10,282.9
788,2011-03-11,280.65
789,2011-03-14,282.75
790,2011-03-15,273.1
791,2011-03-16,279.55
792,2011-03-17,277.35
793,2011-03-18,272.75
794,2011-03-21,270.1
795,2011-03-22,276.25
796,2011-03-23,282.45
797,2011-03-24,290.8
798,2011-03-25,298.95
799,2011-03-28,296.95
800,2011-03-29,299.15
801,2011-03-30,309.75
802,2011-03-31,313.3
803,2011-04-01,321.8
804,2011-04-04,322.2
805,2011-04-05,324.8
806,2011-04-06,335.65
807,2011-04-07,340.55
808,2011-04-08,329.3
809,2011-04-11,321.0
810,2011-04-13,326.5
811,2011-04-15,322.6
812,2011-04-18,311.55
813,2011-04-19,312.65
814,2011-04-20,315.05
815,2011-04-21,318.6
816,2011-04-25,314.0
817,2011-04-26,313.15
818,2011-04-27,308.8
819,2011-04-28,297.8
820,2011-04-29,289.3
821,2011-05-02,292.2
822,2011-05-03,282.9
823,2011-05-04,281.1
824,2011-05-05,272.25
825,2011-05-06,276.3
826,2011-05-09,275.65
827,2011-05-10,279.55
828,2011-05-11,283.5
829,2011-05-12,282.85
830,2011-05-13,289.2
831,2011-05-16,284.25
832,2011-05-17,283.75
833,2011-05-18,280.6
834,2011-05-19,271.95
835,2011-05-20,275.65
836,2011-05-23,267.85
837,2011-05-24,266.55
838,2011-05-25,263.7
839,2011-05-26,265.75
840,2011-05-27,274.95
841,2011-05-30,281.5
842,2011-05-31,289.25
843,2011-06-01,288.75
844,2011-06-02,284.3
845,2011-06-03,282.3
846,2011-06-06,283.15
847,2011-06-07,288.6
848,2011-06-08,287.1
849,2011-06-09,287.45
850,2011-06-10,284.7
851,2011-06-13,283.7
852,2011-06-14,285.75
853,2011-06-15,282.55
854,2011-06-16,281.6
855,2011-06-17,281.05
856,2011-06-20,270.05
857,2011-06-21,262.45
858,2011-06-22,257.35
859,2011-06-23,256.05
860,2011-06-24,265.8
861,2011-06-27,263.15
862,2011-06-28,263.4
863,2011-06-29,264.6
864,2011-06-30,267.65
865,2011-07-01,275.2
866,2011-07-04,286.35
867,2011-07-05,283.15
868,2011-07-06,284.8
869,2011-07-07,290.8
870,2011-07-08,297.75
871,2011-07-11,288.75
872,2011-07-12,280.25
873,2011-07-13,283.4
874,2011-07-14,290.25
875,2011-07-15,288.3
876,2011-07-18,291.15
877,2011-07-19,294.8
878,2011-07-20,296.0
879,2011-07-21,291.9
880,2011-07-22,294.35
881,2011-07-25,296.55
882,2011-07-26,285.85
883,2011-07-27,284.4
884,2011-07-28,279.6
885,2011-07-29,273.05
886,2011-08-01,274.25
887,2011-08-02,269.5
888,2011-08-03,266.05
889,2011-08-04,260.25
890,2011-08-05,251.2
891,2011-08-08,239.2
892,2011-08-09,238.35
893,2011-08-10,247.2
894,2011-08-11,244.4
895,2011-08-12,241.25
896,2011-08-16,228.65
897,2011-08-17,221.25
898,2011-08-18,221.0
899,2011-08-19,222.4
900,2011-08-22,223.4
901,2011-08-23,224.25
902,2011-08-24,221.45
903,2011-08-25,223.35
904,2011-08-26,213.05
905,2011-08-29,222.45
906,2011-08-30,231.4
907,2011-09-02,236.95
908,2011-09-05,238.25
909,2011-09-06,232.65
910,2011-09-07,241.25
911,2011-09-08,242.5
912,2011-09-09,236.8
913,2011-09-12,229.4
914,2011-09-13,230.6
915,2011-09-14,231.3
916,2011-09-15,239.7
917,2011-09-16,242.35
918,2011-09-19,241.5
919,2011-09-20,245.4
920,2011-09-21,248.15
921,2011-09-22,233.15
922,2011-09-23,231.2
923,2011-09-26,229.8
924,2011-09-27,241.65
925,2011-09-28,242.85
926,2011-09-29,242.85
927,2011-09-30,237.6
928,2011-10-03,224.8
929,2011-10-04,222.85
930,2011-10-05,225.65
931,2011-10-07,234.6
932,2011-10-10,242.9
933,2011-10-11,242.55
934,2011-10-12,249.65
935,2011-10-13,250.4
936,2011-10-14,247.1
937,2011-10-17,248.6
938,2011-10-18,242.55
939,2011-10-19,250.9
940,2011-10-20,244.75
941,2011-10-21,240.15
942,2011-10-24,242.9
943,2011-10-25,246.3
944,2011-10-26,247.75
945,2011-10-28,262.2
946,2011-10-31,261.45
947,2011-11-01,256.05
948,2011-11-02,255.2
949,2011-11-03,260.1
950,2011-11-04,262.5
951,2011-11-08,258.7
952,2011-11-09,250.75
953,2011-11-11,244.3
954,2011-11-14,237.35
955,2011-11-15,223.5
956,2011-11-16,224.35
957,2011-11-17,218.55
958,2011-11-18,214.75
959,2011-11-21,207.4
960,2011-11-22,208.0
961,2011-11-23,204.35
962,2011-11-24,207.85
963,2011-11-25,209.65
964,2011-11-28,216.65
965,2011-11-29,211.5
966,2011-11-30,210.1
967,2011-12-01,218.05
968,2011-12-02,222.5
969,2011-12-05,221.7
970,2011-12-07,223.1
971,2011-12-08,214.15
972,2011-12-09,211.05
973,2011-12-12,205.05
974,2011-12-13,206.4
975,2011-12-14,201.7
976,2011-12-15,201.2
977,2011-12-16,194.25
978,2011-12-19,188.75
979,2011-12-20,183.0
980,2011-12-21,185.3
981,2011-12-22,191.45
982,2011-12-23,191.7
983,2011-12-26,194.75
984,2011-12-27,191.2
985,2011-12-28,189.6
986,2011-12-29,185.95
987,2011-12-30,184.2
988,2012-01-02,183.1
989,2012-01-03,191.45
990,2012-01-04,190.8
991,2012-01-05,187.25
992,2012-01-06,185.85
993,2012-01-07,186.95
994,2012-01-09,190.25
995,2012-01-10,199.75
996,2012-01-11,208.95
997,2012-01-12,209.35
998,2012-01-13,213.75
999,2012-01-16,212.6
1000,2012-01-17,220.35
1001,2012-01-18,222.05
1002,2012-01-19,229.9
1003,2012-01-20,231.7
1004,2012-01-23,233.65
1005,2012-01-24,236.5
1006,2012-01-25,236.0
1007,2012-01-27,230.25
1008,2012-01-30,223.05
1009,2012-01-31,231.45
1010,2012-02-01,233.65
1011,2012-02-02,235.85
1012,2012-02-03,240.45
1013,2012-02-06,250.45
1014,2012-02-07,244.5
1015,2012-02-08,251.75
1016,2012-02-09,256.65
1017,2012-02-10,254.35
1018,2012-02-13,254.5
1019,2012-02-14,260.4
1020,2012-02-15,272.7
1021,2012-02-16,277.75
1022,2012-02-17,280.75
1023,2012-02-21,293.85
1024,2012-02-22,273.3
1025,2012-02-23,266.65
1026,2012-02-24,259.75
1027,2012-02-27,245.5
1028,2012-02-28,260.7
1029,2012-02-29,263.8
1030,2012-03-01,254.35
1031,2012-03-02,248.55
1032,2012-03-03,247.65
1033,2012-03-05,239.05
1034,2012-03-06,236.6
1035,2012-03-07,239.25
1036,2012-03-09,246.45
1037,2012-03-12,249.2
1038,2012-03-13,254.9
1039,2012-03-14,252.55
1040,2012-03-15,245.25
1041,2012-03-16,242.0
1042,2012-03-19,235.65
1043,2012-03-20,239.1
1044,2012-03-21,247.8
1045,2012-03-22,237.05
1046,2012-03-23,240.75
1047,2012-03-26,232.1
1048,2012-03-27,235.75
1049,2012-03-28,231.65
1050,2012-03-29,232.1
1051,2012-03-30,239.05
1052,2012-04-02,243.1
1053,2012-04-03,245.2
1054,2012-04-04,241.55
1055,2012-04-09,239.8
1056,2012-04-10,240.1
1057,2012-04-11,238.05
1058,2012-04-12,238.65
1059,2012-04-13,235.8
1060,2012-04-16,238.45
1061,2012-04-17,244.3
1062,2012-04-18,241.7
1063,2012-04-19,240.35
1064,2012-04-20,236.5
1065,2012-04-23,228.85
1066,2012-04-24,229.35
1067,2012-04-25,226.4
1068,2012-04-26,224.4
1069,2012-04-27,221.8
1070,2012-04-28,224.3
1071,2012-04-30,226.7
1072,2012-05-02,226.2
1073,2012-05-03,222.45
1074,2012-05-04,216.8
1075,2012-05-07,217.55
1076,2012-05-08,213.95
1077,2012-05-09,207.8
1078,2012-05-10,207.1
1079,2012-05-11,206.55
1080,2012-05-14,202.9
1081,2012-05-15,204.85
1082,2012-05-16,203.55
1083,2012-05-17,205.3
1084,2012-05-18,205.4
1085,2012-05-21,209.75
1086,2012-05-22,207.05
1087,2012-05-23,204.85
1088,2012-05-24,206.45
1089,2012-05-25,208.15
1090,2012-05-28,210.6
1091,2012-05-29,212.1
1092,2012-05-30,206.3
1093,2012-05-31,208.0
1094,2012-06-01,204.65
1095,2012-06-04,208.3
1096,2012-06-05,205.9
1097,2012-06-06,211.35
1098,2012-06-07,215.85
1099,2012-06-08,219.5
1100,2012-06-11,217.4
1101,2012-06-12,221.8
1102,2012-06-13,218.45
1103,2012-06-14,212.1
1104,2012-06-15,216.15
1105,2012-06-18,210.0
1106,2012-06-19,210.35
1107,2012-06-20,210.1
1108,2012-06-21,216.8
1109,2012-06-22,217.55
1110,2012-06-25,216.1
1111,2012-06-26,217.0
1112,2012-06-27,217.7
1113,2012-06-28,217.75
1114,2012-06-29,222.95
1115,2012-07-02,228.0
1116,2012-07-03,232.55
1117,2012-07-04,236.9
1118,2012-07-05,236.15
1119,2012-07-06,233.05
1120,2012-07-09,230.4
1121,2012-07-10,234.15
1122,2012-07-11,231.8
1123,2012-07-12,234.05
1124,2012-07-13,230.9
1125,2012-07-16,227.1
1126,2012-07-17,223.95
1127,2012-07-18,225.8
1128,2012-07-19,227.15
1129,2012-07-20,224.85
1130,2012-07-23,218.45
1131,2012-07-24,217.9
1132,2012-07-25,217.8
1133,2012-07-26,210.1
1134,2012-07-27,208.25
1135,2012-07-30,215.85
1136,2012-07-31,218.3
1137,2012-08-01,220.15
1138,2012-08-02,219.4
1139,2012-08-03,217.95
1140,2012-08-06,220.8
1141,2012-08-07,224.1
1142,2012-08-08,219.1
1143,2012-08-09,218.4
1144,2012-08-10,217.15
1145,2012-08-13,223.1
1146,2012-08-14,221.3
1147,2012-08-16,220.8
1148,2012-08-17,216.35
1149,2012-08-21,219.75
1150,2012-08-22,217.35
1151,2012-08-23,216.85
1152,2012-08-24,211.6
1153,2012-08-27,206.3
1154,2012-08-28,205.6
1155,2012-08-29,198.6
1156,2012-08-30,201.75
1157,2012-08-31,199.0
1158,2012-09-03,198.2
1159,2012-09-04,201.55
1160,2012-09-05,199.15
1161,2012-09-06,198.3
1162,2012-09-07,204.3
1163,2012-09-08,205.15
1164,2012-09-10,203.4
1165,2012-09-11,205.3
1166,2012-09-12,207.7
1167,2012-09-13,206.6
1168,2012-09-14,216.5
1169,2012-09-17,230.7
1170,2012-09-18,231.1
1171,2012-09-20,230.95
1172,2012-09-21,236.1
1173,2012-09-24,239.5
1174,2012-09-25,244.6
1175,2012-09-26,244.9
1176,2012-09-27,247.1
1177,2012-09-28,245.4
1178,2012-10-01,246.05
1179,2012-10-03,246.9
1180,2012-10-04,259.3
1181,2012-10-05,260.65
1182,2012-10-08,250.8
1183,2012-10-09,252.25
1184,2012-10-10,240.05
1185,2012-10-11,251.7
1186,2012-10-12,249.0
1187,2012-10-15,250.35
1188,2012-10-16,242.25
1189,2012-10-17,240.9
1190,2012-10-18,248.1
1191,2012-10-19,245.65
1192,2012-10-22,246.65
1193,2012-10-23,245.05
1194,2012-10-25,241.1
1195,2012-10-26,238.35
1196,2012-10-29,236.35
1197,2012-10-30,230.95
1198,2012-10-31,234.15
1199,2012-11-01,238.0
1200,2012-11-02,239.5
1201,2012-11-05,238.9
1202,2012-11-06,243.95
1203,2012-11-07,251.2
1204,2012-11-08,256.0
1205,2012-11-09,252.15
1206,2012-11-12,254.6
1207,2012-11-13,254.2
1208,2012-11-15,260.0
1209,2012-11-16,250.45
1210,2012-11-19,250.4
1211,2012-11-20,242.4
1212,2012-11-21,248.65
1213,2012-11-22,249.3
1214,2012-11-23,247.9
1215,2012-11-26,248.75
1216,2012-11-27,257.6
1217,2012-11-29,266.9
1218,2012-11-30,266.55
1219,2012-12-03,270.4
1220,2012-12-04,272.7
1221,2012-12-05,279.95
1222,2012-12-06,285.5
1223,2012-12-07,280.65
1224,2012-12-10,283.85
1225,2012-12-11,277.85
1226,2012-12-12,278.15
1227,2012-12-13,272.25
1228,2012-12-14,274.75
1229,2012-12-17,276.35
1230,2012-12-18,282.95
1231,2012-12-19,284.5
1232,2012-12-20,283.7
1233,2012-12-21,273.55
1234,2012-12-24,275.45
1235,2012-12-26,279.7
1236,2012-12-27,278.6
1237,2012-12-28,278.35
1238,2012-12-31,281.3
1239,2013-01-01,289.45
1240,2013-01-02,288.9
1241,2013-01-03,292.7
1242,2013-01-04,293.4
1243,2013-01-07,291.5
1244,2013-01-08,295.55
1245,2013-01-09,292.6
1246,2013-01-10,293.25
1247,2013-01-11,287.1
1248,2013-01-14,301.6
1249,2013-01-15,305.15
1250,2013-01-16,300.3
1251,2013-01-17,306.45
1252,2013-01-18,310.15
1253,2013-01-21,305.35
1254,2013-01-22,299.0
1255,2013-01-23,290.85
1256,2013-01-24,276.1
1257,2013-01-25,289.55
1258,2013-01-28,294.2
1259,2013-01-29,287.0
1260,2013-01-30,290.7
1261,2013-01-31,294.8
1262,2013-02-01,291.35
1263,2013-02-04,289.8
1264,2013-02-05,288.65
1265,2013-02-06,291.05
1266,2013-02-07,286.4
1267,2013-02-08,282.95
1268,2013-02-11,284.65
1269,2013-02-12,270.0
1270,2013-02-13,264.6
1271,2013-02-14,262.15
1272,2013-02-15,262.4
1273,2013-02-18,267.7
1274,2013-02-19,273.35
1275,2013-02-20,275.2
1276,2013-02-21,268.15
1277,2013-02-22,272.2
1278,2013-02-25,264.05
1279,2013-02-26,258.5
1280,2013-02-27,264.75
1281,2013-02-28,257.15
1282,2013-03-01,246.8
1283,2013-03-04,240.7
1284,2013-03-05,248.4
1285,2013-03-06,260.2
1286,2013-03-07,265.05
1287,2013-03-08,266.55
1288,2013-03-11,270.35
1289,2013-03-12,266.2
1290,2013-03-13,264.65
1291,2013-03-14,270.05
1292,2013-03-15,261.8
1293,2013-03-18,257.35
1294,2013-03-19,247.95
1295,2013-03-20,235.25
1296,2013-03-21,227.55
1297,2013-03-22,224.05
1298,2013-03-25,226.15
1299,2013-03-26,221.05
1300,2013-03-28,223.95
1301,2013-04-01,236.05
1302,2013-04-02,237.95
1303,2013-04-03,231.15
1304,2013-04-04,223.15
1305,2013-04-05,222.3
1306,2013-04-08,222.15
1307,2013-04-09,219.35
1308,2013-04-10,222.1
1309,2013-04-11,227.6
1310,2013-04-12,227.4
1311,2013-04-15,227.55
1312,2013-04-16,233.3
1313,2013-04-17,234.75
1314,2013-04-18,239.45
1315,2013-04-22,248.2
1316,2013-04-23,246.9
1317,2013-04-25,245.8
1318,2013-04-26,240.2
1319,2013-04-29,244.45
1320,2013-04-30,241.25
1321,2013-05-02,244.45
1322,2013-05-03,241.4
1323,2013-05-06,241.7
1324,2013-05-07,245.65
1325,2013-05-08,246.15
1326,2013-05-09,243.5
1327,2013-05-10,244.25
1328,2013-05-11,244.7
1329,2013-05-13,240.05
1330,2013-05-14,238.9
1331,2013-05-15,249.3
1332,2013-05-16,253.9
1333,2013-05-17,259.05
1334,2013-05-20,257.35
1335,2013-05-21,251.3
1336,2013-05-22,242.2
1337,2013-05-23,227.4
1338,2013-05-24,228.85
1339,2013-05-27,233.1
1340,2013-05-28,233.85
1341,2013-05-29,227.7
1342,2013-05-30,221.75
1343,2013-05-31,213.75
1344,2013-06-03,214.6
1345,2013-06-04,212.55
1346,2013-06-05,215.9
1347,2013-06-06,216.9
1348,2013-06-07,213.9
1349,2013-06-10,210.65
1350,2013-06-11,202.65
1351,2013-06-12,202.8
1352,2013-06-13,198.15
1353,2013-06-14,202.85
1354,2013-06-17,202.85
1355,2013-06-18,202.4
1356,2013-06-19,204.6
1357,2013-06-20,193.65
1358,2013-06-21,191.2
1359,2013-06-24,182.25
1360,2013-06-25,183.05
1361,2013-06-26,182.2
1362,2013-06-27,185.6
1363,2013-06-28,192.25
1364,2013-07-01,202.85
1365,2013-07-02,198.6
1366,2013-07-03,188.8
1367,2013-07-04,191.15
1368,2013-07-05,191.8
1369,2013-07-08,187.95
1370,2013-07-09,191.55
1371,2013-07-10,189.05
1372,2013-07-11,194.3
1373,2013-07-12,193.25
1374,2013-07-15,197.5
1375,2013-07-16,185.2
1376,2013-07-17,184.65
1377,2013-07-18,190.15
1378,2013-07-19,186.5
1379,2013-07-22,185.35
1380,2013-07-23,187.95
1381,2013-07-24,185.5
1382,2013-07-25,184.6
1383,2013-07-26,182.1
1384,2013-07-29,178.0
1385,2013-07-30,171.85
1386,2013-07-31,167.55
1387,2013-08-01,160.25
1388,2013-08-02,153.75
1389,2013-08-05,154.0
1390,2013-08-06,146.9
1391,2013-08-07,155.1
1392,2013-08-08,158.6
1393,2013-08-12,159.8
1394,2013-08-13,167.85
1395,2013-08-14,172.7
1396,2013-08-16,161.2
1397,2013-08-19,161.55
1398,2013-08-20,165.95
1399,2013-08-21,159.5
1400,2013-08-22,158.65
1401,2013-08-23,155.45
1402,2013-08-26,157.75
1403,2013-08-27,151.0
1404,2013-08-28,149.15
1405,2013-08-29,149.75
1406,2013-08-30,149.55
1407,2013-09-02,154.75
1408,2013-09-03,147.2
1409,2013-09-04,146.7
1410,2013-09-05,155.35
1411,2013-09-06,155.2
1412,2013-09-10,159.45
1413,2013-09-11,164.3
1414,2013-09-12,165.15
1415,2013-09-13,169.8
1416,2013-09-16,165.85
1417,2013-09-17,164.75
1418,2013-09-18,168.2
1419,2013-09-19,178.05
1420,2013-09-20,164.75
1421,2013-09-23,157.35
1422,2013-09-24,157.0
1423,2013-09-25,156.6
1424,2013-09-26,155.5
1425,2013-09-27,153.45
1426,2013-09-30,149.65
1427,2013-10-01,154.0
1428,2013-10-03,157.2
1429,2013-10-04,159.75
1430,2013-10-07,159.15
1431,2013-10-08,161.1
1432,2013-10-09,168.55
1433,2013-10-10,169.45
1434,2013-10-11,174.25
1435,2013-10-14,173.85
1436,2013-10-15,171.1
1437,2013-10-17,169.15
1438,2013-10-18,174.3
1439,2013-10-21,179.7
1440,2013-10-22,178.5
1441,2013-10-23,176.15
1442,2013-10-24,174.05
1443,2013-10-25,170.0
1444,2013-10-28,165.95
1445,2013-10-29,170.45
1446,2013-10-30,171.0
1447,2013-10-31,172.1
1448,2013-11-01,176.9
1449,2013-11-03,177.55
1450,2013-11-05,178.25
1451,2013-11-06,174.85
1452,2013-11-07,170.1
1453,2013-11-08,172.65
1454,2013-11-11,167.35
1455,2013-11-12,165.25
1456,2013-11-13,163.1
1457,2013-11-14,167.15
1458,2013-11-18,171.7
1459,2013-11-19,174.25
1460,2013-11-20,173.65
1461,2013-11-21,169.5
1462,2013-11-22,168.15
1463,2013-11-25,172.4
1464,2013-11-26,170.65
1465,2013-11-27,169.7
1466,2013-11-28,171.7
1467,2013-11-29,174.25
1468,2013-12-02,175.25
1469,2013-12-03,177.3
1470,2013-12-04,172.4
1471,2013-12-05,174.9
1472,2013-12-06,175.35
1473,2013-12-09,180.25
1474,2013-12-10,178.0
1475,2013-12-11,176.85
1476,2013-12-12,176.0
1477,2013-12-13,172.5
1478,2013-12-16,172.25
1479,2013-12-17,171.25
1480,2013-12-18,177.05
1481,2013-12-19,175.85
1482,2013-12-20,180.85
1483,2013-12-23,186.9
1484,2013-12-24,186.95
1485,2013-12-26,186.4
1486,2013-12-27,187.25
1487,2013-12-30,184.15
1488,2013-12-31,184.6
1489,2014-01-01,189.15
1490,2014-01-02,183.75
1491,2014-01-03,185.55
1492,2014-01-06,184.15
1493,2014-01-07,180.95
1494,2014-01-08,179.85
1495,2014-01-09,175.25
1496,2014-01-10,172.4
1497,2014-01-13,173.75
1498,2014-01-14,171.1
1499,2014-01-15,173.3
1500,2014-01-16,174.2
1501,2014-01-17,169.7
1502,2014-01-20,170.95
1503,2014-01-21,171.95
1504,2014-01-22,173.2
1505,2014-01-23,172.8
1506,2014-01-24,167.35
1507,2014-01-27,154.9
1508,2014-01-28,156.95
1509,2014-01-29,155.9
1510,2014-01-30,151.5
1511,2014-01-31,154.55
1512,2014-02-03,151.3
1513,2014-02-04,152.35
1514,2014-02-05,155.0
1515,2014-02-06,152.25
1516,2014-02-07,153.7
1517,2014-02-10,155.7
1518,2014-02-11,154.45
1519,2014-02-12,153.65
1520,2014-02-13,154.55
1521,2014-02-14,154.65
1522,2014-02-17,152.85
1523,2014-02-18,154.2
1524,2014-02-19,154.95
1525,2014-02-20,154.65
1526,2014-02-21,154.4
1527,2014-02-24,154.35
1528,2014-02-25,154.6
1529,2014-02-26,154.0
1530,2014-02-28,154.05
1531,2014-03-03,153.7
1532,2014-03-04,155.4
1533,2014-03-05,158.75
1534,2014-03-06,165.5
1535,2014-03-07,174.8
1536,2014-03-10,179.4
1537,2014-03-11,183.55
1538,2014-03-12,183.6
1539,2014-03-13,176.8
1540,2014-03-14,178.55
1541,2014-03-18,177.45
1542,2014-03-19,176.8
1543,2014-03-20,172.15
1544,2014-03-21,175.95
1545,2014-03-22,175.75
1546,2014-03-24,176.95
1547,2014-03-25,179.35
1548,2014-03-26,179.2
1549,2014-03-27,181.3
1550,2014-03-28,183.8
1551,2014-03-31,189.05
1552,2014-04-01,187.35
1553,2014-04-02,191.6
1554,2014-04-03,191.1
1555,2014-04-04,196.9
1556,2014-04-07,193.5
1557,2014-04-09,197.85
1558,2014-04-10,200.85
1559,2014-04-11,201.1
1560,2014-04-15,195.05
1561,2014-04-16,187.25
1562,2014-04-17,192.2
1563,2014-04-21,191.6
1564,2014-04-22,191.5
1565,2014-04-23,188.75
1566,2014-04-25,189.75
1567,2014-04-28,191.0
1568,2014-04-29,189.55
1569,2014-04-30,179.2
1570,2014-05-02,179.6
1571,2014-05-05,178.25
1572,2014-05-06,178.0
1573,2014-05-07,175.6
1574,2014-05-08,174.1
1575,2014-05-09,182.5
1576,2014-05-12,184.2
1577,2014-05-13,189.4
1578,2014-05-14,197.4
1579,2014-05-15,195.2
1580,2014-05-16,207.35
1581,2014-05-19,221.35
1582,2014-05-20,231.8
1583,2014-05-21,236.75
1584,2014-05-22,249.2
1585,2014-05-23,254.95
1586,2014-05-26,241.05
1587,2014-05-27,238.15
1588,2014-05-28,241.25
1589,2014-05-29,238.35
1590,2014-05-30,242.95
1591,2014-06-02,246.95
1592,2014-06-03,254.45
1593,2014-06-04,257.65
1594,2014-06-05,259.65
1595,2014-06-06,272.7
1596,2014-06-09,288.95
1597,2014-06-10,280.35
1598,2014-06-11,268.3
1599,2014-06-12,268.85
1600,2014-06-13,254.65
1601,2014-06-16,257.85
1602,2014-06-17,260.2
1603,2014-06-18,254.5
1604,2014-06-19,252.8
1605,2014-06-20,255.45
1606,2014-06-23,256.05
1607,2014-06-24,263.85
1608,2014-06-25,266.45
1609,2014-06-26,259.8
1610,2014-06-27,261.85
1611,2014-06-30,264.15
1612,2014-07-01,267.7
1613,2014-07-02,268.3
1614,2014-07-03,264.4
1615,2014-07-04,267.7
1616,2014-07-07,267.35
1617,2014-07-08,247.7
1618,2014-07-09,243.9
1619,2014-07-10,255.45
1620,2014-07-11,241.65
1621,2014-07-14,240.95
1622,2014-07-15,245.7
1623,2014-07-16,256.35
1624,2014-07-17,254.85
1625,2014-07-18,252.45
1626,2014-07-21,250.9
1627,2014-07-22,251.85
1628,2014-07-23,252.1
1629,2014-07-24,253.65
1630,2014-07-25,246.55
1631,2014-07-28,239.65
1632,2014-07-30,241.05
1633,2014-07-31,242.05
1634,2014-08-01,239.7
1635,2014-08-04,242.1
1636,2014-08-05,248.8
1637,2014-08-06,246.0
1638,2014-08-07,245.1
1639,2014-08-08,234.95
1640,2014-08-11,237.2
1641,2014-08-12,240.7
1642,2014-08-13,227.65
1643,2014-08-14,231.85
1644,2014-08-18,234.95
1645,2014-08-19,238.65
1646,2014-08-20,239.85
1647,2014-08-21,235.3
1648,2014-08-22,233.55
1649,2014-08-25,228.75
1650,2014-08-26,228.45
1651,2014-08-27,225.25
1652,2014-08-28,220.3
1653,2014-09-01,226.25
1654,2014-09-02,228.8
1655,2014-09-03,233.75
1656,2014-09-04,224.4
1657,2014-09-05,226.9
1658,2014-09-08,228.35
1659,2014-09-09,226.55
1660,2014-09-10,228.15
1661,2014-09-11,227.0
1662,2014-09-12,226.8
1663,2014-09-15,227.15
1664,2014-09-16,218.3
1665,2014-09-17,219.5
1666,2014-09-18,230.25
1667,2014-09-19,228.5
1668,2014-09-22,227.05
1669,2014-09-23,215.0
1670,2014-09-24,211.4
1671,2014-09-25,203.8
1672,2014-09-26,208.7
1673,2014-09-29,208.05
1674,2014-09-30,202.8
1675,2014-10-01,201.55
1676,2014-10-07,199.55
1677,2014-10-08,202.55
1678,2014-10-09,207.85
1679,2014-10-10,205.25
1680,2014-10-13,201.8
1681,2014-10-14,183.6
1682,2014-10-16,182.65
1683,2014-10-17,184.2
1684,2014-10-20,186.2
1685,2014-10-21,191.15
1686,2014-10-22,192.5
1687,2014-10-23,192.8
1688,2014-10-27,185.3
1689,2014-10-28,185.85
1690,2014-10-29,191.65
1691,2014-10-30,197.85
1692,2014-10-31,200.7
1693,2014-11-03,208.0
1694,2014-11-05,207.6
1695,2014-11-07,213.1
1696,2014-11-10,212.7
1697,2014-11-11,215.05
1698,2014-11-12,214.9
1699,2014-11-13,212.85
1700,2014-11-14,217.1
1701,2014-11-17,216.9
1702,2014-11-18,216.25
1703,2014-11-19,214.0
1704,2014-11-20,210.55
1705,2014-11-21,210.65
1706,2014-11-24,214.9
1707,2014-11-25,207.35
1708,2014-11-26,215.65
1709,2014-11-27,215.25
1710,2014-11-28,218.8
1711,2014-12-01,217.4
1712,2014-12-02,217.55
1713,2014-12-03,220.15
1714,2014-12-04,220.5
1715,2014-12-05,223.3
1716,2014-12-08,218.6
1717,2014-12-09,215.6
1718,2014-12-10,216.25
1719,2014-12-11,211.75
1720,2014-12-12,206.15
1721,2014-12-15,202.25
1722,2014-12-16,194.05
1723,2014-12-17,191.35
1724,2014-12-18,196.0
1725,2014-12-19,195.0
1726,2014-12-22,197.45
1727,2014-12-23,195.95
1728,2014-12-24,197.85
1729,2014-12-26,200.05
1730,2014-12-29,200.7
1731,2014-12-30,201.45
1732,2014-12-31,203.1
1733,2015-01-01,203.05
1734,2015-01-02,205.1
1735,2015-01-05,205.25
1736,2015-01-06,198.05
1737,2015-01-07,197.4
1738,2015-01-08,203.5
1739,2015-01-09,199.95
1740,2015-01-12,200.2
1741,2015-01-13,196.75
1742,2015-01-14,195.2
1743,2015-01-15,211.45
1744,2015-01-16,212.35
1745,2015-01-19,212.75
1746,2015-01-20,215.7
1747,2015-01-21,215.05
1748,2015-01-22,216.35
1749,2015-01-23,219.6
1750,2015-01-27,222.25
1751,2015-01-28,225.2
1752,2015-01-29,231.45
1753,2015-01-30,236.8
1754,2015-02-02,238.1
1755,2015-02-03,234.85
1756,2015-02-04,237.55
1757,2015-02-05,231.2
1758,2015-02-06,229.8
1759,2015-02-09,223.95
1760,2015-02-10,223.8
1761,2015-02-11,225.25
1762,2015-02-12,228.65
1763,2015-02-13,226.45
1764,2015-02-16,229.2
1765,2015-02-18,228.1
1766,2015-02-19,229.65
1767,2015-02-20,231.95
1768,2015-02-23,228.1
1769,2015-02-24,229.1
1770,2015-02-25,229.9
1771,2015-02-26,230.8
1772,2015-02-27,241.1
1773,2015-02-28,239.4
1774,2015-03-02,238.6
1775,2015-03-03,234.9
1776,2015-03-04,234.25
1777,2015-03-05,234.15
1778,2015-03-09,227.6
1779,2015-03-10,223.0
1780,2015-03-11,224.3
1781,2015-03-12,227.75
1782,2015-03-13,225.95
1783,2015-03-16,228.85
1784,2015-03-17,230.25
1785,2015-03-18,230.5
1786,2015-03-19,226.85
1787,2015-03-20,218.05
1788,2015-03-23,217.55
1789,2015-03-24,216.9
1790,2015-03-25,217.0
1791,2015-03-26,213.2
1792,2015-03-27,211.65
1793,2015-03-30,216.05
1794,2015-03-31,216.15
1795,2015-04-01,219.4
1796,2015-04-06,234.15
1797,2015-04-07,230.25
1798,2015-04-08,232.85
1799,2015-04-09,230.95
1800,2015-04-10,232.4
1801,2015-04-13,232.7
1802,2015-04-15,229.95
1803,2015-04-16,224.3
1804,2015-04-17,222.15
1805,2015-04-20,216.05
1806,2015-04-21,215.3
1807,2015-04-22,215.35
1808,2015-04-23,213.55
1809,2015-04-24,205.0
1810,2015-04-27,196.55
1811,2015-04-28,200.0
1812,2015-04-29,201.6
1813,2015-04-30,204.8
1814,2015-05-04,210.2
1815,2015-05-05,212.85
1816,2015-05-06,203.95
1817,2015-05-07,199.1
1818,2015-05-08,207.35
1819,2015-05-11,209.25
1820,2015-05-12,201.9
1821,2015-05-13,200.35
1822,2015-05-14,202.55
1823,2015-05-15,200.15
1824,2015-05-18,200.25
1825,2015-05-19,200.95
1826,2015-05-20,200.55
1827,2015-05-21,202.7
1828,2015-05-22,202.25
1829,2015-05-25,201.05
1830,2015-05-26,199.75
1831,2015-05-27,200.8
1832,2015-05-28,200.55
1833,2015-05-29,199.5
1834,2015-06-01,203.55
1835,2015-06-02,195.45
1836,2015-06-03,183.75
1837,2015-06-04,185.4
1838,2015-06-05,182.25
1839,2015-06-08,180.8
1840,2015-06-09,177.8
1841,2015-06-10,179.25
1842,2015-06-11,174.85
1843,2015-06-12,174.55
1844,2015-06-15,174.7
1845,2015-06-16,174.9
1846,2015-06-17,175.75
1847,2015-06-18,175.35
1848,2015-06-19,173.8
1849,2015-06-22,183.25
1850,2015-06-23,183.65
1851,2015-06-24,181.25
1852,2015-06-25,182.4
1853,2015-06-26,183.85
1854,2015-06-29,180.15
1855,2015-06-30,180.95
1856,2015-07-01,182.6
1857,2015-07-02,182.4
1858,2015-07-03,181.3
1859,2015-07-06,182.95
1860,2015-07-07,185.35
1861,2015-07-08,181.65
1862,2015-07-09,181.25
1863,2015-07-10,179.6
1864,2015-07-13,181.15
1865,2015-07-14,180.05
1866,2015-07-15,181.0
1867,2015-07-16,180.95
1868,2015-07-17,180.1
1869,2015-07-20,176.45
1870,2015-07-21,172.35
1871,2015-07-22,174.05
1872,2015-07-23,174.2
1873,2015-07-24,171.55
1874,2015-07-27,167.05
1875,2015-07-28,162.45
1876,2015-07-29,164.55
1877,2015-07-30,171.3
1878,2015-07-31,176.55
1879,2015-08-03,176.8
1880,2015-08-04,176.2
1881,2015-08-05,181.6
1882,2015-08-06,182.95
1883,2015-08-07,182.75
1884,2015-08-10,183.65
1885,2015-08-11,181.55
1886,2015-08-12,171.4
1887,2015-08-13,169.05
1888,2015-08-14,183.3
1889,2015-08-17,180.4
1890,2015-08-18,179.7
1891,2015-08-19,178.15
1892,2015-08-20,170.95
1893,2015-08-21,166.5
1894,2015-08-24,148.05
1895,2015-08-25,158.2
1896,2015-08-26,157.9
1897,2015-08-27,164.45
1898,2015-08-28,163.65
1899,2015-08-31,161.35
1900,2015-09-01,156.0
1901,2015-09-02,157.1
1902,2015-09-03,164.5
1903,2015-09-04,158.55
1904,2015-09-07,155.35
1905,2015-09-08,160.1
1906,2015-09-09,164.45
1907,2015-09-10,163.45
1908,2015-09-11,165.1
1909,2015-09-14,168.4
1910,2015-09-15,167.6
1911,2015-09-16,167.15
1912,2015-09-18,171.1
1913,2015-09-21,171.85
1914,2015-09-22,167.65
1915,2015-09-23,169.05
1916,2015-09-24,169.8
1917,2015-09-28,171.85
1918,2015-09-29,175.25
1919,2015-09-30,179.15
1920,2015-10-01,176.15
1921,2015-10-05,177.9
1922,2015-10-06,179.4
1923,2015-10-07,183.75
1924,2015-10-08,182.1
1925,2015-10-09,182.2
1926,2015-10-12,181.3
1927,2015-10-13,183.25
1928,2015-10-14,183.4
1929,2015-10-15,185.25
1930,2015-10-16,182.65
1931,2015-10-19,187.6
1932,2015-10-20,186.55
1933,2015-10-21,183.55
1934,2015-10-23,183.0
1935,2015-10-26,181.65
1936,2015-10-27,181.85
1937,2015-10-28,179.25
1938,2015-10-29,178.5
1939,2015-10-30,176.05
1940,2015-11-02,177.55
1941,2015-11-03,177.4
1942,2015-11-04,177.1
1943,2015-11-05,172.25
1944,2015-11-06,172.5
1945,2015-11-09,168.8
1946,2015-11-10,164.35
1947,2015-11-11,168.0
1948,2015-11-13,166.55
1949,2015-11-16,166.55
1950,2015-11-17,166.6
1951,2015-11-18,164.05
1952,2015-11-19,164.2
1953,2015-11-20,163.85
1954,2015-11-23,165.3
1955,2015-11-24,167.05
1956,2015-11-26,170.55
1957,2015-11-27,171.2
1958,2015-11-30,173.3
1959,2015-12-01,173.9
1960,2015-12-02,174.15
1961,2015-12-03,174.7
1962,2015-12-04,172.15
1963,2015-12-07,173.2
1964,2015-12-08,166.1
1965,2015-12-09,164.05
1966,2015-12-10,166.85
1967,2015-12-11,162.1
1968,2015-12-14,161.8
1969,2015-12-15,163.2
1970,2015-12-16,165.05
1971,2015-12-17,167.3
1972,2015-12-18,167.75
1973,2015-12-21,169.75
1974,2015-12-22,169.5
1975,2015-12-23,171.55
1976,2015-12-24,170.9
1977,2015-12-28,171.8
1978,2015-12-29,169.6
1979,2015-12-30,169.55
1980,2015-12-31,172.6
1981,2016-01-01,175.85
1982,2016-01-04,172.4
1983,2016-01-05,175.55
1984,2016-01-06,173.55
1985,2016-01-07,164.95
1986,2016-01-08,169.35
1987,2016-01-11,169.75
1988,2016-01-12,166.75
1989,2016-01-13,165.1
1990,2016-01-14,162.45
1991,2016-01-15,155.1
1992,2016-01-18,149.4
1993,2016-01-19,152.25
1994,2016-01-20,147.05
1995,2016-01-21,147.65
1996,2016-01-22,150.3
1997,2016-01-25,151.15
1998,2016-01-27,152.4
1999,2016-01-28,151.2
2000,2016-01-29,153.55
2001,2016-02-01,153.85
2002,2016-02-02,150.65
2003,2016-02-03,146.15
2004,2016-02-04,145.6
2005,2016-02-05,147.35
2006,2016-02-08,147.65
2007,2016-02-09,145.2
2008,2016-02-10,139.95
2009,2016-02-11,131.5
2010,2016-02-12,129.2
2011,2016-02-15,137.85
2012,2016-02-16,133.25
2013,2016-02-17,134.3
2014,2016-02-18,134.75
2015,2016-02-19,134.85
2016,2016-02-22,135.15
2017,2016-02-23,131.45
2018,2016-02-24,131.05
2019,2016-02-25,128.25
2020,2016-02-26,130.1
2021,2016-02-29,130.3
2022,2016-03-01,136.65
2023,2016-03-02,144.4
2024,2016-03-03,146.15
2025,2016-03-04,147.65
2026,2016-03-08,149.05
2027,2016-03-09,151.4
2028,2016-03-10,150.0
2029,2016-03-11,149.25
2030,2016-03-14,148.9
2031,2016-03-15,148.9
2032,2016-03-16,148.0
2033,2016-03-17,146.6
2034,2016-03-18,149.35
2035,2016-03-21,152.3
2036,2016-03-22,156.65
2037,2016-03-23,156.45
2038,2016-03-28,149.25
2039,2016-03-29,149.85
2040,2016-03-30,155.7
2041,2016-03-31,156.55
2042,2016-04-01,161.35
2043,2016-04-04,160.2
2044,2016-04-05,155.5
2045,2016-04-06,157.55
2046,2016-04-07,157.05
2047,2016-04-08,159.1
2048,2016-04-11,161.65
2049,2016-04-12,161.9
2050,2016-04-13,164.55
2051,2016-04-18,172.4
2052,2016-04-20,171.8
2053,2016-04-21,168.8
2054,2016-04-22,168.4
2055,2016-04-25,167.45
2056,2016-04-26,170.3
2057,2016-04-27,169.95
2058,2016-04-28,172.8
2059,2016-04-29,174.8
2060,2016-05-02,173.8
2061,2016-05-03,173.85
2062,2016-05-04,169.6
2063,2016-05-05,171.0
2064,2016-05-06,171.55
2065,2016-05-09,174.85
2066,2016-05-10,175.65
2067,2016-05-11,173.75
2068,2016-05-12,176.3
2069,2016-05-13,171.95
2070,2016-05-16,174.45
2071,2016-05-17,175.75
2072,2016-05-18,179.8
2073,2016-05-19,178.25
2074,2016-05-20,175.85
2075,2016-05-23,174.15
2076,2016-05-24,173.8
2077,2016-05-25,176.75
2078,2016-05-26,180.6
2079,2016-05-27,183.35
2080,2016-05-30,181.65
2081,2016-05-31,183.15
2082,2016-06-01,184.1
2083,2016-06-02,184.35
2084,2016-06-03,182.05
2085,2016-06-06,183.8
2086,2016-06-07,187.25
2087,2016-06-08,187.6
2088,2016-06-09,187.9
2089,2016-06-10,186.25
2090,2016-06-13,183.2
2091,2016-06-14,185.55
2092,2016-06-15,186.35
2093,2016-06-16,185.0
2094,2016-06-17,191.95
2095,2016-06-20,194.0
2096,2016-06-21,194.8
2097,2016-06-22,195.05
2098,2016-06-23,192.8
2099,2016-06-24,184.95
2100,2016-06-27,187.8
2101,2016-06-28,189.75
2102,2016-06-29,195.45
2103,2016-06-30,200.25
2104,2016-07-01,201.4
2105,2016-07-04,206.05
2106,2016-07-05,205.1
2107,2016-07-07,204.05
2108,2016-07-08,203.15
2109,2016-07-11,207.1
2110,2016-07-12,209.9
2111,2016-07-13,206.45
2112,2016-07-14,205.8
2113,2016-07-15,204.7
2114,2016-07-18,202.2
2115,2016-07-19,201.2
2116,2016-07-20,206.6
2117,2016-07-21,204.35
2118,2016-07-22,205.9
2119,2016-07-25,208.95
2120,2016-07-26,206.25
2121,2016-07-27,205.7
2122,2016-07-28,207.7
2123,2016-07-29,207.4
2124,2016-08-01,207.5
2125,2016-08-02,205.0
2126,2016-08-03,202.05
2127,2016-08-04,206.85
2128,2016-08-05,211.8
2129,2016-08-08,213.6
2130,2016-08-09,214.4
2131,2016-08-10,211.25
2132,2016-08-11,210.1
2133,2016-08-12,209.05
2134,2016-08-16,207.65
2135,2016-08-17,208.7
2136,2016-08-18,211.35
2137,2016-08-19,210.15
2138,2016-08-22,210.25
2139,2016-08-23,209.55
2140,2016-08-24,210.1
2141,2016-08-25,208.6
2142,2016-08-26,206.15
2143,2016-08-29,206.25
2144,2016-08-30,208.0
2145,2016-08-31,205.55
2146,2016-09-01,201.25
2147,2016-09-02,202.8
2148,2016-09-06,206.05
2149,2016-09-07,207.4
2150,2016-09-08,213.35
2151,2016-09-09,214.65
2152,2016-09-12,204.0
2153,2016-09-14,204.05
2154,2016-09-15,203.6
2155,2016-09-16,205.55
2156,2016-09-19,208.6
2157,2016-09-20,205.5
2158,2016-09-21,206.1
2159,2016-09-22,208.9
2160,2016-09-23,210.55
2161,2016-09-26,205.55
2162,2016-09-27,206.1
2163,2016-09-28,209.8
2164,2016-09-29,195.15
2165,2016-09-30,202.7
2166,2016-10-03,209.0
2167,2016-10-04,209.8
2168,2016-10-05,213.65
2169,2016-10-06,210.45
2170,2016-10-07,211.25
2171,2016-10-10,208.5
2172,2016-10-13,203.7
2173,2016-10-14,205.4
2174,2016-10-17,203.3
2175,2016-10-18,205.75
2176,2016-10-19,204.6
2177,2016-10-20,207.95
2178,2016-10-21,209.65
2179,2016-10-24,210.8
2180,2016-10-25,209.5
2181,2016-10-26,208.95
2182,2016-10-27,207.6
2183,2016-10-28,210.45
2184,2016-10-30,211.1
2185,2016-11-01,209.05
2186,2016-11-02,203.4
2187,2016-11-03,201.05
2188,2016-11-04,195.4
2189,2016-11-07,198.6
2190,2016-11-08,198.2
2191,2016-11-09,175.2
2192,2016-11-10,177.35
2193,2016-11-11,168.35
2194,2016-11-15,159.7
2195,2016-11-16,158.1
2196,2016-11-17,160.1
2197,2016-11-18,162.3
2198,2016-11-21,153.85
2199,2016-11-22,158.45
2200,2016-11-23,163.1
2201,2016-11-24,160.95
2202,2016-11-25,163.45
2203,2016-11-28,166.4
2204,2016-11-29,167.2
2205,2016-11-30,167.85
2206,2016-12-01,165.75
2207,2016-12-02,162.7
2208,2016-12-05,163.85
2209,2016-12-06,166.2
2210,2016-12-07,164.2
2211,2016-12-08,166.65
2212,2016-12-09,169.65
2213,2016-12-12,168.75
2214,2016-12-13,166.75
2215,2016-12-14,167.45
2216,2016-12-15,167.85
2217,2016-12-16,167.7
2218,2016-12-19,165.95
2219,2016-12-20,165.9
2220,2016-12-21,167.65
2221,2016-12-22,166.8
2222,2016-12-23,164.65
2223,2016-12-26,158.65
2224,2016-12-27,159.7
2225,2016-12-28,161.45
2226,2016-12-29,163.15
2227,2016-12-30,165.35
2228,2017-01-02,172.6
2229,2017-01-03,173.4
2230,2017-01-04,177.25
2231,2017-01-05,179.25
2232,2017-01-06,177.75
2233,2017-01-09,179.25
2234,2017-01-10,178.75
2235,2017-01-11,179.5
2236,2017-01-12,179.0
2237,2017-01-13,178.8
2238,2017-01-16,181.2
2239,2017-01-17,181.9
2240,2017-01-18,182.0
2241,2017-01-19,181.4
2242,2017-01-20,177.35
2243,2017-01-23,178.6
2244,2017-01-24,179.2
2245,2017-01-25,182.5
2246,2017-01-27,181.4
2247,2017-01-30,180.7
2248,2017-01-31,179.55
2249,2017-02-01,188.45
2250,2017-02-02,188.75
2251,2017-02-03,190.4
2252,2017-02-06,194.1
2253,2017-02-07,193.05
2254,2017-02-08,194.5
2255,2017-02-09,196.35
2256,2017-02-10,196.05
2257,2017-02-13,194.0
2258,2017-02-14,192.6
2259,2017-02-15,185.05
2260,2017-02-16,188.5
2261,2017-02-17,189.25
2262,2017-02-20,191.95
2263,2017-02-21,192.8
2264,2017-02-22,193.0
2265,2017-02-23,194.5
2266,2017-02-27,194.85
2267,2017-02-28,197.2
2268,2017-03-01,204.85
2269,2017-03-02,196.2
2270,2017-03-03,198.2
2271,2017-03-06,199.95
2272,2017-03-07,201.6
2273,2017-03-08,198.8
2274,2017-03-09,198.4
2275,2017-03-10,198.25
2276,2017-03-14,203.4
2277,2017-03-15,203.9
2278,2017-03-16,206.45
2279,2017-03-17,208.0
2280,2017-03-20,207.2
2281,2017-03-21,210.5
2282,2017-03-22,211.8
2283,2017-03-23,212.25
2284,2017-03-24,213.2
2285,2017-03-27,213.05
2286,2017-03-28,212.15
2287,2017-03-29,211.4
2288,2017-03-30,215.3
2289,2017-03-31,214.95
2290,2017-04-03,219.1
2291,2017-04-05,225.9
2292,2017-04-06,227.95
2293,2017-04-07,224.6
2294,2017-04-10,223.35
2295,2017-04-11,226.1
2296,2017-04-12,226.4
2297,2017-04-13,228.0
2298,2017-04-17,246.3
2299,2017-04-18,237.95
2300,2017-04-19,241.45
2301,2017-04-20,246.55
2302,2017-04-21,252.5
2303,2017-04-24,258.55
2304,2017-04-25,262.45
2305,2017-04-26,254.65
2306,2017-04-27,255.65
2307,2017-04-28,251.05
2308,2017-05-02,255.65
2309,2017-05-03,259.6
2310,2017-05-04,257.35
2311,2017-05-05,254.95
2312,2017-05-08,265.65
2313,2017-05-09,266.85
2314,2017-05-10,267.15
2315,2017-05-11,267.85
2316,2017-05-12,269.5
2317,2017-05-15,271.55
2318,2017-05-16,274.1
2319,2017-05-17,273.65
2320,2017-05-18,264.7
2321,2017-05-19,264.5
2322,2017-05-22,260.6
2323,2017-05-23,253.45
2324,2017-05-24,249.45
2325,2017-05-25,254.7
2326,2017-05-26,256.15
2327,2017-05-29,245.1
2328,2017-05-30,247.6
2329,2017-05-31,250.4
2330,2017-06-01,250.7
2331,2017-06-02,254.0
2332,2017-06-05,255.95
2333,2017-06-06,252.45
2334,2017-06-07,252.75
2335,2017-06-08,252.25
2336,2017-06-09,259.65
2337,2017-06-12,259.05
2338,2017-06-13,260.95
2339,2017-06-14,264.5
2340,2017-06-15,270.2
2341,2017-06-16,270.95
2342,2017-06-19,270.1
2343,2017-06-20,270.6
2344,2017-06-21,272.1
2345,2017-06-22,267.8
2346,2017-06-23,263.45
2347,2017-06-27,260.05
2348,2017-06-28,262.1
2349,2017-06-29,264.55
2350,2017-06-30,263.45
2351,2017-07-03,267.1
2352,2017-07-04,265.75
2353,2017-07-05,269.85
2354,2017-07-06,274.6
2355,2017-07-07,279.45
2356,2017-07-10,281.5
2357,2017-07-11,277.2
2358,2017-07-12,277.65
2359,2017-07-13,278.3
2360,2017-07-14,276.3
2361,2017-07-17,280.4
2362,2017-07-18,277.55
2363,2017-07-19,281.3
2364,2017-07-20,282.05
2365,2017-07-21,279.9
2366,2017-07-24,280.0
2367,2017-07-25,281.05
2368,2017-07-26,282.55
2369,2017-07-27,281.9
2370,2017-07-28,281.2
2371,2017-07-31,282.95
2372,2017-08-01,282.95
2373,2017-08-02,282.35
2374,2017-08-03,279.95
2375,2017-08-04,280.6
2376,2017-08-07,284.95
2377,2017-08-08,272.4
2378,2017-08-09,271.05
2379,2017-08-10,257.3
2380,2017-08-11,254.9
2381,2017-08-14,269.65
2382,2017-08-16,271.95
2383,2017-08-17,273.5
2384,2017-08-18,271.3
2385,2017-08-21,268.55
2386,2017-08-22,266.15
2387,2017-08-23,275.3
2388,2017-08-24,273.65
2389,2017-08-28,274.5
2390,2017-08-29,272.05
2391,2017-08-30,276.65
2392,2017-08-31,280.4
2393,2017-09-01,287.65
2394,2017-09-04,282.9
2395,2017-09-05,286.9
2396,2017-09-06,287.1
2397,2017-09-07,289.4
2398,2017-09-08,285.15
2399,2017-09-11,287.05
2400,2017-09-12,292.9
2401,2017-09-13,289.2
2402,2017-09-14,287.7
2403,2017-09-15,286.75
2404,2017-09-18,288.75
2405,2017-09-19,291.3
2406,2017-09-20,289.75
2407,2017-09-21,285.35
2408,2017-09-22,272.95
2409,2017-09-25,264.4
2410,2017-09-26,271.5
2411,2017-09-27,263.55
2412,2017-09-28,266.45
2413,2017-09-29,273.5
2414,2017-10-03,274.25
2415,2017-10-04,275.55
2416,2017-10-05,278.05
2417,2017-10-06,278.45
2418,2017-10-09,284.95
2419,2017-10-10,282.5
2420,2017-10-11,277.05
2421,2017-10-12,281.7
2422,2017-10-13,282.55
2423,2017-10-16,285.7
2424,2017-10-17,288.25
2425,2017-10-18,287.95
2426,2017-10-19,287.25
2427,2017-10-23,289.95
2428,2017-10-24,291.6
2429,2017-10-25,290.4
2430,2017-10-26,291.65
2431,2017-10-27,290.15
2432,2017-10-30,295.95
2433,2017-10-31,304.5
2434,2017-11-01,312.4
2435,2017-11-02,312.5
2436,2017-11-03,314.65
2437,2017-11-06,316.05
2438,2017-11-07,308.95
2439,2017-11-08,306.55
2440,2017-11-09,306.25
2441,2017-11-10,306.3
2442,2017-11-13,302.05
2443,2017-11-14,303.5
2444,2017-11-15,298.05
2445,2017-11-16,302.0
2446,2017-11-17,313.05
2447,2017-11-20,319.7
2448,2017-11-21,316.05
2449,2017-11-22,316.9
2450,2017-11-23,317.1
2451,2017-11-24,317.8
2452,2017-11-27,320.55
2453,2017-11-28,319.15
2454,2017-11-29,322.0
2455,2017-11-30,325.6
2456,2017-12-01,319.15
2457,2017-12-04,317.95
2458,2017-12-05,316.2
2459,2017-12-06,315.15
2460,2017-12-07,321.05
2461,2017-12-08,323.4
2462,2017-12-11,322.85
2463,2017-12-12,317.8
2464,2017-12-13,311.0
2465,2017-12-14,312.0
2466,2017-12-15,317.25
2467,2017-12-18,315.65
2468,2017-12-19,320.75
2469,2017-12-20,330.2
2470,2017-12-21,332.7
2471,2017-12-22,333.25
2472,2017-12-26,337.05
2473,2017-12-27,334.9
2474,2017-12-28,345.1
2475,2017-12-29,346.9
2476,2018-01-01,347.7
2477,2018-01-02,343.85
2478,2018-01-03,345.45
2479,2018-01-04,344.8
2480,2018-01-05,347.3
2481,2018-01-08,350.55
2482,2018-01-09,360.4
2483,2018-01-10,364.95
2484,2018-01-11,372.25
2485,2018-01-12,366.8
2486,2018-01-15,366.9
2487,2018-01-16,354.5
2488,2018-01-17,357.55
2489,2018-01-18,343.55
2490,2018-01-19,347.3
2491,2018-01-22,353.95
2492,2018-01-23,356.3
2493,2018-01-24,356.0
2494,2018-01-25,349.75
2495,2018-01-29,348.55
2496,2018-01-30,344.8
2497,2018-01-31,344.7
2498,2018-02-01,341.9
2499,2018-02-02,320.8
2500,2018-02-05,319.35
2501,2018-02-06,313.35
2502,2018-02-07,318.65
2503,2018-02-08,326.85
2504,2018-02-09,328.0
2505,2018-02-12,333.55
2506,2018-02-14,334.7
2507,2018-02-15,331.3
2508,2018-02-16,327.2
2509,2018-02-19,322.55
2510,2018-02-20,320.85
2511,2018-02-21,318.65
2512,2018-02-22,319.65
2513,2018-02-23,322.55
2514,2018-02-26,332.65
2515,2018-02-27,327.15
2516,2018-02-28,326.9
2517,2018-03-01,324.75
2518,2018-03-05,321.55
2519,2018-03-06,314.25
2520,2018-03-07,311.4
2521,2018-03-08,315.85
2522,2018-03-09,315.7
2523,2018-03-12,317.4
2524,2018-03-13,321.95
2525,2018-03-14,320.3
2526,2018-03-15,319.95
2527,2018-03-16,314.8
2528,2018-03-19,305.55
2529,2018-03-20,304.3
2530,2018-03-21,306.7
2531,2018-03-22,303.0
2532,2018-03-23,292.95
2533,2018-03-26,296.4
2534,2018-03-27,297.25
2535,2018-03-28,294.05
2536,2018-04-02,296.4
2537,2018-04-03,297.9
2538,2018-04-04,294.0
2539,2018-04-05,301.7
2540,2018-04-06,303.4
2541,2018-04-09,303.3
2542,2018-04-10,306.6
2543,2018-04-11,305.4
2544,2018-04-12,299.55
2545,2018-04-13,300.9
2546,2018-04-16,305.8
2547,2018-04-17,309.45
2548,2018-04-18,311.2
2549,2018-04-19,313.2
2550,2018-04-20,310.2
2551,2018-04-23,315.2
2552,2018-04-24,316.45
2553,2018-04-25,318.35
2554,2018-04-26,316.15
2555,2018-04-27,317.25
2556,2018-04-30,322.25
2557,2018-05-02,315.8
2558,2018-05-03,310.55
2559,2018-05-04,310.1
2560,2018-05-07,313.55
2561,2018-05-08,317.25
2562,2018-05-09,316.95
2563,2018-05-10,310.7
2564,2018-05-11,309.15
2565,2018-05-14,307.0
2566,2018-05-15,300.85
2567,2018-05-16,307.05
2568,2018-05-17,307.35
2569,2018-05-18,302.75
2570,2018-05-21,292.8
2571,2018-05-22,296.4
2572,2018-05-23,293.85
2573,2018-05-24,291.8
2574,2018-05-25,295.5
2575,2018-05-28,300.05
2576,2018-05-29,297.1
2577,2018-05-30,297.05
2578,2018-05-31,294.95
2579,2018-06-01,291.25
2580,2018-06-04,281.55
2581,2018-06-05,278.6
2582,2018-06-06,282.8
2583,2018-06-07,291.2
2584,2018-06-08,292.25
2585,2018-06-11,290.45
2586,2018-06-12,291.65
2587,2018-06-13,291.5
2588,2018-06-14,291.5
2589,2018-06-15,287.8
2590,2018-06-18,286.7
2591,2018-06-19,280.95
2592,2018-06-20,284.05
2593,2018-06-21,281.8
2594,2018-06-22,282.25
2595,2018-06-25,278.05
2596,2018-06-26,276.05
2597,2018-06-27,271.1
2598,2018-06-28,265.1
2599,2018-06-29,271.55
2600,2018-07-02,267.85
2601,2018-07-03,268.25
2602,2018-07-04,269.5
2603,2018-07-05,264.65
2604,2018-07-06,267.3
2605,2018-07-09,269.35
2606,2018-07-10,274.2
2607,2018-07-11,274.45
2608,2018-07-12,271.45
2609,2018-07-13,266.85
2610,2018-07-16,258.0
2611,2018-07-17,260.65
2612,2018-07-18,254.4
2613,2018-07-19,253.9
2614,2018-07-20,257.1
2615,2018-07-23,261.5
2616,2018-07-24,268.05
2617,2018-07-25,264.3
2618,2018-07-26,266.4
2619,2018-07-27,267.85
2620,2018-07-30,268.35
2621,2018-07-31,272.85
2622,2018-08-01,273.35
2623,2018-08-02,268.8
2624,2018-08-03,270.4
2625,2018-08-06,268.8
2626,2018-08-07,267.15
2627,2018-08-08,267.0
2628,2018-08-09,272.55
2629,2018-08-10,272.3
2630,2018-08-13,269.7
2631,2018-08-14,275.05
2632,2018-08-16,273.65
2633,2018-08-17,276.05
2634,2018-08-20,277.85
2635,2018-08-21,272.85
2636,2018-08-23,273.95
2637,2018-08-24,273.45
2638,2018-08-27,273.65
2639,2018-08-28,271.2
2640,2018-08-29,274.4
2641,2018-08-30,276.05
2642,2018-08-31,275.85
2643,2018-09-03,273.1
2644,2018-09-04,268.05
2645,2018-09-05,265.05
2646,2018-09-06,266.45
2647,2018-09-07,268.15
2648,2018-09-10,264.1
2649,2018-09-11,258.85
2650,2018-09-12,257.25
2651,2018-09-14,266.15
2652,2018-09-17,269.15
2653,2018-09-18,260.95
2654,2018-09-19,257.75
2655,2018-09-21,248.7
2656,2018-09-24,235.55
2657,2018-09-25,231.5
2658,2018-09-26,237.1
2659,2018-09-27,230.55
2660,2018-09-28,219.6
2661,2018-10-01,216.3
2662,2018-10-03,216.2
2663,2018-10-04,214.65
2664,2018-10-05,208.8
2665,2018-10-08,202.1
2666,2018-10-09,200.1
2667,2018-10-10,208.5
2668,2018-10-11,202.65
2669,2018-10-12,209.55
2670,2018-10-15,209.85
2671,2018-10-16,212.0
2672,2018-10-17,205.85
2673,2018-10-19,204.3
2674,2018-10-22,203.65
2675,2018-10-23,204.0
2676,2018-10-24,210.25
2677,2018-10-25,206.0
2678,2018-10-26,205.4
2679,2018-10-29,212.2
2680,2018-10-30,213.5
2681,2018-10-31,214.9
2682,2018-11-01,220.85
2683,2018-11-02,221.3
2684,2018-11-05,224.65
2685,2018-11-06,225.55
2686,2018-11-07,227.0
2687,2018-11-09,226.05
2688,2018-11-12,222.75
2689,2018-11-13,221.4
2690,2018-11-14,218.1
2691,2018-11-15,221.8
2692,2018-11-16,222.35
2693,2018-11-19,226.15
2694,2018-11-20,226.25
2695,2018-11-21,229.65
2696,2018-11-22,226.55
2697,2018-11-26,227.35
2698,2018-11-27,227.55
2699,2018-11-28,224.3
2700,2018-11-29,227.0
2701,2018-11-30,232.0
2702,2018-12-03,237.6
2703,2018-12-04,236.75
2704,2018-12-05,234.95
2705,2018-12-06,229.3
2706,2018-12-07,230.45
2707,2018-12-10,223.45
2708,2018-12-11,223.55
2709,2018-12-12,233.3
2710,2018-12-13,236.5
2711,2018-12-14,237.2
2712,2018-12-17,236.65
2713,2018-12-18,237.15
2714,2018-12-19,244.15
2715,2018-12-20,243.35
2716,2018-12-21,238.5
2717,2018-12-24,233.4
2718,2018-12-26,233.95
2719,2018-12-27,232.6
2720,2018-12-28,233.2
2721,2018-12-31,232.35
2722,2019-01-01,237.5
2723,2019-01-02,234.1
2724,2019-01-03,233.95
2725,2019-01-04,235.9
2726,2019-01-07,239.05
2727,2019-01-08,239.0
2728,2019-01-09,240.55
2729,2019-01-10,239.9
2730,2019-01-11,236.65
2731,2019-01-14,234.35
2732,2019-01-15,238.55
2733,2019-01-16,238.55
2734,2019-01-17,241.4
2735,2019-01-18,238.3
2736,2019-01-21,234.9
2737,2019-01-22,236.65
2738,2019-01-23,235.5
2739,2019-01-24,240.6
2740,2019-01-25,230.05
2741,2019-01-28,229.3
2742,2019-01-29,228.2
2743,2019-01-30,226.5
2744,2019-01-31,228.55
2745,2019-02-01,231.4
2746,2019-02-04,229.1
2747,2019-02-05,223.95
2748,2019-02-06,225.1
2749,2019-02-07,224.95
2750,2019-02-08,226.65
2751,2019-02-11,224.35
2752,2019-02-12,221.2
2753,2019-02-13,222.05
2754,2019-02-14,223.1
2755,2019-02-15,222.55
2756,2019-02-18,224.25
2757,2019-02-19,228.1
2758,2019-02-20,228.7
2759,2019-02-21,229.6
2760,2019-02-22,233.15
2761,2019-02-25,231.45
2762,2019-02-26,227.65
2763,2019-02-27,228.0
2764,2019-02-28,230.25
2765,2019-03-01,230.35
2766,2019-03-05,234.95
2767,2019-03-06,236.85
2768,2019-03-07,236.05
2769,2019-03-08,236.5
2770,2019-03-11,238.65
2771,2019-03-12,244.9
2772,2019-03-13,246.35
2773,2019-03-14,251.8
2774,2019-03-15,251.6
2775,2019-03-18,258.7
2776,2019-03-19,259.0
2777,2019-03-20,265.3
2778,2019-03-22,266.95
2779,2019-03-25,261.8
2780,2019-03-26,264.05
2781,2019-03-27,262.85
2782,2019-03-28,266.65
2783,2019-03-29,269.2
2784,2019-04-01,267.2
2785,2019-04-02,273.4
2786,2019-04-03,272.6
2787,2019-04-04,272.4
2788,2019-04-05,276.0
2789,2019-04-08,269.95
2790,2019-04-09,273.75
2791,2019-04-10,276.85
2792,2019-04-11,274.85
2793,2019-04-12,275.7
2794,2019-04-15,280.25
2795,2019-04-16,277.45
2796,2019-04-18,270.4
2797,2019-04-22,263.7
2798,2019-04-23,263.15
2799,2019-04-24,264.85
2800,2019-04-25,265.7
2801,2019-04-26,264.4
2802,2019-04-30,258.3
2803,2019-05-02,258.6
2804,2019-05-03,262.65
2805,2019-05-06,258.8
2806,2019-05-07,255.75
2807,2019-05-08,250.35
2808,2019-05-09,251.2
2809,2019-05-10,251.2
2810,2019-05-13,246.4
2811,2019-05-14,248.3
2812,2019-05-15,249.1
2813,2019-05-16,251.85
2814,2019-05-17,252.55
2815,2019-05-20,267.0
2816,2019-05-21,265.95
2817,2019-05-22,266.95
2818,2019-05-23,268.2
2819,2019-05-24,280.1
2820,2019-05-27,286.2
2821,2019-05-28,286.55
2822,2019-05-29,284.95
2823,2019-05-30,284.6
2824,2019-05-31,283.95
2825,2019-06-03,286.75
2826,2019-06-04,285.7
2827,2019-06-06,280.7
2828,2019-06-07,279.35
2829,2019-06-10,280.2
2830,2019-06-11,280.5
2831,2019-06-12,274.75
2832,2019-06-13,276.5
2833,2019-06-14,270.7
2834,2019-06-17,267.1
2835,2019-06-18,267.3
2836,2019-06-19,270.25
2837,2019-06-20,275.45
2838,2019-06-21,274.15
2839,2019-06-24,271.5
2840,2019-06-25,274.05
2841,2019-06-26,278.15
2842,2019-06-27,283.45
2843,2019-06-28,284.8
2844,2019-07-01,291.8
2845,2019-07-02,287.5
2846,2019-07-03,289.9
2847,2019-07-04,292.55
2848,2019-07-05,282.1
2849,2019-07-08,272.25
2850,2019-07-09,279.95
2851,2019-07-10,275.55
2852,2019-07-11,279.1
2853,2019-07-12,280.55
2854,2019-07-15,280.25
2855,2019-07-16,285.55
2856,2019-07-17,286.05
2857,2019-07-18,281.7
2858,2019-07-19,277.55
2859,2019-07-22,273.65
2860,2019-07-23,276.35
2861,2019-07-24,273.45
2862,2019-07-25,273.8
2863,2019-07-26,274.4
2864,2019-07-29,271.85
2865,2019-07-30,268.05
2866,2019-07-31,267.45
2867,2019-08-01,264.55
2868,2019-08-02,262.6
2869,2019-08-05,257.9
2870,2019-08-06,262.45
2871,2019-08-07,258.7
2872,2019-08-08,263.5
2873,2019-08-09,265.65
2874,2019-08-13,263.0
2875,2019-08-14,264.35
2876,2019-08-16,265.1
2877,2019-08-19,266.75
2878,2019-08-20,263.8
2879,2019-08-21,258.55
2880,2019-08-22,242.6
2881,2019-08-23,244.55
2882,2019-08-26,253.7
2883,2019-08-27,256.6
2884,2019-08-28,262.7
2885,2019-08-29,263.8
2886,2019-08-30,267.2
2887,2019-09-03,261.15
2888,2019-09-04,260.7
2889,2019-09-05,256.0
2890,2019-09-06,254.3
2891,2019-09-09,256.0
2892,2019-09-11,266.6
2893,2019-09-12,264.25
2894,2019-09-13,268.1
2895,2019-09-16,265.55
2896,2019-09-17,255.65
2897,2019-09-18,259.4
2898,2019-09-19,255.4
2899,2019-09-20,265.3
2900,2019-09-23,272.8
2901,2019-09-24,269.2
2902,2019-09-25,260.95
2903,2019-09-26,267.8
2904,2019-09-27,261.7
2905,2019-09-30,258.75
2906,2019-10-01,248.1
2907,2019-10-03,251.2
2908,2019-10-04,248.15
2909,2019-10-07,245.25
2910,2019-10-09,250.25
2911,2019-10-10,244.95
2912,2019-10-11,247.3
2913,2019-10-14,252.05
2914,2019-10-15,253.7
2915,2019-10-16,256.35
2916,2019-10-17,257.85
2917,2019-10-18,262.8
2918,2019-10-22,263.85
2919,2019-10-23,261.55
2920,2019-10-24,263.95
2921,2019-10-25,264.9
2922,2019-10-27,265.0
2923,2019-10-29,267.3
2924,2019-10-30,265.85
2925,2019-10-31,269.0
2926,2019-11-01,271.15
2927,2019-11-04,269.6
2928,2019-11-05,267.7
2929,2019-11-06,274.05
2930,2019-11-07,276.45
2931,2019-11-08,281.05
2932,2019-11-11,283.4
2933,2019-11-13,278.3
2934,2019-11-14,277.65
2935,2019-11-15,276.95
2936,2019-11-18,277.9
2937,2019-11-19,278.05
2938,2019-11-20,273.95
2939,2019-11-21,275.45
2940,2019-11-22,275.85
2941,2019-11-25,280.7
2942,2019-11-26,278.1
2943,2019-11-27,276.3
2944,2019-11-28,279.3
2945,2019-11-29,282.05
2946,2019-12-02,281.05
2947,2019-12-03,284.8
2948,2019-12-04,285.35
2949,2019-12-05,285.85
2950,2019-12-06,283.4
2951,2019-12-09,280.45
2952,2019-12-10,277.9
2953,2019-12-11,280.5
2954,2019-12-12,282.9
2955,2019-12-13,287.65
2956,2019-12-16,289.35
2957,2019-12-17,288.6
2958,2019-12-18,290.55
2959,2019-12-19,290.4
2960,2019-12-20,291.95
2961,2019-12-23,290.7
2962,2019-12-24,291.95
2963,2019-12-26,291.4
2964,2019-12-27,296.1
2965,2019-12-30,296.45
2966,2019-12-31,298.55
2967,2020-01-01,297.85
2968,2020-01-02,301.0
2969,2020-01-03,299.65
2970,2020-01-06,292.4
2971,2020-01-07,298.05
2972,2020-01-08,297.05
2973,2020-01-09,305.15
2974,2020-01-10,310.65
2975,2020-01-13,317.15
2976,2020-01-14,316.75
2977,2020-01-15,320.9
2978,2020-01-16,323.8
2979,2020-01-17,324.15
2980,2020-01-20,325.8
2981,2020-01-21,321.15
2982,2020-01-22,320.85
2983,2020-01-23,327.65
2984,2020-01-24,328.65
2985,2020-01-27,326.8
2986,2020-01-28,326.95
2987,2020-01-29,328.5
2988,2020-01-30,327.15
2989,2020-01-31,331.05
2990,2020-02-01,305.0
2991,2020-02-03,310.0
2992,2020-02-04,318.6
2993,2020-02-05,326.4
2994,2020-02-06,326.25
2995,2020-02-07,320.3
2996,2020-02-10,317.1
2997,2020-02-11,317.8
2998,2020-02-12,315.2
2999,2020-02-13,313.8
3000,2020-02-14,310.3
3001,2020-02-17,305.7
3002,2020-02-18,302.85
3003,2020-02-19,306.2
3004,2020-02-20,306.25
3005,2020-02-24,299.75
3006,2020-02-25,302.55
3007,2020-02-26,297.5
3008,2020-02-27,290.3
3009,2020-02-28,280.55
3010,2020-03-02,279.65
3011,2020-03-03,284.15
3012,2020-03-04,281.05
3013,2020-03-05,277.85
3014,2020-03-06,269.75
3015,2020-03-09,260.0
3016,2020-03-11,255.25
3017,2020-03-12,230.3
3018,2020-03-13,235.85
3019,2020-03-16,216.15
3020,2020-03-17,211.0
3021,2020-03-18,197.75
3022,2020-03-19,191.2
3023,2020-03-20,196.4
3024,2020-03-23,174.1
3025,2020-03-24,170.65
3026,2020-03-25,175.1
3027,2020-03-26,185.8
3028,2020-03-27,185.05
3029,2020-03-30,171.6
3030,2020-03-31,175.5
3031,2020-04-01,172.1
3032,2020-04-03,172.05
3033,2020-04-07,183.0
3034,2020-04-08,180.5
3035,2020-04-09,185.75
3036,2020-04-13,176.7
3037,2020-04-15,179.95
3038,2020-04-16,181.3
3039,2020-04-17,187.8
3040,2020-04-20,188.9
3041,2020-04-21,185.45
3042,2020-04-22,184.05
3043,2020-04-23,185.45
3044,2020-04-24,177.7
3045,2020-04-27,180.1
3046,2020-04-28,181.5
3047,2020-04-29,183.15
3048,2020-04-30,187.3
3049,2020-05-04,174.3
3050,2020-05-05,169.3
3051,2020-05-06,171.0
3052,2020-05-07,170.65
3053,2020-05-08,169.55
3054,2020-05-11,171.1
3055,2020-05-12,172.45
3056,2020-05-13,178.4
3057,2020-05-14,175.2
3058,2020-05-15,172.5
3059,2020-05-18,163.3
3060,2020-05-19,162.15
3061,2020-05-20,165.75
3062,2020-05-21,165.5
3063,2020-05-22,163.55
3064,2020-05-26,165.5
3065,2020-05-27,168.4
3066,2020-05-28,172.7
3067,2020-05-29,180.1
3068,2020-06-01,185.6
3069,2020-06-02,194.75
3070,2020-06-03,200.85
3071,2020-06-04,197.35
3072,2020-06-05,202.0
3073,2020-06-08,202.65
3074,2020-06-09,202.65
3075,2020-06-10,206.6
3076,2020-06-11,202.3
3077,2020-06-12,204.65
3078,2020-06-15,198.5
3079,2020-06-16,196.85
3080,2020-06-17,198.35
3081,2020-06-18,200.15
3082,2020-06-19,212.95
3083,2020-06-22,215.05
3084,2020-06-23,221.25
3085,2020-06-24,215.4
3086,2020-06-25,213.2
3087,2020-06-26,211.2
3088,2020-06-29,203.7
3089,2020-06-30,202.65
3090,2020-07-01,201.2
3091,2020-07-02,201.05
3092,2020-07-03,203.1
3093,2020-07-06,209.2
3094,2020-07-07,207.75
3095,2020-07-08,203.7
3096,2020-07-09,204.75
3097,2020-07-10,206.1
3098,2020-07-13,202.8
3099,2020-07-14,199.7
3100,2020-07-15,195.6
3101,2020-07-16,195.6
3102,2020-07-17,196.4
3103,2020-07-20,197.25
3104,2020-07-21,201.1
3105,2020-07-22,199.05
3106,2020-07-23,201.85
3107,2020-07-24,198.4
3108,2020-07-27,195.1
3109,2020-07-28,198.25
3110,2020-07-29,198.3
3111,2020-07-30,198.15
3112,2020-07-31,201.0
3113,2020-08-03,198.55
3114,2020-08-04,202.25
3115,2020-08-05,202.4
3116,2020-08-06,204.6
3117,2020-08-07,203.95
3118,2020-08-10,209.75
3119,2020-08-11,208.6
3120,2020-08-12,207.05
3121,2020-08-13,208.95
3122,2020-08-14,207.1
3123,2020-08-17,209.15
3124,2020-08-18,217.6
3125,2020-08-19,220.35
3126,2020-08-20,221.3
3127,2020-08-21,224.05
3128,2020-08-24,221.8
3129,2020-08-25,217.05
3130,2020-08-26,218.8
3131,2020-08-27,232.8
3132,2020-08-28,233.1
3133,2020-08-31,222.75
3134,2020-09-01,224.5
3135,2020-09-02,225.75
3136,2020-09-03,225.3
3137,2020-09-04,220.05
3138,2020-09-07,218.0
3139,2020-09-08,214.25
3140,2020-09-09,211.05
3141,2020-09-10,212.25
3142,2020-09-11,214.95
3143,2020-09-14,222.95
3144,2020-09-15,221.35
3145,2020-09-16,226.35
3146,2020-09-17,222.5
3147,2020-09-18,226.75
3148,2020-09-21,213.95
3149,2020-09-22,210.0
3150,2020-09-23,211.65
3151,2020-09-24,205.1
3152,2020-09-25,209.4
3153,2020-09-28,215.75
3154,2020-09-29,213.15
3155,2020-09-30,211.9
