,Date,NIFTY IT
0,2008-01-01,4809.9
1,2008-01-02,4747.4
2,2008-01-03,4679.9
3,2008-01-04,4616.35
4,2008-01-07,4580.05
5,2008-01-08,4473.95
6,2008-01-09,4511.65
7,2008-01-10,4544.95
8,2008-01-11,4391.65
9,2008-01-14,4405.5
10,2008-01-15,4278.55
11,2008-01-16,4188.5
12,2008-01-17,4205.1
13,2008-01-18,4139.5
14,2008-01-21,4031.0
15,2008-01-22,3770.1
16,2008-01-23,3792.7
17,2008-01-24,3891.0
18,2008-01-25,3727.1
19,2008-01-28,3874.9
20,2008-01-29,3803.2
21,2008-01-30,3864.9
22,2008-01-31,3850.45
23,2008-02-01,3856.0
24,2008-02-04,4099.75
25,2008-02-05,4257.85
26,2008-02-06,4191.5
27,2008-02-07,3973.4
28,2008-02-08,3844.0
29,2008-02-11,3961.35
30,2008-02-12,3972.0
31,2008-02-13,3870.1
32,2008-02-14,3900.8
33,2008-02-15,3877.4
34,2008-02-18,3959.15
35,2008-02-19,3898.6
36,2008-02-20,3964.05
37,2008-02-21,3966.35
38,2008-02-22,4109.15
39,2008-02-25,4044.7
40,2008-02-26,4124.7
41,2008-02-27,4138.75
42,2008-02-28,4067.9
43,2008-02-29,4055.25
44,2008-03-03,3932.05
45,2008-03-04,3863.65
46,2008-03-05,3812.85
47,2008-03-07,3880.95
48,2008-03-10,3742.55
49,2008-03-11,3700.4
50,2008-03-12,3698.85
51,2008-03-13,3583.55
52,2008-03-14,3394.9
53,2008-03-17,3454.35
54,2008-03-18,3415.55
55,2008-03-19,3496.45
56,2008-03-24,3495.3
57,2008-03-25,3619.25
58,2008-03-26,3907.1
59,2008-03-27,3809.5
60,2008-03-28,3739.3
61,2008-03-31,3808.65
62,2008-04-01,3739.8
63,2008-04-02,3749.85
64,2008-04-03,3760.25
65,2008-04-04,3848.9
66,2008-04-07,3837.15
67,2008-04-08,3893.25
68,2008-04-09,3827.85
69,2008-04-10,3836.3
70,2008-04-11,3837.5
71,2008-04-15,3824.9
72,2008-04-16,4063.7
73,2008-04-17,4225.3
74,2008-04-21,4317.6
75,2008-04-22,4206.95
76,2008-04-23,4051.05
77,2008-04-24,4098.05
78,2008-04-25,4127.6
79,2008-04-28,3978.55
80,2008-04-29,4132.95
81,2008-04-30,4330.35
82,2008-05-02,4388.9
83,2008-05-05,4467.75
84,2008-05-06,4341.9
85,2008-05-07,4496.25
86,2008-05-08,4467.0
87,2008-05-09,4410.25
88,2008-05-12,4287.15
89,2008-05-13,4352.4
90,2008-05-14,4352.8
91,2008-05-15,4513.0
92,2008-05-16,4589.6
93,2008-05-20,4504.05
94,2008-05-21,4504.85
95,2008-05-22,4495.65
96,2008-05-23,4500.35
97,2008-05-26,4389.2
98,2008-05-27,4482.8
99,2008-05-28,4501.95
100,2008-05-29,4629.35
101,2008-05-30,4592.4
102,2008-06-02,4699.65
103,2008-06-03,4519.45
104,2008-06-04,4520.05
105,2008-06-05,4420.2
106,2008-06-06,4642.25
107,2008-06-09,4495.9
108,2008-06-10,4348.15
109,2008-06-11,4268.85
110,2008-06-12,4260.1
111,2008-06-13,4319.8
112,2008-06-16,4352.75
113,2008-06-17,4383.95
114,2008-06-18,4429.1
115,2008-06-19,4283.1
116,2008-06-20,4322.9
117,2008-06-23,4133.6
118,2008-06-24,4176.95
119,2008-06-25,4079.9
120,2008-06-26,4116.4
121,2008-06-27,4131.35
122,2008-06-30,4016.75
123,2008-07-01,4000.85
124,2008-07-02,3917.85
125,2008-07-03,4087.3
126,2008-07-04,3999.9
127,2008-07-07,4015.95
128,2008-07-08,4031.5
129,2008-07-09,3999.7
130,2008-07-10,4128.6
131,2008-07-11,4183.15
132,2008-07-14,3822.8
133,2008-07-15,3615.15
134,2008-07-16,3576.4
135,2008-07-17,3585.65
136,2008-07-18,3658.75
137,2008-07-21,3608.75
138,2008-07-22,3605.4
139,2008-07-23,3743.2
140,2008-07-24,3816.15
141,2008-07-25,3666.55
142,2008-07-28,3656.65
143,2008-07-29,3513.45
144,2008-07-30,3677.7
145,2008-07-31,3819.25
146,2008-08-01,3723.75
147,2008-08-04,3826.4
148,2008-08-05,3811.75
149,2008-08-06,3932.55
150,2008-08-07,3972.1
151,2008-08-08,3949.75
152,2008-08-11,3938.8
153,2008-08-12,3920.5
154,2008-08-13,3788.1
155,2008-08-14,3862.95
156,2008-08-18,3919.45
157,2008-08-19,3927.5
158,2008-08-20,3900.95
159,2008-08-21,3902.1
160,2008-08-22,3811.8
161,2008-08-25,3848.25
162,2008-08-26,3827.55
163,2008-08-27,3906.65
164,2008-08-28,3885.0
165,2008-08-29,3827.0
166,2008-09-01,3925.45
167,2008-09-02,3934.0
168,2008-09-04,4047.6
169,2008-09-05,4005.5
170,2008-09-08,3998.7
171,2008-09-09,4009.25
172,2008-09-10,4021.6
173,2008-09-11,4018.95
174,2008-09-12,3969.15
175,2008-09-15,3729.0
176,2008-09-16,3493.35
177,2008-09-17,3554.4
178,2008-09-18,3422.5
179,2008-09-19,3560.7
180,2008-09-22,3694.15
181,2008-09-23,3572.85
182,2008-09-24,3489.7
183,2008-09-25,3415.95
184,2008-09-26,3318.2
185,2008-09-29,3192.45
186,2008-09-30,2974.5
187,2008-10-01,3111.05
188,2008-10-03,3218.4
189,2008-10-06,3081.35
190,2008-10-07,2964.0
191,2008-10-08,2738.95
192,2008-10-10,2610.4
193,2008-10-13,2549.6
194,2008-10-14,2700.45
195,2008-10-15,2762.15
196,2008-10-16,2527.95
197,2008-10-17,2565.45
198,2008-10-20,2441.0
199,2008-10-21,2629.15
200,2008-10-22,2719.4
201,2008-10-23,2553.2
202,2008-10-24,2541.3
203,2008-10-27,2388.0
204,2008-10-28,2442.05
205,2008-10-29,2585.35
206,2008-10-31,2585.7
207,2008-11-03,2776.5
208,2008-11-04,2709.25
209,2008-11-05,2592.1
210,2008-11-06,2534.3
211,2008-11-07,2451.3
212,2008-11-10,2597.3
213,2008-11-11,2642.8
214,2008-11-12,2494.75
215,2008-11-14,2558.35
216,2008-11-17,2452.15
217,2008-11-18,2430.75
218,2008-11-19,2341.55
219,2008-11-20,2227.55
220,2008-11-21,2190.55
221,2008-11-24,2313.0
222,2008-11-25,2419.3
223,2008-11-26,2316.6
224,2008-11-28,2322.2
225,2008-12-01,2457.1
226,2008-12-02,2333.4
227,2008-12-03,2368.4
228,2008-12-04,2309.85
229,2008-12-05,2346.95
230,2008-12-08,2282.6
231,2008-12-10,2341.75
232,2008-12-11,2394.25
233,2008-12-12,2268.65
234,2008-12-15,2241.1
235,2008-12-16,2201.3
236,2008-12-17,2245.6
237,2008-12-18,2231.3
238,2008-12-19,2322.85
239,2008-12-22,2324.8
240,2008-12-23,2300.45
241,2008-12-24,2289.7
242,2008-12-26,2191.65
243,2008-12-29,2121.4
244,2008-12-30,2147.7
245,2008-12-31,2215.6
246,2009-01-01,2201.95
247,2009-01-02,2287.45
248,2009-01-05,2265.35
249,2009-01-06,2317.9
250,2009-01-07,2336.75
251,2009-01-09,2167.05
252,2009-01-12,2172.55
253,2009-01-13,2072.25
254,2009-01-14,2226.95
255,2009-01-15,2176.2
256,2009-01-16,2173.1
257,2009-01-19,2195.3
258,2009-01-20,2148.3
259,2009-01-21,2138.95
260,2009-01-22,2124.85
261,2009-01-23,2091.75
262,2009-01-27,2091.95
263,2009-01-28,2132.75
264,2009-01-29,2211.45
265,2009-01-30,2187.35
266,2009-02-02,2213.85
267,2009-02-03,2162.2
268,2009-02-04,2186.35
269,2009-02-05,2181.65
270,2009-02-06,2130.15
271,2009-02-09,2187.2
272,2009-02-10,2225.8
273,2009-02-11,2208.45
274,2009-02-12,2189.8
275,2009-02-13,2187.25
276,2009-02-16,2188.25
277,2009-02-17,2131.8
278,2009-02-18,2055.35
279,2009-02-19,2071.95
280,2009-02-20,2113.15
281,2009-02-24,2059.15
282,2009-02-25,2062.9
283,2009-02-26,2098.8
284,2009-02-27,2104.8
285,2009-03-02,2077.6
286,2009-03-03,2042.3
287,2009-03-04,2004.45
288,2009-03-05,2036.35
289,2009-03-06,1999.9
290,2009-03-09,2054.95
291,2009-03-12,2047.05
292,2009-03-13,2085.3
293,2009-03-16,2182.05
294,2009-03-17,2210.0
295,2009-03-18,2194.5
296,2009-03-19,2200.7
297,2009-03-20,2225.1
298,2009-03-23,2228.8
299,2009-03-24,2286.7
300,2009-03-25,2284.25
301,2009-03-26,2320.45
302,2009-03-27,2398.4
303,2009-03-30,2358.5
304,2009-03-31,2296.0
305,2009-04-01,2317.35
306,2009-04-02,2402.1
307,2009-04-06,2525.35
308,2009-04-08,2492.95
309,2009-04-09,2586.2
310,2009-04-13,2593.35
311,2009-04-15,2437.55
312,2009-04-16,2537.15
313,2009-04-17,2490.65
314,2009-04-20,2522.15
315,2009-04-21,2551.25
316,2009-04-22,2520.9
317,2009-04-23,2497.6
318,2009-04-24,2640.85
319,2009-04-27,2629.9
320,2009-04-28,2685.8
321,2009-04-29,2650.2
322,2009-05-04,2804.9
323,2009-05-05,3003.4
324,2009-05-06,2931.0
325,2009-05-07,2893.3
326,2009-05-08,2917.95
327,2009-05-11,2852.1
328,2009-05-12,2790.7
329,2009-05-13,2955.35
330,2009-05-14,2856.0
331,2009-05-15,2921.95
332,2009-05-18,3343.6
333,2009-05-19,3369.7
334,2009-05-20,3005.1
335,2009-05-21,3062.2
336,2009-05-22,2973.6
337,2009-05-25,3039.05
338,2009-05-26,3036.0
339,2009-05-27,3056.45
340,2009-05-28,3119.55
341,2009-05-29,3138.6
342,2009-06-01,3173.65
343,2009-06-02,3321.8
344,2009-06-03,3313.85
345,2009-06-04,3296.45
346,2009-06-05,3328.6
347,2009-06-08,3382.7
348,2009-06-09,3377.85
349,2009-06-10,3616.95
350,2009-06-11,3648.55
351,2009-06-12,3566.2
352,2009-06-15,3493.05
353,2009-06-16,3439.75
354,2009-06-17,3493.6
355,2009-06-18,3366.25
356,2009-06-19,3421.45
357,2009-06-22,3492.75
358,2009-06-23,3367.7
359,2009-06-24,3427.9
360,2009-06-25,3482.35
361,2009-06-26,3503.3
362,2009-06-29,3586.1
363,2009-06-30,3515.05
364,2009-07-01,3500.7
365,2009-07-02,3534.05
366,2009-07-03,3528.85
367,2009-07-06,3547.0
368,2009-07-07,3444.65
369,2009-07-08,3418.1
370,2009-07-09,3360.4
371,2009-07-10,3366.95
372,2009-07-13,3437.3
373,2009-07-14,3483.1
374,2009-07-15,3555.3
375,2009-07-16,3661.25
376,2009-07-17,3665.2
377,2009-07-20,3842.8
378,2009-07-21,4095.3
379,2009-07-22,4046.45
380,2009-07-23,3974.5
381,2009-07-24,4041.9
382,2009-07-27,4073.6
383,2009-07-28,4087.3
384,2009-07-29,4068.0
385,2009-07-30,4139.35
386,2009-07-31,4334.7
387,2009-08-03,4339.5
388,2009-08-04,4353.5
389,2009-08-05,4321.05
390,2009-08-06,4409.05
391,2009-08-07,4286.35
392,2009-08-10,4310.95
393,2009-08-11,4420.55
394,2009-08-12,4410.05
395,2009-08-13,4388.3
396,2009-08-14,4436.05
397,2009-08-17,4346.65
398,2009-08-18,4251.85
399,2009-08-19,4301.65
400,2009-08-20,4269.45
401,2009-08-21,4287.1
402,2009-08-24,4411.65
403,2009-08-25,4475.8
404,2009-08-26,4597.4
405,2009-08-27,4729.8
406,2009-08-28,4753.85
407,2009-08-31,4644.05
408,2009-09-01,4625.55
409,2009-09-02,4602.55
410,2009-09-03,4686.5
411,2009-09-04,4709.85
412,2009-09-07,4734.5
413,2009-09-08,4788.35
414,2009-09-09,4763.1
415,2009-09-10,4745.25
416,2009-09-11,4727.45
417,2009-09-14,4726.8
418,2009-09-15,4806.35
419,2009-09-16,4872.3
420,2009-09-17,4907.15
421,2009-09-18,4973.2
422,2009-09-22,4978.0
423,2009-09-23,5078.6
424,2009-09-24,4935.25
425,2009-09-25,4985.2
426,2009-09-29,4988.7
427,2009-09-30,5043.9
428,2009-10-01,5149.15
429,2009-10-05,5114.4
430,2009-10-06,5167.35
431,2009-10-07,5101.35
432,2009-10-08,4937.35
433,2009-10-09,4915.45
434,2009-10-12,4800.45
435,2009-10-14,4952.45
436,2009-10-15,4980.0
437,2009-10-16,4935.35
438,2009-10-17,4969.5
439,2009-10-20,5000.45
440,2009-10-21,5017.55
441,2009-10-22,5059.15
442,2009-10-23,5054.3
443,2009-10-26,5136.0
444,2009-10-27,5170.55
445,2009-10-28,5131.35
446,2009-10-29,5155.35
447,2009-10-30,5112.25
448,2009-11-03,5060.9
449,2009-11-04,4877.05
450,2009-11-05,5024.35
451,2009-11-06,5046.85
452,2009-11-09,5082.1
453,2009-11-10,5136.55
454,2009-11-11,5069.0
455,2009-11-12,5265.2
456,2009-11-13,5313.75
457,2009-11-16,5397.45
458,2009-11-17,5387.0
459,2009-11-18,5475.55
460,2009-11-19,5483.05
461,2009-11-20,5382.7
462,2009-11-23,5486.85
463,2009-11-24,5477.05
464,2009-11-25,5477.95
465,2009-11-26,5478.85
466,2009-11-27,5361.75
467,2009-11-30,5315.8
468,2009-12-01,5389.1
469,2009-12-02,5412.8
470,2009-12-03,5386.2
471,2009-12-04,5422.45
472,2009-12-07,5442.1
473,2009-12-08,5444.4
474,2009-12-09,5491.75
475,2009-12-10,5543.55
476,2009-12-11,5547.05
477,2009-12-14,5510.05
478,2009-12-15,5555.75
479,2009-12-16,5547.05
480,2009-12-17,5678.75
481,2009-12-18,5710.25
482,2009-12-21,5721.7
483,2009-12-22,5680.65
484,2009-12-23,5686.6
485,2009-12-24,5840.9
486,2009-12-29,5838.35
487,2009-12-30,5769.8
488,2009-12-31,5797.15
489,2010-01-04,5819.5
490,2010-01-05,5898.95
491,2010-01-06,5913.9
492,2010-01-07,5828.2
493,2010-01-08,5694.8
494,2010-01-11,5629.7
495,2010-01-12,5741.65
496,2010-01-13,5866.55
497,2010-01-14,6095.7
498,2010-01-15,6095.15
499,2010-01-18,6131.75
500,2010-01-19,6175.25
501,2010-01-20,6108.95
502,2010-01-21,6028.45
503,2010-01-22,5951.95
504,2010-01-25,5850.6
505,2010-01-27,5753.65
506,2010-01-28,5639.8
507,2010-01-29,5554.85
508,2010-02-01,5543.55
509,2010-02-02,5720.05
510,2010-02-03,5599.55
511,2010-02-04,5686.75
512,2010-02-05,5460.75
513,2010-02-06,5453.4
514,2010-02-08,5503.1
515,2010-02-09,5474.6
516,2010-02-10,5616.7
517,2010-02-11,5595.2
518,2010-02-15,5669.9
519,2010-02-16,5665.5
520,2010-02-17,5779.7
521,2010-02-18,5745.8
522,2010-02-19,5701.8
523,2010-02-22,5759.55
524,2010-02-23,5750.9
525,2010-02-24,5744.25
526,2010-02-25,5810.25
527,2010-02-26,5787.3
528,2010-03-02,5823.55
529,2010-03-03,5885.15
530,2010-03-04,5906.3
531,2010-03-05,5834.05
532,2010-03-08,5843.45
533,2010-03-09,5903.85
534,2010-03-10,5926.3
535,2010-03-11,5900.0
536,2010-03-12,5977.15
537,2010-03-15,5980.65
538,2010-03-16,6059.2
539,2010-03-17,6094.0
540,2010-03-18,6155.75
541,2010-03-19,6189.6
542,2010-03-22,6086.25
543,2010-03-23,6174.55
544,2010-03-25,6137.55
545,2010-03-26,6223.5
546,2010-03-29,6133.65
547,2010-03-30,6033.15
548,2010-03-31,5947.6
549,2010-04-01,5861.45
550,2010-04-05,5992.8
551,2010-04-06,6001.6
552,2010-04-07,5947.85
553,2010-04-08,5892.1
554,2010-04-09,5959.25
555,2010-04-12,5969.1
556,2010-04-13,6041.5
557,2010-04-15,6141.6
558,2010-04-16,6141.85
559,2010-04-19,6123.55
560,2010-04-20,6117.05
561,2010-04-21,6036.55
562,2010-04-22,5990.45
563,2010-04-23,6055.6
564,2010-04-26,6034.5
565,2010-04-27,6034.8
566,2010-04-28,6014.65
567,2010-04-29,5949.8
568,2010-04-30,5947.85
569,2010-05-03,5946.4
570,2010-05-04,5955.3
571,2010-05-05,5811.9
572,2010-05-06,5925.25
573,2010-05-07,5811.7
574,2010-05-10,5780.8
575,2010-05-11,5900.0
576,2010-05-12,5838.15
577,2010-05-13,5900.05
578,2010-05-14,5913.65
579,2010-05-17,5827.4
580,2010-05-18,5796.2
581,2010-05-19,5742.4
582,2010-05-20,5708.75
583,2010-05-21,5618.1
584,2010-05-24,5622.7
585,2010-05-25,5592.35
586,2010-05-26,5528.8
587,2010-05-27,5671.6
588,2010-05-28,5721.2
589,2010-05-31,5852.35
590,2010-06-01,5762.05
591,2010-06-02,5688.8
592,2010-06-03,5804.25
593,2010-06-04,5844.3
594,2010-06-07,5783.6
595,2010-06-08,5786.15
596,2010-06-09,5744.55
597,2010-06-10,5668.15
598,2010-06-11,5776.0
599,2010-06-14,5778.85
600,2010-06-15,5914.35
601,2010-06-16,5961.35
602,2010-06-17,5985.15
603,2010-06-18,5975.05
604,2010-06-21,6018.3
605,2010-06-22,6004.8
606,2010-06-23,5930.45
607,2010-06-24,6005.2
608,2010-06-25,6001.15
609,2010-06-28,5929.5
610,2010-06-29,5968.5
611,2010-06-30,5877.8
612,2010-07-01,5893.65
613,2010-07-02,5869.2
614,2010-07-05,5837.55
615,2010-07-06,5860.9
616,2010-07-07,5957.55
617,2010-07-08,5980.05
618,2010-07-09,6064.75
619,2010-07-12,6129.3
620,2010-07-13,6150.2
621,2010-07-14,6058.45
622,2010-07-15,5953.75
623,2010-07-16,6013.2
624,2010-07-19,6044.0
625,2010-07-20,6089.3
626,2010-07-21,6060.8
627,2010-07-22,6076.2
628,2010-07-23,6134.7
629,2010-07-26,6103.9
630,2010-07-27,6145.6
631,2010-07-28,6166.05
632,2010-07-29,6146.05
633,2010-07-30,6139.25
634,2010-08-02,6102.1
635,2010-08-03,6118.2
636,2010-08-04,6102.75
637,2010-08-05,6280.5
638,2010-08-06,6289.0
639,2010-08-09,6233.8
640,2010-08-10,6297.6
641,2010-08-11,6213.6
642,2010-08-12,6111.95
643,2010-08-13,6096.75
644,2010-08-16,6086.8
645,2010-08-17,6068.8
646,2010-08-18,6082.35
647,2010-08-19,6208.9
648,2010-08-20,6163.45
649,2010-08-23,6131.55
650,2010-08-24,6161.45
651,2010-08-25,6116.05
652,2010-08-26,6124.2
653,2010-08-27,6116.05
654,2010-08-30,6034.7
655,2010-08-31,5936.5
656,2010-09-01,5975.05
657,2010-09-02,6140.25
658,2010-09-03,6063.55
659,2010-09-06,6125.6
660,2010-09-07,6189.95
661,2010-09-08,6212.4
662,2010-09-09,6273.45
663,2010-09-13,6308.6
664,2010-09-14,6404.1
665,2010-09-15,6447.85
666,2010-09-16,6575.15
667,2010-09-17,6475.1
668,2010-09-20,6488.2
669,2010-09-21,6553.75
670,2010-09-22,6678.35
671,2010-09-23,6572.1
672,2010-09-24,6579.2
673,2010-09-27,6654.7
674,2010-09-28,6584.85
675,2010-09-29,6586.25
676,2010-09-30,6583.75
677,2010-10-01,6616.15
678,2010-10-04,6780.7
679,2010-10-05,6720.15
680,2010-10-06,6759.15
681,2010-10-07,6759.25
682,2010-10-08,6699.2
683,2010-10-11,6743.15
684,2010-10-12,6718.2
685,2010-10-13,6753.9
686,2010-10-14,6946.7
687,2010-10-15,7031.4
688,2010-10-18,6760.4
689,2010-10-19,6804.0
690,2010-10-20,6651.1
691,2010-10-21,6645.75
692,2010-10-22,6717.65
693,2010-10-25,6785.7
694,2010-10-26,6742.45
695,2010-10-27,6720.3
696,2010-10-28,6674.9
697,2010-10-29,6666.45
698,2010-11-01,6637.7
699,2010-11-02,6674.3
700,2010-11-03,6721.85
701,2010-11-04,6762.6
702,2010-11-05,6848.0
703,2010-11-08,6847.95
704,2010-11-09,6759.9
705,2010-11-10,6800.65
706,2010-11-11,6851.35
707,2010-11-12,6739.1
708,2010-11-15,6676.6
709,2010-11-16,6715.6
710,2010-11-18,6676.45
711,2010-11-19,6615.9
712,2010-11-22,6519.7
713,2010-11-23,6639.5
714,2010-11-24,6626.65
715,2010-11-25,6559.2
716,2010-11-26,6631.45
717,2010-11-29,6659.55
718,2010-11-30,6645.0
719,2010-12-01,6690.2
720,2010-12-02,6751.8
721,2010-12-03,6833.65
722,2010-12-06,6870.25
723,2010-12-07,6890.1
724,2010-12-08,6913.0
725,2010-12-09,6873.6
726,2010-12-10,6827.4
727,2010-12-13,6872.1
728,2010-12-14,6907.0
729,2010-12-15,6920.45
730,2010-12-16,7048.9
731,2010-12-20,7136.95
732,2010-12-21,7340.5
733,2010-12-22,7323.75
734,2010-12-23,7325.15
735,2010-12-24,7289.7
736,2010-12-27,7339.75
737,2010-12-28,7355.85
738,2010-12-29,7388.45
739,2010-12-30,7429.15
740,2010-12-31,7484.8
741,2011-01-03,7503.95
742,2011-01-04,7500.3
743,2011-01-05,7489.75
744,2011-01-06,7544.7
745,2011-01-07,7533.7
746,2011-01-10,7343.3
747,2011-01-11,7233.55
748,2011-01-12,7247.35
749,2011-01-13,7198.85
750,2011-01-14,7043.65
751,2011-01-17,7057.55
752,2011-01-18,7209.55
753,2011-01-19,7349.45
754,2011-01-20,7222.9
755,2011-01-21,7302.7
756,2011-01-24,7232.6
757,2011-01-25,7283.3
758,2011-01-27,7256.5
759,2011-01-28,7159.55
760,2011-01-31,6990.75
761,2011-02-01,6992.0
762,2011-02-02,6964.4
763,2011-02-03,6978.75
764,2011-02-04,6965.65
765,2011-02-07,6916.85
766,2011-02-08,6879.55
767,2011-02-09,6825.15
768,2011-02-10,6799.5
769,2011-02-11,6667.25
770,2011-02-14,6727.45
771,2011-02-15,6872.8
772,2011-02-16,6831.15
773,2011-02-17,6895.6
774,2011-02-18,6911.35
775,2011-02-21,6831.05
776,2011-02-22,6958.35
777,2011-02-23,6906.85
778,2011-02-24,6803.9
779,2011-02-25,6723.8
780,2011-02-28,6688.55
781,2011-03-01,6714.6
782,2011-03-03,6779.05
783,2011-03-04,6859.85
784,2011-03-07,6754.7
785,2011-03-08,6730.3
786,2011-03-09,6879.95
787,2011-03-10,6851.65
788,2011-03-11,6780.4
789,2011-03-14,6683.05
790,2011-03-15,6686.05
791,2011-03-16,6689.25
792,2011-03-17,6651.65
793,2011-03-18,6631.95
794,2011-03-21,6578.9
795,2011-03-22,6530.75
796,2011-03-23,6525.5
797,2011-03-24,6605.9
798,2011-03-25,6751.95
799,2011-03-28,6901.15
800,2011-03-29,6903.95
801,2011-03-30,6993.2
802,2011-03-31,7021.45
803,2011-04-01,7136.8
804,2011-04-04,7130.25
805,2011-04-05,7265.5
806,2011-04-06,7305.75
807,2011-04-07,7249.75
808,2011-04-08,7205.6
809,2011-04-11,7107.5
810,2011-04-13,7106.2
811,2011-04-15,7297.9
812,2011-04-18,6764.4
813,2011-04-19,6650.3
814,2011-04-20,6745.8
815,2011-04-21,6859.8
816,2011-04-25,6778.45
817,2011-04-26,6825.95
818,2011-04-27,6817.9
819,2011-04-28,6807.75
820,2011-04-29,6722.8
821,2011-05-02,6740.55
822,2011-05-03,6711.25
823,2011-05-04,6641.3
824,2011-05-05,6577.8
825,2011-05-06,6530.65
826,2011-05-09,6645.15
827,2011-05-10,6616.45
828,2011-05-11,6601.75
829,2011-05-12,6618.0
830,2011-05-13,6569.2
831,2011-05-16,6601.05
832,2011-05-17,6547.75
833,2011-05-18,6572.9
834,2011-05-19,6620.45
835,2011-05-20,6609.65
836,2011-05-23,6586.65
837,2011-05-24,6552.6
838,2011-05-25,6538.05
839,2011-05-26,6478.65
840,2011-05-27,6444.95
841,2011-05-30,6538.5
842,2011-05-31,6533.45
843,2011-06-01,6544.8
844,2011-06-02,6535.75
845,2011-06-03,6574.6
846,2011-06-06,6549.35
847,2011-06-07,6592.25
848,2011-06-08,6684.1
849,2011-06-09,6670.95
850,2011-06-10,6664.65
851,2011-06-13,6631.25
852,2011-06-14,6656.7
853,2011-06-15,6650.3
854,2011-06-16,6582.25
855,2011-06-17,6481.7
856,2011-06-20,6365.75
857,2011-06-21,6193.4
858,2011-06-22,6281.8
859,2011-06-23,6228.4
860,2011-06-24,6318.2
861,2011-06-27,6437.1
862,2011-06-28,6543.3
863,2011-06-29,6531.5
864,2011-06-30,6579.05
865,2011-07-01,6681.75
866,2011-07-04,6724.75
867,2011-07-05,6711.95
868,2011-07-06,6695.25
869,2011-07-07,6705.75
870,2011-07-08,6793.0
871,2011-07-11,6689.3
872,2011-07-12,6483.05
873,2011-07-13,6384.9
874,2011-07-14,6383.35
875,2011-07-15,6395.3
876,2011-07-18,6351.1
877,2011-07-19,6304.3
878,2011-07-20,6409.25
879,2011-07-21,6314.05
880,2011-07-22,6366.3
881,2011-07-25,6426.3
882,2011-07-26,6433.65
883,2011-07-27,6431.35
884,2011-07-28,6344.4
885,2011-07-29,6293.65
886,2011-08-01,6350.4
887,2011-08-02,6353.35
888,2011-08-03,6232.25
889,2011-08-04,6222.8
890,2011-08-05,6022.4
891,2011-08-08,5709.9
892,2011-08-09,5415.25
893,2011-08-10,5603.65
894,2011-08-11,5551.2
895,2011-08-12,5636.45
896,2011-08-16,5514.1
897,2011-08-17,5459.65
898,2011-08-18,5599.1
899,2011-08-19,5208.95
900,2011-08-22,5095.85
901,2011-08-23,5103.95
902,2011-08-24,5286.35
903,2011-08-25,5233.1
904,2011-08-26,5097.25
905,2011-08-29,5160.7
906,2011-08-30,5407.65
907,2011-09-02,5554.9
908,2011-09-05,5338.7
909,2011-09-06,5270.7
910,2011-09-07,5366.8
911,2011-09-08,5390.95
912,2011-09-09,5450.8
913,2011-09-12,5219.2
914,2011-09-13,5209.65
915,2011-09-14,5253.6
916,2011-09-15,5484.85
917,2011-09-16,5620.35
918,2011-09-19,5491.05
919,2011-09-20,5467.85
920,2011-09-21,5634.15
921,2011-09-22,5502.8
922,2011-09-23,5340.85
923,2011-09-26,5385.2
924,2011-09-27,5444.1
925,2011-09-28,5640.95
926,2011-09-29,5630.35
927,2011-09-30,5709.0
928,2011-10-03,5592.8
929,2011-10-04,5544.2
930,2011-10-05,5576.8
931,2011-10-07,5734.45
932,2011-10-10,5685.75
933,2011-10-11,5822.1
934,2011-10-12,5793.2
935,2011-10-13,6011.65
936,2011-10-14,5987.9
937,2011-10-17,6165.95
938,2011-10-18,5939.6
939,2011-10-19,5923.85
940,2011-10-20,5889.95
941,2011-10-21,5991.15
942,2011-10-24,6002.2
943,2011-10-25,6128.6
944,2011-10-26,6228.0
945,2011-10-28,6346.45
946,2011-10-31,6271.2
947,2011-11-01,6219.65
948,2011-11-02,6180.15
949,2011-11-03,6208.85
950,2011-11-04,6250.55
951,2011-11-08,6176.2
952,2011-11-09,6228.35
953,2011-11-11,5937.9
954,2011-11-14,6226.3
955,2011-11-15,6189.45
956,2011-11-16,6168.75
957,2011-11-17,6090.75
958,2011-11-18,6019.7
959,2011-11-21,5981.0
960,2011-11-22,5801.25
961,2011-11-23,5922.0
962,2011-11-24,5824.7
963,2011-11-25,5887.6
964,2011-11-28,5850.35
965,2011-11-29,5888.05
966,2011-11-30,5814.9
967,2011-12-01,6022.8
968,2011-12-02,5989.95
969,2011-12-05,6107.25
970,2011-12-07,6134.45
971,2011-12-08,6189.15
972,2011-12-09,6079.7
973,2011-12-12,6153.45
974,2011-12-13,6174.15
975,2011-12-14,6205.2
976,2011-12-15,6177.75
977,2011-12-16,6120.55
978,2011-12-19,6059.5
979,2011-12-20,6061.8
980,2011-12-21,6085.05
981,2011-12-22,5992.9
982,2011-12-23,6105.85
983,2011-12-26,6051.85
984,2011-12-27,6189.05
985,2011-12-28,6177.95
986,2011-12-29,6128.35
987,2011-12-30,6126.55
988,2012-01-02,6130.15
989,2012-01-03,6248.85
990,2012-01-04,6346.8
991,2012-01-05,6302.8
992,2012-01-06,6288.05
993,2012-01-07,6291.8
994,2012-01-09,6304.45
995,2012-01-10,6340.1
996,2012-01-11,6347.65
997,2012-01-12,6093.5
998,2012-01-13,5923.6
999,2012-01-16,5862.95
1000,2012-01-17,6024.25
1001,2012-01-18,5981.9
1002,2012-01-19,5935.6
1003,2012-01-20,5916.75
1004,2012-01-23,5905.45
1005,2012-01-24,5945.45
1006,2012-01-25,5990.1
1007,2012-01-27,6094.65
1008,2012-01-30,6090.45
1009,2012-01-31,6107.25
1010,2012-02-01,6182.4
1011,2012-02-02,6201.45
1012,2012-02-03,6256.75
1013,2012-02-06,6386.7
1014,2012-02-07,6426.0
1015,2012-02-08,6358.55
1016,2012-02-09,6373.9
1017,2012-02-10,6477.3
1018,2012-02-13,6447.65
1019,2012-02-14,6443.85
1020,2012-02-15,6494.55
1021,2012-02-16,6569.6
1022,2012-02-17,6651.85
1023,2012-02-21,6670.45
1024,2012-02-22,6661.4
1025,2012-02-23,6693.45
1026,2012-02-24,6697.5
1027,2012-02-27,6783.15
1028,2012-02-28,6617.55
1029,2012-02-29,6623.25
1030,2012-03-01,6567.35
1031,2012-03-02,6576.55
1032,2012-03-03,6536.2
1033,2012-03-05,6537.35
1034,2012-03-06,6456.2
1035,2012-03-07,6484.3
1036,2012-03-09,6626.0
1037,2012-03-12,6645.2
1038,2012-03-13,6519.9
1039,2012-03-14,6604.7
1040,2012-03-15,6533.85
1041,2012-03-16,6560.7
1042,2012-03-19,6531.85
1043,2012-03-20,6395.75
1044,2012-03-21,6424.5
1045,2012-03-22,6532.45
1046,2012-03-23,6453.35
1047,2012-03-26,6519.25
1048,2012-03-27,6490.35
1049,2012-03-28,6492.5
1050,2012-03-29,6399.75
1051,2012-03-30,6392.0
1052,2012-04-02,6511.85
1053,2012-04-03,6581.35
1054,2012-04-04,6522.2
1055,2012-04-09,6504.1
1056,2012-04-10,6492.45
1057,2012-04-11,6377.2
1058,2012-04-12,6436.5
1059,2012-04-13,5975.65
1060,2012-04-16,5772.15
1061,2012-04-17,5813.95
1062,2012-04-18,5855.9
1063,2012-04-19,5833.45
1064,2012-04-20,5833.85
1065,2012-04-23,5831.4
1066,2012-04-24,5760.2
1067,2012-04-25,5896.85
1068,2012-04-26,5851.6
1069,2012-04-27,5866.7
1070,2012-04-28,5949.45
1071,2012-04-30,5938.9
1072,2012-05-02,6085.25
1073,2012-05-03,6101.55
1074,2012-05-04,6160.6
1075,2012-05-07,6023.1
1076,2012-05-08,5965.95
1077,2012-05-09,5856.65
1078,2012-05-10,5903.4
1079,2012-05-11,5870.75
1080,2012-05-14,5831.55
1081,2012-05-15,5801.85
1082,2012-05-16,5894.2
1083,2012-05-17,5870.7
1084,2012-05-18,5778.0
1085,2012-05-21,5865.2
1086,2012-05-22,5833.3
1087,2012-05-23,5854.5
1088,2012-05-24,5836.0
1089,2012-05-25,5853.8
1090,2012-05-28,5910.5
1091,2012-05-29,5927.9
1092,2012-05-30,5961.8
1093,2012-05-31,5946.3
1094,2012-06-01,5977.65
1095,2012-06-04,5855.35
1096,2012-06-05,5884.1
1097,2012-06-06,5922.15
1098,2012-06-07,6034.8
1099,2012-06-08,6052.95
1100,2012-06-11,5990.9
1101,2012-06-12,5912.35
1102,2012-06-13,6013.0
1103,2012-06-14,6030.35
1104,2012-06-15,6083.9
1105,2012-06-18,6155.2
1106,2012-06-19,6065.8
1107,2012-06-20,6072.3
1108,2012-06-21,6018.1
1109,2012-06-22,5966.2
1110,2012-06-25,6033.0
1111,2012-06-26,5976.65
1112,2012-06-27,6008.1
1113,2012-06-28,6037.15
1114,2012-06-29,6093.9
1115,2012-07-02,6141.7
1116,2012-07-03,6152.5
1117,2012-07-04,6103.2
1118,2012-07-05,6075.5
1119,2012-07-06,6069.35
1120,2012-07-09,5987.65
1121,2012-07-10,6037.15
1122,2012-07-11,6034.55
1123,2012-07-12,5720.3
1124,2012-07-13,5736.3
1125,2012-07-16,5713.4
1126,2012-07-17,5609.7
1127,2012-07-18,5569.8
1128,2012-07-19,5624.05
1129,2012-07-20,5681.8
1130,2012-07-23,5624.75
1131,2012-07-24,5598.6
1132,2012-07-25,5586.8
1133,2012-07-26,5587.35
1134,2012-07-27,5562.4
1135,2012-07-30,5589.15
1136,2012-07-31,5664.7
1137,2012-08-01,5673.8
1138,2012-08-02,5673.95
1139,2012-08-03,5645.9
1140,2012-08-06,5729.7
1141,2012-08-07,5733.95
1142,2012-08-08,5813.4
1143,2012-08-09,5838.1
1144,2012-08-10,5815.3
1145,2012-08-13,5885.65
1146,2012-08-14,5890.35
1147,2012-08-16,5935.1
1148,2012-08-17,5928.2
1149,2012-08-21,5994.1
1150,2012-08-22,6070.2
1151,2012-08-23,6101.65
1152,2012-08-24,6167.15
1153,2012-08-27,6144.85
1154,2012-08-28,6103.15
1155,2012-08-29,6161.2
1156,2012-08-30,6086.8
1157,2012-08-31,6120.9
1158,2012-09-03,6084.2
1159,2012-09-04,6066.5
1160,2012-09-05,6062.5
1161,2012-09-06,6094.55
1162,2012-09-07,6299.55
1163,2012-09-08,6325.0
1164,2012-09-10,6355.9
1165,2012-09-11,6340.05
1166,2012-09-12,6434.55
1167,2012-09-13,6483.8
1168,2012-09-14,6579.6
1169,2012-09-17,6630.4
1170,2012-09-18,6420.3
1171,2012-09-20,6310.0
1172,2012-09-21,6428.6
1173,2012-09-24,6394.2
1174,2012-09-25,6354.6
1175,2012-09-26,6343.2
1176,2012-09-27,6343.25
1177,2012-09-28,6313.95
1178,2012-10-01,6327.4
1179,2012-10-03,6431.75
1180,2012-10-04,6418.1
1181,2012-10-05,6403.4
1182,2012-10-08,6298.9
1183,2012-10-09,6237.6
1184,2012-10-10,6226.4
1185,2012-10-11,6221.0
1186,2012-10-12,6027.55
1187,2012-10-15,6089.35
1188,2012-10-16,6083.0
1189,2012-10-17,6093.15
1190,2012-10-18,6043.1
1191,2012-10-19,6077.0
1192,2012-10-22,6096.65
1193,2012-10-23,6090.25
1194,2012-10-25,6055.0
1195,2012-10-26,6024.9
1196,2012-10-29,6012.65
1197,2012-10-30,6016.5
1198,2012-10-31,6053.5
1199,2012-11-01,6085.1
1200,2012-11-02,6134.85
1201,2012-11-05,6163.95
1202,2012-11-06,6144.5
1203,2012-11-07,6144.65
1204,2012-11-08,6138.0
1205,2012-11-09,6147.6
1206,2012-11-12,6111.0
1207,2012-11-13,6135.2
1208,2012-11-15,6093.4
1209,2012-11-16,6002.5
1210,2012-11-19,6035.25
1211,2012-11-20,6055.55
1212,2012-11-21,6004.05
1213,2012-11-22,6041.9
1214,2012-11-23,6097.5
1215,2012-11-26,6117.7
1216,2012-11-27,6189.25
1217,2012-11-29,6243.65
1218,2012-11-30,6217.75
1219,2012-12-03,6263.45
1220,2012-12-04,6256.6
1221,2012-12-05,6226.35
1222,2012-12-06,6162.3
1223,2012-12-07,6041.35
1224,2012-12-10,6013.8
1225,2012-12-11,5970.6
1226,2012-12-12,5946.05
1227,2012-12-13,5953.55
1228,2012-12-14,5888.9
1229,2012-12-17,5928.15
1230,2012-12-18,5882.85
1231,2012-12-19,5915.65
1232,2012-12-20,5985.0
1233,2012-12-21,5986.2
1234,2012-12-24,6016.85
1235,2012-12-26,6037.1
1236,2012-12-27,6047.05
1237,2012-12-28,5990.5
1238,2012-12-31,6028.2
1239,2013-01-01,6055.5
1240,2013-01-02,6049.9
1241,2013-01-03,6045.35
1242,2013-01-04,6118.5
1243,2013-01-07,6159.35
1244,2013-01-08,6160.75
1245,2013-01-09,6143.95
1246,2013-01-10,6109.15
1247,2013-01-11,6370.4
1248,2013-01-14,6719.75
1249,2013-01-15,6884.35
1250,2013-01-16,6785.2
1251,2013-01-17,6833.05
1252,2013-01-18,6885.9
1253,2013-01-21,6772.05
1254,2013-01-22,6782.45
1255,2013-01-23,6734.0
1256,2013-01-24,6742.0
1257,2013-01-25,6752.65
1258,2013-01-28,6796.3
1259,2013-01-29,6808.05
1260,2013-01-30,6794.95
1261,2013-01-31,6789.8
1262,2013-02-01,6779.0
1263,2013-02-04,6766.65
1264,2013-02-05,6724.4
1265,2013-02-06,6760.6
1266,2013-02-07,6762.3
1267,2013-02-08,6793.75
1268,2013-02-11,6872.9
1269,2013-02-12,6799.9
1270,2013-02-13,6796.45
1271,2013-02-14,6878.25
1272,2013-02-15,6866.7
1273,2013-02-18,6853.35
1274,2013-02-19,6832.0
1275,2013-02-20,6937.4
1276,2013-02-21,6929.5
1277,2013-02-22,6924.45
1278,2013-02-25,7026.2
1279,2013-02-26,7082.85
1280,2013-02-27,7144.85
1281,2013-02-28,7084.8
1282,2013-03-01,7116.3
1283,2013-03-04,7112.5
1284,2013-03-05,7131.8
1285,2013-03-06,7227.7
1286,2013-03-07,7319.9
1287,2013-03-08,7391.55
1288,2013-03-11,7355.75
1289,2013-03-12,7286.65
1290,2013-03-13,7211.25
1291,2013-03-14,7180.95
1292,2013-03-15,7221.85
1293,2013-03-18,7190.85
1294,2013-03-19,7213.25
1295,2013-03-20,7153.85
1296,2013-03-21,7186.35
1297,2013-03-22,7140.45
1298,2013-03-25,7113.05
1299,2013-03-26,7094.55
1300,2013-03-28,7153.6
1301,2013-04-01,7230.65
1302,2013-04-02,7249.35
1303,2013-04-03,7305.6
1304,2013-04-04,7232.65
1305,2013-04-05,7066.85
1306,2013-04-08,7027.9
1307,2013-04-09,6984.85
1308,2013-04-10,6977.8
1309,2013-04-11,7125.8
1310,2013-04-12,6726.4
1311,2013-04-15,6348.65
1312,2013-04-16,6305.05
1313,2013-04-17,6352.3
1314,2013-04-18,6282.5
1315,2013-04-22,6217.15
1316,2013-04-23,6127.2
1317,2013-04-25,6141.0
1318,2013-04-26,6036.75
1319,2013-04-29,5959.45
1320,2013-04-30,6017.75
1321,2013-05-02,6035.4
1322,2013-05-03,6211.8
1323,2013-05-06,6238.85
1324,2013-05-07,6356.35
1325,2013-05-08,6393.8
1326,2013-05-09,6389.15
1327,2013-05-10,6429.85
1328,2013-05-11,6422.45
1329,2013-05-13,6398.55
1330,2013-05-14,6322.1
1331,2013-05-15,6332.45
1332,2013-05-16,6347.55
1333,2013-05-17,6299.0
1334,2013-05-20,6323.9
1335,2013-05-21,6348.25
1336,2013-05-22,6440.5
1337,2013-05-23,6411.55
1338,2013-05-24,6396.75
1339,2013-05-27,6322.55
1340,2013-05-28,6409.75
1341,2013-05-29,6441.85
1342,2013-05-30,6371.5
1343,2013-05-31,6381.95
1344,2013-06-03,6627.95
1345,2013-06-04,6511.55
1346,2013-06-05,6490.8
1347,2013-06-06,6433.85
1348,2013-06-07,6440.9
1349,2013-06-10,6571.2
1350,2013-06-11,6615.7
1351,2013-06-12,6521.85
1352,2013-06-13,6427.6
1353,2013-06-14,6359.1
1354,2013-06-17,6394.25
1355,2013-06-18,6436.25
1356,2013-06-19,6468.85
1357,2013-06-20,6408.7
1358,2013-06-21,6296.65
1359,2013-06-24,6353.35
1360,2013-06-25,6309.1
1361,2013-06-26,6298.55
1362,2013-06-27,6428.75
1363,2013-06-28,6586.7
1364,2013-07-01,6589.3
1365,2013-07-02,6527.5
1366,2013-07-03,6464.8
1367,2013-07-04,6490.2
1368,2013-07-05,6646.75
1369,2013-07-08,6640.25
1370,2013-07-09,6609.0
1371,2013-07-10,6672.6
1372,2013-07-11,6748.75
1373,2013-07-12,7173.45
1374,2013-07-15,7216.8
1375,2013-07-16,7132.7
1376,2013-07-17,7203.6
1377,2013-07-18,7286.7
1378,2013-07-19,7400.35
1379,2013-07-22,7472.15
1380,2013-07-23,7579.1
1381,2013-07-24,7569.05
1382,2013-07-25,7660.7
1383,2013-07-26,7699.0
1384,2013-07-29,7638.8
1385,2013-07-30,7694.55
1386,2013-07-31,7738.25
1387,2013-08-01,7811.45
1388,2013-08-02,7793.95
1389,2013-08-05,7838.65
1390,2013-08-06,7920.95
1391,2013-08-07,7876.35
1392,2013-08-08,7710.4
1393,2013-08-12,7820.1
1394,2013-08-13,7860.1
1395,2013-08-14,7971.9
1396,2013-08-16,7879.45
1397,2013-08-19,7811.85
1398,2013-08-20,7828.2
1399,2013-08-21,7679.2
1400,2013-08-22,7614.85
1401,2013-08-23,7786.35
1402,2013-08-26,7908.6
1403,2013-08-27,7952.55
1404,2013-08-28,7948.65
1405,2013-08-29,8110.05
1406,2013-08-30,8225.65
1407,2013-09-02,8325.85
1408,2013-09-03,8380.65
1409,2013-09-04,8293.0
1410,2013-09-05,8437.95
1411,2013-09-06,8224.65
1412,2013-09-10,8211.9
1413,2013-09-11,8421.3
1414,2013-09-12,8367.05
1415,2013-09-13,8257.85
1416,2013-09-16,8172.3
1417,2013-09-17,8048.1
1418,2013-09-18,8160.4
1419,2013-09-19,8130.6
1420,2013-09-20,8119.25
1421,2013-09-23,8137.95
1422,2013-09-24,8217.65
1423,2013-09-25,8192.95
1424,2013-09-26,8212.1
1425,2013-09-27,8176.4
1426,2013-09-30,8196.4
1427,2013-10-01,8195.05
1428,2013-10-03,8244.7
1429,2013-10-04,8353.3
1430,2013-10-07,8359.15
1431,2013-10-08,8483.3
1432,2013-10-09,8408.5
1433,2013-10-10,8585.75
1434,2013-10-11,8899.65
1435,2013-10-14,8868.85
1436,2013-10-15,9109.75
1437,2013-10-17,9111.85
1438,2013-10-18,8821.3
1439,2013-10-21,8928.45
1440,2013-10-22,8901.35
1441,2013-10-23,8891.3
1442,2013-10-24,8774.15
1443,2013-10-25,8670.4
1444,2013-10-28,8796.55
1445,2013-10-29,8784.85
1446,2013-10-30,8803.25
1447,2013-10-31,8814.2
1448,2013-11-01,8840.6
1449,2013-11-03,8812.75
1450,2013-11-05,8780.6
1451,2013-11-06,8766.9
1452,2013-11-07,8882.85
1453,2013-11-08,8969.7
1454,2013-11-11,8943.1
1455,2013-11-12,8971.65
1456,2013-11-13,8897.5
1457,2013-11-14,8912.9
1458,2013-11-18,8919.4
1459,2013-11-19,8993.4
1460,2013-11-20,8987.2
1461,2013-11-21,8912.55
1462,2013-11-22,8784.5
1463,2013-11-25,8793.45
1464,2013-11-26,8755.05
1465,2013-11-27,8775.8
1466,2013-11-28,8729.25
1467,2013-11-29,8769.25
1468,2013-12-02,8804.9
1469,2013-12-03,8837.05
1470,2013-12-04,8868.25
1471,2013-12-05,8932.95
1472,2013-12-06,8813.8
1473,2013-12-09,8926.25
1474,2013-12-10,8867.0
1475,2013-12-11,9031.4
1476,2013-12-12,8991.45
1477,2013-12-13,8948.25
1478,2013-12-16,8975.2
1479,2013-12-17,9126.1
1480,2013-12-18,9110.8
1481,2013-12-19,9207.05
1482,2013-12-20,9368.4
1483,2013-12-23,9448.85
1484,2013-12-24,9418.35
1485,2013-12-26,9405.2
1486,2013-12-27,9460.15
1487,2013-12-30,9609.65
1488,2013-12-31,9514.55
1489,2014-01-01,9548.5
1490,2014-01-02,9475.3
1491,2014-01-03,9456.45
1492,2014-01-06,9707.35
1493,2014-01-07,9648.7
1494,2014-01-08,9539.15
1495,2014-01-09,9546.9
1496,2014-01-10,9664.4
1497,2014-01-13,9831.55
1498,2014-01-14,10042.65
1499,2014-01-15,10040.3
1500,2014-01-16,10089.25
1501,2014-01-17,10072.85
1502,2014-01-20,9872.2
1503,2014-01-21,10155.15
1504,2014-01-22,10078.2
1505,2014-01-23,10116.6
1506,2014-01-24,10036.6
1507,2014-01-27,9926.75
1508,2014-01-28,9906.5
1509,2014-01-29,9861.35
1510,2014-01-30,9860.25
1511,2014-01-31,9895.05
1512,2014-02-03,9897.25
1513,2014-02-04,9686.8
1514,2014-02-05,9677.9
1515,2014-02-06,9700.4
1516,2014-02-07,9754.3
1517,2014-02-10,9668.4
1518,2014-02-11,9639.4
1519,2014-02-12,9747.75
1520,2014-02-13,9752.25
1521,2014-02-14,9770.05
1522,2014-02-17,9898.1
1523,2014-02-18,9859.65
1524,2014-02-19,9912.0
1525,2014-02-20,10028.35
1526,2014-02-21,10010.5
1527,2014-02-24,10101.0
1528,2014-02-25,10099.9
1529,2014-02-26,10167.1
1530,2014-02-28,10107.7
1531,2014-03-03,10339.8
1532,2014-03-04,10172.8
1533,2014-03-05,10260.2
1534,2014-03-06,10272.4
1535,2014-03-07,10266.05
1536,2014-03-10,10033.05
1537,2014-03-11,9803.8
1538,2014-03-12,9823.8
1539,2014-03-13,9539.3
1540,2014-03-14,9422.85
1541,2014-03-18,9451.1
1542,2014-03-19,9305.25
1543,2014-03-20,9147.05
1544,2014-03-21,9376.95
1545,2014-03-22,9355.4
1546,2014-03-24,9365.3
1547,2014-03-25,9308.5
1548,2014-03-26,9318.95
1549,2014-03-27,9234.3
1550,2014-03-28,9245.7
1551,2014-03-31,9297.95
1552,2014-04-01,9331.5
1553,2014-04-02,9515.05
1554,2014-04-03,9505.45
1555,2014-04-04,9511.8
1556,2014-04-07,9355.05
1557,2014-04-09,9360.15
1558,2014-04-10,9277.75
1559,2014-04-11,9156.45
1560,2014-04-15,9452.6
1561,2014-04-16,9506.8
1562,2014-04-17,9363.05
1563,2014-04-21,9395.55
1564,2014-04-22,9333.55
1565,2014-04-23,9318.65
1566,2014-04-25,9311.5
1567,2014-04-28,9271.5
1568,2014-04-29,9264.5
1569,2014-04-30,9242.9
1570,2014-05-02,9219.3
1571,2014-05-05,9288.7
1572,2014-05-06,9219.95
1573,2014-05-07,9153.15
1574,2014-05-08,8959.0
1575,2014-05-09,8945.75
1576,2014-05-12,9049.85
1577,2014-05-13,9159.25
1578,2014-05-14,9356.2
1579,2014-05-15,9347.85
1580,2014-05-16,9372.75
1581,2014-05-19,9135.55
1582,2014-05-20,8704.5
1583,2014-05-21,8871.75
1584,2014-05-22,8978.85
1585,2014-05-23,8954.1
1586,2014-05-26,8986.5
1587,2014-05-27,9082.3
1588,2014-05-28,9106.15
1589,2014-05-29,9075.8
1590,2014-05-30,8941.0
1591,2014-06-02,9004.0
1592,2014-06-03,9007.8
1593,2014-06-04,8974.95
1594,2014-06-05,8877.5
1595,2014-06-06,8943.3
1596,2014-06-09,8948.75
1597,2014-06-10,9043.3
1598,2014-06-11,9290.5
1599,2014-06-12,9589.2
1600,2014-06-13,9462.0
1601,2014-06-16,9449.0
1602,2014-06-17,9618.75
1603,2014-06-18,9630.85
1604,2014-06-19,9522.2
1605,2014-06-20,9714.5
1606,2014-06-23,9671.55
1607,2014-06-24,9548.65
1608,2014-06-25,9623.4
1609,2014-06-26,9585.75
1610,2014-06-27,9619.45
1611,2014-06-30,9834.15
1612,2014-07-01,9896.8
1613,2014-07-02,9817.65
1614,2014-07-03,9806.0
1615,2014-07-04,9829.95
1616,2014-07-07,9922.95
1617,2014-07-08,10146.75
1618,2014-07-09,10041.35
1619,2014-07-10,9906.65
1620,2014-07-11,9992.15
1621,2014-07-14,9944.1
1622,2014-07-15,9815.65
1623,2014-07-16,9824.2
1624,2014-07-17,9855.95
1625,2014-07-18,9944.85
1626,2014-07-21,9998.65
1627,2014-07-22,9918.8
1628,2014-07-23,10120.0
1629,2014-07-24,10323.8
1630,2014-07-25,10343.0
1631,2014-07-28,10293.7
1632,2014-07-30,10395.55
1633,2014-07-31,10348.05
1634,2014-08-01,10227.55
1635,2014-08-04,10192.35
1636,2014-08-05,10403.6
1637,2014-08-06,10423.85
1638,2014-08-07,10362.55
1639,2014-08-08,10327.2
1640,2014-08-11,10391.9
1641,2014-08-12,10448.6
1642,2014-08-13,10381.05
1643,2014-08-14,10513.75
1644,2014-08-18,10459.7
1645,2014-08-19,10441.4
1646,2014-08-20,10397.0
1647,2014-08-21,10432.75
1648,2014-08-22,10403.45
1649,2014-08-25,10553.8
1650,2014-08-26,10653.6
1651,2014-08-27,10675.05
1652,2014-08-28,10749.25
1653,2014-09-01,10712.5
1654,2014-09-02,10723.45
1655,2014-09-03,10749.0
1656,2014-09-04,11025.85
1657,2014-09-05,11018.8
1658,2014-09-08,11062.8
1659,2014-09-09,11144.0
1660,2014-09-10,11041.85
1661,2014-09-11,10975.7
1662,2014-09-12,10987.0
1663,2014-09-15,10959.85
1664,2014-09-16,10876.8
1665,2014-09-17,10866.2
1666,2014-09-18,10916.35
1667,2014-09-19,11074.0
1668,2014-09-22,11187.6
1669,2014-09-23,11172.25
1670,2014-09-24,11135.05
1671,2014-09-25,11102.5
1672,2014-09-26,11188.1
1673,2014-09-29,11178.55
1674,2014-09-30,11341.4
1675,2014-10-01,11287.2
1676,2014-10-07,11371.9
1677,2014-10-08,11380.85
1678,2014-10-09,11138.4
1679,2014-10-10,11065.0
1680,2014-10-13,11318.55
1681,2014-10-14,11474.8
1682,2014-10-16,11379.05
1683,2014-10-17,10889.5
1684,2014-10-20,10845.7
1685,2014-10-21,10723.15
1686,2014-10-22,10835.4
1687,2014-10-23,10776.0
1688,2014-10-27,10890.6
1689,2014-10-28,10696.3
1690,2014-10-29,10767.4
1691,2014-10-30,10973.35
1692,2014-10-31,11192.8
1693,2014-11-03,11433.0
1694,2014-11-05,11419.95
1695,2014-11-07,11438.3
1696,2014-11-10,11491.95
1697,2014-11-11,11477.25
1698,2014-11-12,11428.4
1699,2014-11-13,11458.3
1700,2014-11-14,11551.4
1701,2014-11-17,11553.9
1702,2014-11-18,11628.15
1703,2014-11-19,11532.0
1704,2014-11-20,11583.45
1705,2014-11-21,11637.7
1706,2014-11-24,11659.7
1707,2014-11-25,11847.4
1708,2014-11-26,11769.2
1709,2014-11-27,11800.85
1710,2014-11-28,11925.85
1711,2014-12-01,11942.25
1712,2014-12-02,11952.7
1713,2014-12-03,11787.6
1714,2014-12-04,11809.55
1715,2014-12-05,11788.55
1716,2014-12-08,11417.1
1717,2014-12-09,11207.6
1718,2014-12-10,11137.55
1719,2014-12-11,11059.7
1720,2014-12-12,11030.15
1721,2014-12-15,10748.5
1722,2014-12-16,10694.25
1723,2014-12-17,10894.3
1724,2014-12-18,10920.65
1725,2014-12-19,11101.6
1726,2014-12-22,11223.75
1727,2014-12-23,11184.95
1728,2014-12-24,11104.05
1729,2014-12-26,10974.85
1730,2014-12-29,11056.2
1731,2014-12-30,11113.35
1732,2014-12-31,11129.55
1733,2015-01-01,11214.8
1734,2015-01-02,11214.65
1735,2015-01-05,11369.35
1736,2015-01-06,11186.1
1737,2015-01-07,11013.2
1738,2015-01-08,11031.15
1739,2015-01-09,11058.05
1740,2015-01-12,11456.0
1741,2015-01-13,11545.25
1742,2015-01-14,11561.95
1743,2015-01-15,11672.3
1744,2015-01-16,11708.85
1745,2015-01-19,11732.5
1746,2015-01-20,11681.8
1747,2015-01-21,11732.45
1748,2015-01-22,11832.55
1749,2015-01-23,11877.9
1750,2015-01-27,11915.6
1751,2015-01-28,11712.55
1752,2015-01-29,11812.35
1753,2015-01-30,11998.35
1754,2015-02-02,11871.35
1755,2015-02-03,11963.75
1756,2015-02-04,12027.1
1757,2015-02-05,11967.75
1758,2015-02-06,12190.7
1759,2015-02-09,12160.9
1760,2015-02-10,12215.2
1761,2015-02-11,12198.45
1762,2015-02-12,12277.2
1763,2015-02-13,12369.6
1764,2015-02-16,12461.75
1765,2015-02-18,12511.05
1766,2015-02-19,12629.05
1767,2015-02-20,12750.0
1768,2015-02-23,12607.35
1769,2015-02-24,12572.25
1770,2015-02-25,12621.55
1771,2015-02-26,12623.8
1772,2015-02-27,12511.25
1773,2015-02-28,12612.05
1774,2015-03-02,12700.6
1775,2015-03-03,12687.25
1776,2015-03-04,12885.75
1777,2015-03-05,12719.1
1778,2015-03-09,12599.8
1779,2015-03-10,12404.35
1780,2015-03-11,12414.7
1781,2015-03-12,12377.2
1782,2015-03-13,12478.55
1783,2015-03-16,12308.95
1784,2015-03-17,12459.6
1785,2015-03-18,12434.25
1786,2015-03-19,12298.25
1787,2015-03-20,12306.6
1788,2015-03-23,12364.3
1789,2015-03-24,12266.2
1790,2015-03-25,12214.55
1791,2015-03-26,12168.3
1792,2015-03-27,11978.05
1793,2015-03-30,12010.65
1794,2015-03-31,12159.05
1795,2015-04-01,11997.45
1796,2015-04-06,11970.2
1797,2015-04-07,11999.25
1798,2015-04-08,12072.2
1799,2015-04-09,12296.75
1800,2015-04-10,12249.05
1801,2015-04-13,12329.1
1802,2015-04-15,12335.15
1803,2015-04-16,12187.55
1804,2015-04-17,11972.35
1805,2015-04-20,11805.5
1806,2015-04-21,11472.6
1807,2015-04-22,11552.5
1808,2015-04-23,11571.05
1809,2015-04-24,11474.4
1810,2015-04-27,11166.4
1811,2015-04-28,11097.2
1812,2015-04-29,11039.0
1813,2015-04-30,11056.5
1814,2015-05-04,11087.5
1815,2015-05-05,11252.3
1816,2015-05-06,11186.35
1817,2015-05-07,10934.8
1818,2015-05-08,11209.15
1819,2015-05-11,11225.15
1820,2015-05-12,11337.7
1821,2015-05-13,11168.7
1822,2015-05-14,11185.6
1823,2015-05-15,11109.7
1824,2015-05-18,11200.4
1825,2015-05-19,11264.8
1826,2015-05-20,11438.7
1827,2015-05-21,11589.0
1828,2015-05-22,11584.7
1829,2015-05-25,11740.75
1830,2015-05-26,11608.75
1831,2015-05-27,11481.45
1832,2015-05-28,11368.0
1833,2015-05-29,11443.1
1834,2015-06-01,11561.9
1835,2015-06-02,11523.85
1836,2015-06-03,11383.1
1837,2015-06-04,11375.85
1838,2015-06-05,11376.45
1839,2015-06-08,11302.75
1840,2015-06-09,11235.3
1841,2015-06-10,11145.4
1842,2015-06-11,11420.0
1843,2015-06-12,11222.8
1844,2015-06-15,11022.7
1845,2015-06-16,11111.8
1846,2015-06-17,11181.9
1847,2015-06-18,11191.75
1848,2015-06-19,11260.9
1849,2015-06-22,11266.9
1850,2015-06-23,11473.0
1851,2015-06-24,11400.35
1852,2015-06-25,11332.45
1853,2015-06-26,11238.8
1854,2015-06-29,11181.25
1855,2015-06-30,11101.6
1856,2015-07-01,11053.65
1857,2015-07-02,11246.5
1858,2015-07-03,11162.9
1859,2015-07-06,11079.2
1860,2015-07-07,11216.55
1861,2015-07-08,11079.95
1862,2015-07-09,11043.65
1863,2015-07-10,10950.25
1864,2015-07-13,10840.65
1865,2015-07-14,11024.4
1866,2015-07-15,11050.5
1867,2015-07-16,11191.15
1868,2015-07-17,11239.7
1869,2015-07-20,11270.4
1870,2015-07-21,11366.6
1871,2015-07-22,11647.5
1872,2015-07-23,11640.65
1873,2015-07-24,11568.85
1874,2015-07-27,11437.55
1875,2015-07-28,11378.8
1876,2015-07-29,11369.45
1877,2015-07-30,11530.3
1878,2015-07-31,11434.9
1879,2015-08-03,11490.6
1880,2015-08-04,11480.7
1881,2015-08-05,11470.2
1882,2015-08-06,11698.9
1883,2015-08-07,11604.45
1884,2015-08-10,11623.1
1885,2015-08-11,11637.25
1886,2015-08-12,11731.7
1887,2015-08-13,12029.5
1888,2015-08-14,11968.3
1889,2015-08-17,12057.65
1890,2015-08-18,12068.35
1891,2015-08-19,12215.55
1892,2015-08-20,12269.5
1893,2015-08-21,12009.8
1894,2015-08-24,11750.45
1895,2015-08-25,11524.85
1896,2015-08-26,11395.5
1897,2015-08-27,11438.7
1898,2015-08-28,11545.3
1899,2015-08-31,11691.65
1900,2015-09-01,11563.55
1901,2015-09-02,11563.95
1902,2015-09-03,11679.5
1903,2015-09-04,11689.8
1904,2015-09-07,11445.35
1905,2015-09-08,11331.65
1906,2015-09-09,11554.45
1907,2015-09-10,11439.45
1908,2015-09-11,11445.65
1909,2015-09-14,11482.4
1910,2015-09-15,11524.4
1911,2015-09-16,11614.7
1912,2015-09-18,11694.95
1913,2015-09-21,11659.85
1914,2015-09-22,11790.5
1915,2015-09-23,11659.9
1916,2015-09-24,11710.75
1917,2015-09-28,11989.3
1918,2015-09-29,11768.65
1919,2015-09-30,12010.75
1920,2015-10-01,11877.85
1921,2015-10-05,11867.45
1922,2015-10-06,12057.45
1923,2015-10-07,11878.35
1924,2015-10-08,11753.85
1925,2015-10-09,11734.3
1926,2015-10-12,11972.1
1927,2015-10-13,11595.85
1928,2015-10-14,11435.3
1929,2015-10-15,11407.55
1930,2015-10-16,11392.55
1931,2015-10-19,11360.4
1932,2015-10-20,11465.05
1933,2015-10-21,11552.6
1934,2015-10-23,11588.0
1935,2015-10-26,11597.9
1936,2015-10-27,11570.3
1937,2015-10-28,11546.05
1938,2015-10-29,11644.05
1939,2015-10-30,11549.75
1940,2015-11-02,11497.95
1941,2015-11-03,11576.0
1942,2015-11-04,11680.15
1943,2015-11-05,11573.1
1944,2015-11-06,11424.2
1945,2015-11-09,11364.55
1946,2015-11-10,11385.7
1947,2015-11-11,11305.2
1948,2015-11-13,11110.75
1949,2015-11-16,11011.5
1950,2015-11-17,11032.45
1951,2015-11-18,10967.75
1952,2015-11-19,10910.5
1953,2015-11-20,11045.65
1954,2015-11-23,11126.25
1955,2015-11-24,11096.4
1956,2015-11-26,11048.4
1957,2015-11-27,11064.6
1958,2015-11-30,11147.85
1959,2015-12-01,11216.95
1960,2015-12-02,11298.9
1961,2015-12-03,11149.3
1962,2015-12-04,11034.65
1963,2015-12-07,11009.5
1964,2015-12-08,10989.2
1965,2015-12-09,10978.25
1966,2015-12-10,10971.55
1967,2015-12-11,11086.55
1968,2015-12-14,10940.75
1969,2015-12-15,11139.55
1970,2015-12-16,11081.75
1971,2015-12-17,11182.95
1972,2015-12-18,11227.15
1973,2015-12-21,11096.4
1974,2015-12-22,11201.8
1975,2015-12-23,11163.8
1976,2015-12-24,11193.25
1977,2015-12-28,11152.7
1978,2015-12-29,11257.05
1979,2015-12-30,11247.35
1980,2015-12-31,11113.0
1981,2016-01-01,11210.25
1982,2016-01-04,11144.0
1983,2016-01-05,11082.6
1984,2016-01-06,11027.55
1985,2016-01-07,10947.75
1986,2016-01-08,10933.3
1987,2016-01-11,10898.8
1988,2016-01-12,10850.25
1989,2016-01-13,10807.85
1990,2016-01-14,10730.65
1991,2016-01-15,11050.65
1992,2016-01-18,10954.2
1993,2016-01-19,11052.4
1994,2016-01-20,10897.8
1995,2016-01-21,10957.95
1996,2016-01-22,11020.6
1997,2016-01-25,11047.0
1998,2016-01-27,11052.55
1999,2016-01-28,11010.1
2000,2016-01-29,11061.85
2001,2016-02-01,11271.15
2002,2016-02-02,11325.75
2003,2016-02-03,11179.75
2004,2016-02-04,11178.25
2005,2016-02-05,11222.2
2006,2016-02-08,11160.85
2007,2016-02-09,10866.2
2008,2016-02-10,10614.3
2009,2016-02-11,10615.35
2010,2016-02-12,10404.6
2011,2016-02-15,10446.25
2012,2016-02-16,10487.4
2013,2016-02-17,10429.35
2014,2016-02-18,10554.55
2015,2016-02-19,10670.75
2016,2016-02-22,10778.8
2017,2016-02-23,10721.4
2018,2016-02-24,10581.0
2019,2016-02-25,10469.85
2020,2016-02-26,10488.45
2021,2016-02-29,10504.4
2022,2016-03-01,10337.95
2023,2016-03-02,10740.45
2024,2016-03-03,10982.0
2025,2016-03-04,11086.1
2026,2016-03-08,10928.4
2027,2016-03-09,10815.05
2028,2016-03-10,10923.75
2029,2016-03-11,10825.9
2030,2016-03-14,10854.2
2031,2016-03-15,10867.65
2032,2016-03-16,10733.7
2033,2016-03-17,10854.0
2034,2016-03-18,10938.05
2035,2016-03-21,11158.95
2036,2016-03-22,11171.9
2037,2016-03-23,11219.7
2038,2016-03-28,11328.15
2039,2016-03-29,11172.8
2040,2016-03-30,11127.5
2041,2016-03-31,11240.6
2042,2016-04-01,11306.35
2043,2016-04-04,11224.9
2044,2016-04-05,11386.55
2045,2016-04-06,11325.1
2046,2016-04-07,11264.6
2047,2016-04-08,11082.25
2048,2016-04-11,11066.25
2049,2016-04-12,11284.0
2050,2016-04-13,11412.1
2051,2016-04-18,11493.5
2052,2016-04-20,11697.4
2053,2016-04-21,11500.45
2054,2016-04-22,11326.55
2055,2016-04-25,11288.7
2056,2016-04-26,11292.35
2057,2016-04-27,11398.9
2058,2016-04-28,11350.15
2059,2016-04-29,11269.1
2060,2016-05-02,11181.15
2061,2016-05-03,11129.9
2062,2016-05-04,10913.75
2063,2016-05-05,10966.75
2064,2016-05-06,10960.1
2065,2016-05-09,10900.1
2066,2016-05-10,11010.25
2067,2016-05-11,10926.85
2068,2016-05-12,10967.35
2069,2016-05-13,11081.3
2070,2016-05-16,11063.1
2071,2016-05-17,11126.75
2072,2016-05-18,11073.55
2073,2016-05-19,11124.8
2074,2016-05-20,11067.0
2075,2016-05-23,11080.4
2076,2016-05-24,10946.5
2077,2016-05-25,11019.05
2078,2016-05-26,11231.85
2079,2016-05-27,11325.7
2080,2016-05-30,11433.95
2081,2016-05-31,11554.65
2082,2016-06-01,11405.5
2083,2016-06-02,11447.05
2084,2016-06-03,11482.05
2085,2016-06-06,11443.5
2086,2016-06-07,11434.6
2087,2016-06-08,11427.15
2088,2016-06-09,11413.3
2089,2016-06-10,11226.45
2090,2016-06-13,11164.15
2091,2016-06-14,11210.65
2092,2016-06-15,11195.95
2093,2016-06-16,11249.7
2094,2016-06-17,11258.65
2095,2016-06-20,11272.95
2096,2016-06-21,11515.25
2097,2016-06-22,11509.05
2098,2016-06-23,11469.35
2099,2016-06-24,11193.25
2100,2016-06-27,11069.9
2101,2016-06-28,10978.6
2102,2016-06-29,10943.3
2103,2016-06-30,11109.7
2104,2016-07-01,11172.65
2105,2016-07-04,11142.25
2106,2016-07-05,11176.2
2107,2016-07-07,11136.3
2108,2016-07-08,10947.95
2109,2016-07-11,10993.85
2110,2016-07-12,11064.4
2111,2016-07-13,11094.2
2112,2016-07-14,11117.35
2113,2016-07-15,11197.85
2114,2016-07-18,10734.5
2115,2016-07-19,10694.95
2116,2016-07-20,10600.75
2117,2016-07-21,10749.75
2118,2016-07-22,10745.55
2119,2016-07-25,10734.1
2120,2016-07-26,10839.5
2121,2016-07-27,10875.45
2122,2016-07-28,10923.1
2123,2016-07-29,10916.9
2124,2016-08-01,10917.7
2125,2016-08-02,11129.45
2126,2016-08-03,11307.05
2127,2016-08-04,11226.45
2128,2016-08-05,11177.35
2129,2016-08-08,11136.1
2130,2016-08-09,11207.7
2131,2016-08-10,11184.25
2132,2016-08-11,11173.3
2133,2016-08-12,11218.7
2134,2016-08-16,11121.95
2135,2016-08-17,10992.95
2136,2016-08-18,10855.55
2137,2016-08-19,10807.3
2138,2016-08-22,10704.65
2139,2016-08-23,10610.4
2140,2016-08-24,10792.95
2141,2016-08-25,10824.75
2142,2016-08-26,10680.3
2143,2016-08-29,10548.95
2144,2016-08-30,10422.65
2145,2016-08-31,10593.75
2146,2016-09-01,10570.1
2147,2016-09-02,10549.35
2148,2016-09-06,10524.05
2149,2016-09-07,10605.85
2150,2016-09-08,10349.75
2151,2016-09-09,10253.75
2152,2016-09-12,10194.65
2153,2016-09-14,10400.3
2154,2016-09-15,10340.25
2155,2016-09-16,10347.5
2156,2016-09-19,10386.2
2157,2016-09-20,10469.2
2158,2016-09-21,10450.45
2159,2016-09-22,10508.2
2160,2016-09-23,10426.1
2161,2016-09-26,10382.0
2162,2016-09-27,10324.7
2163,2016-09-28,10402.2
2164,2016-09-29,10410.65
2165,2016-09-30,10300.35
2166,2016-10-03,10331.15
2167,2016-10-04,10347.1
2168,2016-10-05,10405.65
2169,2016-10-06,10353.9
2170,2016-10-07,10253.05
2171,2016-10-10,10193.05
2172,2016-10-13,10218.5
2173,2016-10-14,10239.2
2174,2016-10-17,10268.65
2175,2016-10-18,10202.55
2176,2016-10-19,10397.3
2177,2016-10-20,10431.5
2178,2016-10-21,10408.65
2179,2016-10-24,10445.35
2180,2016-10-25,10322.7
2181,2016-10-26,10253.4
2182,2016-10-27,10130.8
2183,2016-10-28,10088.05
2184,2016-10-30,10086.6
2185,2016-11-01,10109.2
2186,2016-11-02,9903.8
2187,2016-11-03,9868.35
2188,2016-11-04,9813.45
2189,2016-11-07,9997.1
2190,2016-11-08,9996.2
2191,2016-11-09,9467.65
2192,2016-11-10,9803.2
2193,2016-11-11,9615.85
2194,2016-11-15,9478.5
2195,2016-11-16,9559.15
2196,2016-11-17,9608.95
2197,2016-11-18,9497.8
2198,2016-11-21,9500.0
2199,2016-11-22,9492.35
2200,2016-11-23,9559.1
2201,2016-11-24,9561.4
2202,2016-11-25,9709.15
2203,2016-11-28,10126.7
2204,2016-11-29,10099.65
2205,2016-11-30,10086.55
2206,2016-12-01,10090.0
2207,2016-12-02,10018.15
2208,2016-12-05,9908.3
2209,2016-12-06,9850.9
2210,2016-12-07,9865.65
2211,2016-12-08,9819.9
2212,2016-12-09,9961.95
2213,2016-12-12,9960.3
2214,2016-12-13,9983.7
2215,2016-12-14,10091.55
2216,2016-12-15,10099.05
2217,2016-12-16,10265.65
2218,2016-12-19,10213.45
2219,2016-12-20,10239.85
2220,2016-12-21,10357.3
2221,2016-12-22,10210.25
2222,2016-12-23,10162.4
2223,2016-12-26,10028.9
2224,2016-12-27,9997.0
2225,2016-12-28,10203.85
2226,2016-12-29,10194.15
2227,2016-12-30,10325.35
2228,2017-01-02,10403.0
2229,2017-01-03,10386.6
2230,2017-01-04,10368.15
2231,2017-01-05,10539.75
2232,2017-01-06,10352.8
2233,2017-01-09,10070.65
2234,2017-01-10,10232.55
2235,2017-01-11,10238.05
2236,2017-01-12,10237.45
2237,2017-01-13,10504.05
2238,2017-01-16,10223.05
2239,2017-01-17,10166.85
2240,2017-01-18,10217.5
2241,2017-01-19,10223.05
2242,2017-01-20,10165.5
2243,2017-01-23,10060.65
2244,2017-01-24,10186.5
2245,2017-01-25,10221.65
2246,2017-01-27,10144.2
2247,2017-01-30,10114.35
2248,2017-01-31,10158.2
2249,2017-02-01,9811.1
2250,2017-02-02,9753.55
2251,2017-02-03,9927.35
2252,2017-02-06,10076.55
2253,2017-02-07,10034.95
2254,2017-02-08,9988.6
2255,2017-02-09,10026.4
2256,2017-02-10,10185.45
2257,2017-02-13,10402.15
2258,2017-02-14,10462.35
2259,2017-02-15,10464.05
2260,2017-02-16,10488.95
2261,2017-02-17,10674.2
2262,2017-02-20,10544.45
2263,2017-02-21,10716.7
2264,2017-02-22,10685.55
2265,2017-02-23,10545.45
2266,2017-02-27,10663.25
2267,2017-02-28,10732.8
2268,2017-03-01,10674.85
2269,2017-03-02,10779.65
2270,2017-03-03,10701.35
2271,2017-03-06,10736.8
2272,2017-03-07,10794.3
2273,2017-03-08,10791.45
2274,2017-03-09,10753.7
2275,2017-03-10,10758.2
2276,2017-03-14,10850.0
2277,2017-03-15,10899.95
2278,2017-03-16,10765.65
2279,2017-03-17,10893.85
2280,2017-03-20,10877.15
2281,2017-03-21,10769.1
2282,2017-03-22,10717.1
2283,2017-03-23,10794.25
2284,2017-03-24,10843.25
2285,2017-03-27,10735.5
2286,2017-03-28,10675.05
2287,2017-03-29,10712.0
2288,2017-03-30,10734.95
2289,2017-03-31,10735.6
2290,2017-04-03,10728.65
2291,2017-04-05,10596.25
2292,2017-04-06,10499.75
2293,2017-04-07,10532.45
2294,2017-04-10,10511.6
2295,2017-04-11,10341.55
2296,2017-04-12,10408.15
2297,2017-04-13,10339.85
2298,2017-04-17,10045.4
2299,2017-04-18,10021.15
2300,2017-04-19,9925.25
2301,2017-04-20,9965.8
2302,2017-04-21,10083.5
2303,2017-04-24,9979.8
2304,2017-04-25,10081.55
2305,2017-04-26,10157.6
2306,2017-04-27,9965.05
2307,2017-04-28,10020.45
2308,2017-05-02,10000.8
2309,2017-05-03,10043.0
2310,2017-05-04,10155.05
2311,2017-05-05,10084.5
2312,2017-05-08,10113.8
2313,2017-05-09,10246.0
2314,2017-05-10,10283.35
2315,2017-05-11,10293.3
2316,2017-05-12,10275.6
2317,2017-05-15,10399.7
2318,2017-05-16,10364.4
2319,2017-05-17,10461.0
2320,2017-05-18,10382.4
2321,2017-05-19,10565.75
2322,2017-05-22,10486.8
2323,2017-05-23,10535.9
2324,2017-05-24,10510.95
2325,2017-05-25,10568.15
2326,2017-05-26,10741.75
2327,2017-05-29,10611.45
2328,2017-05-30,10535.35
2329,2017-05-31,10589.8
2330,2017-06-01,10508.7
2331,2017-06-02,10598.5
2332,2017-06-05,10608.85
2333,2017-06-06,10749.4
2334,2017-06-07,10930.4
2335,2017-06-08,10684.8
2336,2017-06-09,10484.3
2337,2017-06-12,10412.5
2338,2017-06-13,10389.3
2339,2017-06-14,10370.25
2340,2017-06-15,10383.9
2341,2017-06-16,10262.7
2342,2017-06-19,10214.15
2343,2017-06-20,10220.1
2344,2017-06-21,10289.2
2345,2017-06-22,10255.75
2346,2017-06-23,10226.25
2347,2017-06-27,10160.0
2348,2017-06-28,10100.65
2349,2017-06-29,10183.3
2350,2017-06-30,10098.55
2351,2017-07-03,10174.3
2352,2017-07-04,10215.25
2353,2017-07-05,10196.05
2354,2017-07-06,10151.55
2355,2017-07-07,10125.65
2356,2017-07-10,10214.3
2357,2017-07-11,10333.3
2358,2017-07-12,10440.7
2359,2017-07-13,10428.1
2360,2017-07-14,10442.55
2361,2017-07-17,10371.7
2362,2017-07-18,10455.15
2363,2017-07-19,10506.75
2364,2017-07-20,10587.45
2365,2017-07-21,10573.0
2366,2017-07-24,10734.15
2367,2017-07-25,10813.6
2368,2017-07-26,10810.7
2369,2017-07-27,10795.1
2370,2017-07-28,10627.5
2371,2017-07-31,10665.3
2372,2017-08-01,10808.1
2373,2017-08-02,10806.8
2374,2017-08-03,10736.5
2375,2017-08-04,10695.15
2376,2017-08-07,10749.7
2377,2017-08-08,10700.8
2378,2017-08-09,10607.4
2379,2017-08-10,10590.35
2380,2017-08-11,10623.65
2381,2017-08-14,10669.15
2382,2017-08-16,10621.1
2383,2017-08-17,10784.6
2384,2017-08-18,10768.0
2385,2017-08-21,10574.3
2386,2017-08-22,10533.4
2387,2017-08-23,10479.65
2388,2017-08-24,10550.2
2389,2017-08-28,10603.45
2390,2017-08-29,10593.0
2391,2017-08-30,10565.2
2392,2017-08-31,10528.05
2393,2017-09-01,10537.6
2394,2017-09-04,10540.0
2395,2017-09-05,10455.55
2396,2017-09-06,10472.1
2397,2017-09-07,10466.05
2398,2017-09-08,10488.95
2399,2017-09-11,10496.7
2400,2017-09-12,10514.15
2401,2017-09-13,10520.75
2402,2017-09-14,10438.2
2403,2017-09-15,10519.65
2404,2017-09-18,10601.4
2405,2017-09-19,10658.35
2406,2017-09-20,10694.0
2407,2017-09-21,10652.55
2408,2017-09-22,10628.5
2409,2017-09-25,10604.3
2410,2017-09-26,10575.2
2411,2017-09-27,10576.25
2412,2017-09-28,10544.15
2413,2017-09-29,10543.4
2414,2017-10-03,10534.45
2415,2017-10-04,10551.75
2416,2017-10-05,10546.45
2417,2017-10-06,10532.2
2418,2017-10-09,10637.35
2419,2017-10-10,10734.55
2420,2017-10-11,10722.1
2421,2017-10-12,10801.3
2422,2017-10-13,10915.05
2423,2017-10-16,10936.85
2424,2017-10-17,10946.85
2425,2017-10-18,10943.3
2426,2017-10-19,10911.5
2427,2017-10-23,10901.25
2428,2017-10-24,11056.35
2429,2017-10-25,10829.8
2430,2017-10-26,10915.65
2431,2017-10-27,10901.3
2432,2017-10-30,10892.55
2433,2017-10-31,10793.1
2434,2017-11-01,10877.85
2435,2017-11-02,10802.5
2436,2017-11-03,10840.3
2437,2017-11-06,10834.0
2438,2017-11-07,10942.4
2439,2017-11-08,11227.7
2440,2017-11-09,11275.45
2441,2017-11-10,11270.0
2442,2017-11-13,11188.5
2443,2017-11-14,11240.55
2444,2017-11-15,11158.0
2445,2017-11-16,11145.55
2446,2017-11-17,11311.95
2447,2017-11-20,11161.7
2448,2017-11-21,11120.8
2449,2017-11-22,11133.8
2450,2017-11-23,11149.8
2451,2017-11-24,11240.4
2452,2017-11-27,11290.85
2453,2017-11-28,11303.35
2454,2017-11-29,11266.95
2455,2017-11-30,11233.5
2456,2017-12-01,11123.6
2457,2017-12-04,11007.95
2458,2017-12-05,11079.35
2459,2017-12-06,11024.55
2460,2017-12-07,11075.55
2461,2017-12-08,11189.8
2462,2017-12-11,11178.9
2463,2017-12-12,11327.7
2464,2017-12-13,11257.05
2465,2017-12-14,11257.95
2466,2017-12-15,11299.6
2467,2017-12-18,11211.8
2468,2017-12-19,11324.55
2469,2017-12-20,11267.4
2470,2017-12-21,11317.5
2471,2017-12-22,11368.2
2472,2017-12-26,11503.0
2473,2017-12-27,11490.3
2474,2017-12-28,11481.8
2475,2017-12-29,11479.5
2476,2018-01-01,11612.7
2477,2018-01-02,11587.85
2478,2018-01-03,11617.35
2479,2018-01-04,11599.05
2480,2018-01-05,11575.45
2481,2018-01-08,11674.35
2482,2018-01-09,11805.35
2483,2018-01-10,11803.85
2484,2018-01-11,12060.8
2485,2018-01-12,12144.8
2486,2018-01-15,12103.5
2487,2018-01-16,12036.55
2488,2018-01-17,12473.05
2489,2018-01-18,12565.85
2490,2018-01-19,12577.25
2491,2018-01-22,12544.6
2492,2018-01-23,12919.3
2493,2018-01-24,13020.3
2494,2018-01-25,13257.9
2495,2018-01-29,13113.2
2496,2018-01-30,13193.0
2497,2018-01-31,13050.85
2498,2018-02-01,12965.6
2499,2018-02-02,12872.5
2500,2018-02-05,12878.7
2501,2018-02-06,12516.2
2502,2018-02-07,12667.6
2503,2018-02-08,12556.8
2504,2018-02-09,12449.7
2505,2018-02-12,12544.7
2506,2018-02-14,12438.2
2507,2018-02-15,12497.5
2508,2018-02-16,12512.75
2509,2018-02-19,12474.15
2510,2018-02-20,12272.95
2511,2018-02-21,12490.5
2512,2018-02-22,12663.65
2513,2018-02-23,12784.1
2514,2018-02-26,12864.6
2515,2018-02-27,12777.25
2516,2018-02-28,12744.4
2517,2018-03-01,12823.9
2518,2018-03-05,12768.55
2519,2018-03-06,12924.45
2520,2018-03-07,12767.45
2521,2018-03-08,12757.0
2522,2018-03-09,12710.35
2523,2018-03-12,12825.25
2524,2018-03-13,12778.35
2525,2018-03-14,12725.2
2526,2018-03-15,12815.6
2527,2018-03-16,12776.25
2528,2018-03-19,12660.9
2529,2018-03-20,12385.0
2530,2018-03-21,12665.75
2531,2018-03-22,12607.65
2532,2018-03-23,12292.65
2533,2018-03-26,12536.6
2534,2018-03-27,12539.5
2535,2018-03-28,12468.7
2536,2018-04-02,12542.3
2537,2018-04-03,12637.8
2538,2018-04-04,12689.9
2539,2018-04-05,12617.45
2540,2018-04-06,12685.3
2541,2018-04-09,12605.35
2542,2018-04-10,12532.25
2543,2018-04-11,12629.4
2544,2018-04-12,12782.05
2545,2018-04-13,13240.65
2546,2018-04-16,12936.3
2547,2018-04-17,13177.1
2548,2018-04-18,13185.2
2549,2018-04-19,13192.95
2550,2018-04-20,13379.35
2551,2018-04-23,13897.65
2552,2018-04-24,13976.7
2553,2018-04-25,13737.5
2554,2018-04-26,13836.95
2555,2018-04-27,14015.7
2556,2018-04-30,13818.85
2557,2018-05-02,13985.55
2558,2018-05-03,13759.45
2559,2018-05-04,13488.75
2560,2018-05-07,13533.55
2561,2018-05-08,13453.95
2562,2018-05-09,13397.85
2563,2018-05-10,13505.25
2564,2018-05-11,13457.9
2565,2018-05-14,13480.1
2566,2018-05-15,13441.55
2567,2018-05-16,13474.05
2568,2018-05-17,13606.65
2569,2018-05-18,13487.35
2570,2018-05-21,13485.45
2571,2018-05-22,13453.8
2572,2018-05-23,13517.3
2573,2018-05-24,13563.65
2574,2018-05-25,13854.1
2575,2018-05-28,13832.95
2576,2018-05-29,13535.45
2577,2018-05-30,13548.85
2578,2018-05-31,13515.35
2579,2018-06-01,13694.25
2580,2018-06-04,13592.4
2581,2018-06-05,13625.65
2582,2018-06-06,13460.6
2583,2018-06-07,13530.55
2584,2018-06-08,13677.8
2585,2018-06-11,13807.5
2586,2018-06-12,13817.7
2587,2018-06-13,14001.2
2588,2018-06-14,13980.55
2589,2018-06-15,13868.5
2590,2018-06-18,14223.35
2591,2018-06-19,13987.6
2592,2018-06-20,13900.85
2593,2018-06-21,13856.1
2594,2018-06-22,13792.85
2595,2018-06-25,13814.0
2596,2018-06-26,13862.7
2597,2018-06-27,14005.65
2598,2018-06-28,14070.9
2599,2018-06-29,13959.15
2600,2018-07-02,14024.6
2601,2018-07-03,14100.8
2602,2018-07-04,14243.8
2603,2018-07-05,14180.3
2604,2018-07-06,14008.15
2605,2018-07-09,14111.85
2606,2018-07-10,14275.1
2607,2018-07-11,14352.15
2608,2018-07-12,14611.45
2609,2018-07-13,14559.15
2610,2018-07-16,14554.25
2611,2018-07-17,14609.55
2612,2018-07-18,14695.65
2613,2018-07-19,14638.1
2614,2018-07-20,14541.35
2615,2018-07-23,14726.7
2616,2018-07-24,14768.85
2617,2018-07-25,14697.85
2618,2018-07-26,14510.6
2619,2018-07-27,14476.45
2620,2018-07-30,14538.9
2621,2018-07-31,14432.6
2622,2018-08-01,14618.65
2623,2018-08-02,14689.1
2624,2018-08-03,14632.35
2625,2018-08-06,14694.7
2626,2018-08-07,14660.1
2627,2018-08-08,14650.6
2628,2018-08-09,14660.55
2629,2018-08-10,14661.9
2630,2018-08-13,14697.7
2631,2018-08-14,14927.4
2632,2018-08-16,15021.95
2633,2018-08-17,15059.95
2634,2018-08-20,15033.65
2635,2018-08-21,15072.45
2636,2018-08-23,15195.0
2637,2018-08-24,15337.9
2638,2018-08-27,15285.1
2639,2018-08-28,15546.5
2640,2018-08-29,15617.0
2641,2018-08-30,15519.6
2642,2018-08-31,15575.95
2643,2018-09-03,16013.05
2644,2018-09-04,15799.35
2645,2018-09-05,16088.7
2646,2018-09-06,16047.95
2647,2018-09-07,16126.25
2648,2018-09-10,16150.65
2649,2018-09-11,16182.0
2650,2018-09-12,16092.1
2651,2018-09-14,16046.4
2652,2018-09-17,16096.4
2653,2018-09-18,16152.85
2654,2018-09-19,16092.65
2655,2018-09-21,16023.65
2656,2018-09-24,15862.4
2657,2018-09-25,16207.0
2658,2018-09-26,16285.75
2659,2018-09-27,15979.5
2660,2018-09-28,15932.1
2661,2018-10-01,15897.1
2662,2018-10-03,16208.75
2663,2018-10-04,15835.2
2664,2018-10-05,15416.9
2665,2018-10-08,15538.2
2666,2018-10-09,15305.15
2667,2018-10-10,15356.3
2668,2018-10-11,14721.1
2669,2018-10-12,14701.85
2670,2018-10-15,14639.5
2671,2018-10-16,14876.05
2672,2018-10-17,15031.05
2673,2018-10-19,14776.45
2674,2018-10-22,14527.55
2675,2018-10-23,14318.95
2676,2018-10-24,14125.5
2677,2018-10-25,13894.8
2678,2018-10-26,14057.05
2679,2018-10-29,13837.65
2680,2018-10-30,14088.25
2681,2018-10-31,14428.7
2682,2018-11-01,14991.6
2683,2018-11-02,14639.05
2684,2018-11-05,14377.5
2685,2018-11-06,14499.8
2686,2018-11-07,14654.25
2687,2018-11-09,14793.75
2688,2018-11-12,14604.95
2689,2018-11-13,14637.25
2690,2018-11-14,14662.3
2691,2018-11-15,14315.45
2692,2018-11-16,14426.7
2693,2018-11-19,14544.8
2694,2018-11-20,14575.25
2695,2018-11-21,14244.75
2696,2018-11-22,13955.0
2697,2018-11-26,13836.95
2698,2018-11-27,14057.9
2699,2018-11-28,14266.75
2700,2018-11-29,14726.75
2701,2018-11-30,14494.7
2702,2018-12-03,14728.45
2703,2018-12-04,14757.45
2704,2018-12-05,14932.45
2705,2018-12-06,14936.6
2706,2018-12-07,14686.8
2707,2018-12-10,14486.0
2708,2018-12-11,14385.35
2709,2018-12-12,14640.15
2710,2018-12-13,14782.35
2711,2018-12-14,14810.4
2712,2018-12-17,14931.05
2713,2018-12-18,14776.45
2714,2018-12-19,14686.05
2715,2018-12-20,14468.4
2716,2018-12-21,14493.75
2717,2018-12-24,14296.8
2718,2018-12-26,14229.2
2719,2018-12-27,14300.95
2720,2018-12-28,14409.6
2721,2018-12-31,14458.5
2722,2019-01-01,14426.45
2723,2019-01-02,14467.4
2724,2019-01-03,14479.75
2725,2019-01-04,14332.65
2726,2019-01-07,14238.05
2727,2019-01-08,14344.6
2728,2019-01-09,14417.2
2729,2019-01-10,14388.85
2730,2019-01-11,14288.95
2731,2019-01-14,14474.5
2732,2019-01-15,14265.7
2733,2019-01-16,14688.85
2734,2019-01-17,14714.25
2735,2019-01-18,14744.05
2736,2019-01-21,14920.35
2737,2019-01-22,14927.15
2738,2019-01-23,14975.2
2739,2019-01-24,14897.45
2740,2019-01-25,14952.75
2741,2019-01-28,15085.05
2742,2019-01-29,15126.15
2743,2019-01-30,15304.0
2744,2019-01-31,15299.45
2745,2019-02-01,15522.55
2746,2019-02-04,15727.2
2747,2019-02-05,15709.0
2748,2019-02-06,15857.7
2749,2019-02-07,16045.55
2750,2019-02-08,16001.15
2751,2019-02-11,16050.2
2752,2019-02-12,16093.45
2753,2019-02-13,15958.4
2754,2019-02-14,15992.45
2755,2019-02-15,15898.4
2756,2019-02-18,15895.5
2757,2019-02-19,15644.05
2758,2019-02-20,15382.45
2759,2019-02-21,15609.15
2760,2019-02-22,15582.8
2761,2019-02-25,15738.95
2762,2019-02-26,15933.8
2763,2019-02-27,15983.8
2764,2019-02-28,15974.1
2765,2019-03-01,15778.15
2766,2019-03-05,15839.2
2767,2019-03-06,15732.35
2768,2019-03-07,15788.15
2769,2019-03-08,15544.35
2770,2019-03-11,15432.9
2771,2019-03-12,15408.85
2772,2019-03-13,15442.25
2773,2019-03-14,15422.6
2774,2019-03-15,15346.0
2775,2019-03-18,15614.8
2776,2019-03-19,15432.5
2777,2019-03-20,15563.95
2778,2019-03-22,15652.3
2779,2019-03-25,15579.05
2780,2019-03-26,15415.5
2781,2019-03-27,15352.6
2782,2019-03-28,15410.35
2783,2019-03-29,15681.6
2784,2019-04-01,15668.8
2785,2019-04-02,15902.9
2786,2019-04-03,15996.5
2787,2019-04-04,15947.8
2788,2019-04-05,15800.45
2789,2019-04-08,15982.85
2790,2019-04-09,16048.25
2791,2019-04-10,16138.85
2792,2019-04-11,16018.0
2793,2019-04-12,15918.1
2794,2019-04-15,15917.7
2795,2019-04-16,16166.15
2796,2019-04-18,16177.85
2797,2019-04-22,16077.55
2798,2019-04-23,16179.45
2799,2019-04-24,16182.9
2800,2019-04-25,16361.0
2801,2019-04-26,16393.8
2802,2019-04-30,16510.95
2803,2019-05-02,16656.9
2804,2019-05-03,16259.5
2805,2019-05-06,15949.3
2806,2019-05-07,16145.65
2807,2019-05-08,16106.05
2808,2019-05-09,16031.6
2809,2019-05-10,16117.6
2810,2019-05-13,15949.0
2811,2019-05-14,15942.95
2812,2019-05-15,15793.35
2813,2019-05-16,15816.65
2814,2019-05-17,15962.4
2815,2019-05-20,15933.3
2816,2019-05-21,15982.3
2817,2019-05-22,15750.05
2818,2019-05-23,15772.05
2819,2019-05-24,15622.25
2820,2019-05-27,15587.4
2821,2019-05-28,15614.1
2822,2019-05-29,15773.3
2823,2019-05-30,15908.95
2824,2019-05-31,16070.6
2825,2019-06-03,16159.5
2826,2019-06-04,16276.8
2827,2019-06-06,16155.8
2828,2019-06-07,16042.3
2829,2019-06-10,16176.85
2830,2019-06-11,16406.25
2831,2019-06-12,16441.75
2832,2019-06-13,16340.05
2833,2019-06-14,16326.7
2834,2019-06-17,16285.0
2835,2019-06-18,16215.7
2836,2019-06-19,16358.75
2837,2019-06-20,16039.0
2838,2019-06-21,16343.35
2839,2019-06-24,16202.4
2840,2019-06-25,16158.8
2841,2019-06-26,16152.7
2842,2019-06-27,16096.2
2843,2019-06-28,16069.9
2844,2019-07-01,15982.7
2845,2019-07-02,15952.9
2846,2019-07-03,16091.1
2847,2019-07-04,15901.45
2848,2019-07-05,15960.85
2849,2019-07-08,15410.85
2850,2019-07-09,15381.35
2851,2019-07-10,15077.0
2852,2019-07-11,15256.55
2853,2019-07-12,15227.6
2854,2019-07-15,15516.25
2855,2019-07-16,15608.75
2856,2019-07-17,15602.7
2857,2019-07-18,15554.9
2858,2019-07-19,15520.7
2859,2019-07-22,15387.45
2860,2019-07-23,15497.55
2861,2019-07-24,15465.8
2862,2019-07-25,15383.15
2863,2019-07-26,15442.5
2864,2019-07-29,15365.1
2865,2019-07-30,15409.45
2866,2019-07-31,15437.6
2867,2019-08-01,15576.95
2868,2019-08-02,15277.65
2869,2019-08-05,15349.7
2870,2019-08-06,15479.2
2871,2019-08-07,15591.15
2872,2019-08-08,15677.45
2873,2019-08-09,15898.0
2874,2019-08-13,15809.25
2875,2019-08-14,15467.35
2876,2019-08-16,15547.4
2877,2019-08-19,15420.05
2878,2019-08-20,15503.8
2879,2019-08-21,15598.5
2880,2019-08-22,15581.5
2881,2019-08-23,15647.65
2882,2019-08-26,15825.25
2883,2019-08-27,15817.3
2884,2019-08-28,15704.1
2885,2019-08-29,15774.65
2886,2019-08-30,15893.9
2887,2019-09-03,16027.1
2888,2019-09-04,15985.75
2889,2019-09-05,16109.2
2890,2019-09-06,16139.9
2891,2019-09-09,16023.95
2892,2019-09-11,15901.15
2893,2019-09-12,15674.3
2894,2019-09-13,15608.1
2895,2019-09-16,15774.45
2896,2019-09-17,15769.85
2897,2019-09-18,15649.05
2898,2019-09-19,15667.0
2899,2019-09-20,15541.55
2900,2019-09-23,15611.8
2901,2019-09-24,15055.05
2902,2019-09-25,15351.85
2903,2019-09-26,15374.5
2904,2019-09-27,15297.7
2905,2019-09-30,15277.15
2906,2019-10-01,15559.65
2907,2019-10-03,15318.8
2908,2019-10-04,15328.4
2909,2019-10-07,15368.15
2910,2019-10-09,15305.1
2911,2019-10-10,15124.85
2912,2019-10-11,14871.45
2913,2019-10-14,15202.2
2914,2019-10-15,15254.4
2915,2019-10-16,15223.5
2916,2019-10-17,15257.95
2917,2019-10-18,15271.95
2918,2019-10-22,15033.3
2919,2019-10-23,14640.85
2920,2019-10-24,14956.65
2921,2019-10-25,14883.4
2922,2019-10-27,15012.45
2923,2019-10-29,14980.15
2924,2019-10-30,15343.7
2925,2019-10-31,15436.3
2926,2019-11-01,15575.35
2927,2019-11-04,15474.0
2928,2019-11-05,15613.1
2929,2019-11-06,15554.05
2930,2019-11-07,15635.5
2931,2019-11-08,15646.4
2932,2019-11-11,15343.25
2933,2019-11-13,15307.9
2934,2019-11-14,15292.9
2935,2019-11-15,15425.05
2936,2019-11-18,15326.8
2937,2019-11-19,15318.65
2938,2019-11-20,15349.05
2939,2019-11-21,15353.7
2940,2019-11-22,15216.55
2941,2019-11-25,15002.2
2942,2019-11-26,15174.65
2943,2019-11-27,14957.5
2944,2019-11-28,15069.15
2945,2019-11-29,15132.95
2946,2019-12-02,15056.85
2947,2019-12-03,14870.9
2948,2019-12-04,14918.5
2949,2019-12-05,15164.15
2950,2019-12-06,15383.45
2951,2019-12-09,15309.7
2952,2019-12-10,15120.05
2953,2019-12-11,14972.0
2954,2019-12-12,15151.1
2955,2019-12-13,14987.9
2956,2019-12-16,15263.75
2957,2019-12-17,15417.55
2958,2019-12-18,15680.5
2959,2019-12-19,15741.2
2960,2019-12-20,15811.95
2961,2019-12-23,15811.4
2962,2019-12-24,15877.4
2963,2019-12-26,15784.45
2964,2019-12-27,15740.4
2965,2019-12-30,15801.5
2966,2019-12-31,15754.05
2967,2020-01-01,15705.9
2968,2020-01-02,15754.9
2969,2020-01-03,15727.6
2970,2020-01-06,15934.6
2971,2020-01-07,15893.35
2972,2020-01-08,15840.9
2973,2020-01-09,15970.65
2974,2020-01-10,16040.65
2975,2020-01-13,16135.5
2976,2020-01-14,16238.15
2977,2020-01-15,16354.2
2978,2020-01-16,16372.15
2979,2020-01-17,16396.5
2980,2020-01-20,16389.6
2981,2020-01-21,16190.8
2982,2020-01-22,16245.95
2983,2020-01-23,16380.6
2984,2020-01-24,16410.5
2985,2020-01-27,16456.2
2986,2020-01-28,16442.85
2987,2020-01-29,16513.2
2988,2020-01-30,16509.0
2989,2020-01-31,16333.15
2990,2020-02-01,16138.6
2991,2020-02-03,16282.0
2992,2020-02-04,16174.8
2993,2020-02-05,16354.45
2994,2020-02-06,16480.75
2995,2020-02-07,16453.0
2996,2020-02-10,16481.5
2997,2020-02-11,16482.4
2998,2020-02-12,16462.25
2999,2020-02-13,16578.75
3000,2020-02-14,16682.3
3001,2020-02-17,16707.65
3002,2020-02-18,16586.9
3003,2020-02-19,16796.4
3004,2020-02-20,16826.3
3005,2020-02-24,16642.75
3006,2020-02-25,16490.4
3007,2020-02-26,16497.15
3008,2020-02-27,16244.95
3009,2020-02-28,15726.15
3010,2020-03-02,15355.05
3011,2020-03-03,15615.05
3012,2020-03-04,15824.9
3013,2020-03-05,15912.05
3014,2020-03-06,15607.35
3015,2020-03-09,15333.55
3016,2020-03-11,14524.15
3017,2020-03-12,14177.4
3018,2020-03-13,12561.95
3019,2020-03-16,12963.7
3020,2020-03-17,12517.5
3021,2020-03-18,12287.8
3022,2020-03-19,11183.95
3023,2020-03-20,11382.4
3024,2020-03-23,11328.25
3025,2020-03-24,11159.75
3026,2020-03-25,11856.9
3027,2020-03-26,12496.95
3028,2020-03-27,12778.15
3029,2020-03-30,12152.95
3030,2020-03-31,12681.75
3031,2020-04-01,12680.5
3032,2020-04-03,12129.85
3033,2020-04-07,12147.0
3034,2020-04-08,12468.6
3035,2020-04-09,12810.8
3036,2020-04-13,12698.85
3037,2020-04-15,12792.45
3038,2020-04-16,12430.3
3039,2020-04-17,12878.35
3040,2020-04-20,12812.6
3041,2020-04-21,12513.65
3042,2020-04-22,12393.9
3043,2020-04-23,12639.8
3044,2020-04-24,13001.9
3045,2020-04-27,12957.35
3046,2020-04-28,13301.95
3047,2020-04-29,13250.6
3048,2020-04-30,13841.6
3049,2020-05-04,13646.1
3050,2020-05-05,13637.8
3051,2020-05-06,13437.3
3052,2020-05-07,13408.0
3053,2020-05-08,13509.45
3054,2020-05-11,13521.6
3055,2020-05-12,13537.15
3056,2020-05-13,13960.35
3057,2020-05-14,13396.05
3058,2020-05-15,13375.45
3059,2020-05-18,13278.25
3060,2020-05-19,13272.35
3061,2020-05-20,13443.5
3062,2020-05-21,13495.4
3063,2020-05-22,13622.25
3064,2020-05-26,13860.85
3065,2020-05-27,13667.15
3066,2020-05-28,13964.9
3067,2020-05-29,13893.4
3068,2020-06-01,14155.65
3069,2020-06-02,14358.0
3070,2020-06-03,14507.25
3071,2020-06-04,14380.85
3072,2020-06-05,14715.9
3073,2020-06-08,14824.75
3074,2020-06-09,14869.4
3075,2020-06-10,14774.8
3076,2020-06-11,14823.95
3077,2020-06-12,14125.8
3078,2020-06-15,14444.25
3079,2020-06-16,14634.0
3080,2020-06-17,14418.8
3081,2020-06-18,14478.65
3082,2020-06-19,14532.7
3083,2020-06-22,14537.8
3084,2020-06-23,14398.45
3085,2020-06-24,14675.7
3086,2020-06-25,14486.4
3087,2020-06-26,14496.7
3088,2020-06-29,14874.2
3089,2020-06-30,14812.7
3090,2020-07-01,14767.35
3091,2020-07-02,14803.5
3092,2020-07-03,15164.25
3093,2020-07-06,15351.7
3094,2020-07-07,15528.05
3095,2020-07-08,15765.0
3096,2020-07-09,15572.35
3097,2020-07-10,15471.7
3098,2020-07-13,15643.1
3099,2020-07-14,15779.5
3100,2020-07-15,15853.8
3101,2020-07-16,16971.25
3102,2020-07-17,16936.95
3103,2020-07-20,16880.35
3104,2020-07-21,17453.35
3105,2020-07-22,17317.3
3106,2020-07-23,17071.8
3107,2020-07-24,16944.55
3108,2020-07-27,17323.0
3109,2020-07-28,17647.9
3110,2020-07-29,17959.8
3111,2020-07-30,17995.25
3112,2020-07-31,18166.3
3113,2020-08-03,18099.4
3114,2020-08-04,18029.4
3115,2020-08-05,17889.55
3116,2020-08-06,18009.7
3117,2020-08-07,18182.3
3118,2020-08-10,18090.25
3119,2020-08-11,18202.5
3120,2020-08-12,18077.15
3121,2020-08-13,18141.35
3122,2020-08-14,18137.3
3123,2020-08-17,18136.65
3124,2020-08-18,18318.6
3125,2020-08-19,18340.0
3126,2020-08-20,18181.4
3127,2020-08-21,18266.9
3128,2020-08-24,18092.55
3129,2020-08-25,18028.8
3130,2020-08-26,18022.7
3131,2020-08-27,18231.95
3132,2020-08-28,18216.3
3133,2020-08-31,18163.25
3134,2020-09-01,17954.6
3135,2020-09-02,17860.65
3136,2020-09-03,18148.25
3137,2020-09-04,18049.2
3138,2020-09-07,18093.05
3139,2020-09-08,18304.25
3140,2020-09-09,18264.2
3141,2020-09-10,18385.95
3142,2020-09-11,18347.65
3143,2020-09-14,18804.85
3144,2020-09-15,19511.5
3145,2020-09-16,19642.3
3146,2020-09-17,19660.45
3147,2020-09-18,19889.95
3148,2020-09-21,19855.55
3149,2020-09-22,19813.35
3150,2020-09-23,20016.8
3151,2020-09-24,19630.3
3152,2020-09-25,19108.75
3153,2020-09-28,19774.75
3154,2020-09-29,19891.05
3155,2020-09-30,19880.6
3156,2020-10-01,20129.8
