,Date,NIFTY AUTO
0,2008-01-01,
1,2008-01-02,
2,2008-01-03,
3,2008-01-04,
4,2008-01-07,
5,2008-01-08,
6,2008-01-09,
7,2008-01-10,
8,2008-01-11,
9,2008-01-14,
10,2008-01-15,
11,2008-01-16,
12,2008-01-17,
13,2008-01-18,
14,2008-01-21,
15,2008-01-22,
16,2008-01-23,
17,2008-01-24,
18,2008-01-25,
19,2008-01-28,
20,2008-01-29,
21,2008-01-30,
22,2008-01-31,
23,2008-02-01,
24,2008-02-04,
25,2008-02-05,
26,2008-02-06,
27,2008-02-07,
28,2008-02-08,
29,2008-02-11,
30,2008-02-12,
31,2008-02-13,
32,2008-02-14,
33,2008-02-15,
34,2008-02-18,
35,2008-02-19,
36,2008-02-20,
37,2008-02-21,
38,2008-02-22,
39,2008-02-25,
40,2008-02-26,
41,2008-02-27,
42,2008-02-28,
43,2008-02-29,
44,2008-03-03,
45,2008-03-04,
46,2008-03-05,
47,2008-03-07,
48,2008-03-10,
49,2008-03-11,
50,2008-03-12,
51,2008-03-13,
52,2008-03-14,
53,2008-03-17,
54,2008-03-18,
55,2008-03-19,
56,2008-03-24,
57,2008-03-25,
58,2008-03-26,
59,2008-03-27,
60,2008-03-28,
61,2008-03-31,
62,2008-04-01,
63,2008-04-02,
64,2008-04-03,
65,2008-04-04,
66,2008-04-07,
67,2008-04-08,
68,2008-04-09,
69,2008-04-10,
70,2008-04-11,
71,2008-04-15,
72,2008-04-16,
73,2008-04-17,
74,2008-04-21,
75,2008-04-22,
76,2008-04-23,
77,2008-04-24,
78,2008-04-25,
79,2008-04-28,
80,2008-04-29,
81,2008-04-30,
82,2008-05-02,
83,2008-05-05,
84,2008-05-06,
85,2008-05-07,
86,2008-05-08,
87,2008-05-09,
88,2008-05-12,
89,2008-05-13,
90,2008-05-14,
91,2008-05-15,
92,2008-05-16,
93,2008-05-20,
94,2008-05-21,
95,2008-05-22,
96,2008-05-23,
97,2008-05-26,
98,2008-05-27,
99,2008-05-28,
100,2008-05-29,
101,2008-05-30,
102,2008-06-02,
103,2008-06-03,
104,2008-06-04,
105,2008-06-05,
106,2008-06-06,
107,2008-06-09,
108,2008-06-10,
109,2008-06-11,
110,2008-06-12,
111,2008-06-13,
112,2008-06-16,
113,2008-06-17,
114,2008-06-18,
115,2008-06-19,
116,2008-06-20,
117,2008-06-23,
118,2008-06-24,
119,2008-06-25,
120,2008-06-26,
121,2008-06-27,
122,2008-06-30,
123,2008-07-01,
124,2008-07-02,
125,2008-07-03,
126,2008-07-04,
127,2008-07-07,
128,2008-07-08,
129,2008-07-09,
130,2008-07-10,
131,2008-07-11,
132,2008-07-14,
133,2008-07-15,
134,2008-07-16,
135,2008-07-17,
136,2008-07-18,
137,2008-07-21,
138,2008-07-22,
139,2008-07-23,
140,2008-07-24,
141,2008-07-25,
142,2008-07-28,
143,2008-07-29,
144,2008-07-30,
145,2008-07-31,
146,2008-08-01,
147,2008-08-04,
148,2008-08-05,
149,2008-08-06,
150,2008-08-07,
151,2008-08-08,
152,2008-08-11,
153,2008-08-12,
154,2008-08-13,
155,2008-08-14,
156,2008-08-18,
157,2008-08-19,
158,2008-08-20,
159,2008-08-21,
160,2008-08-22,
161,2008-08-25,
162,2008-08-26,
163,2008-08-27,
164,2008-08-28,
165,2008-08-29,
166,2008-09-01,
167,2008-09-02,
168,2008-09-04,
169,2008-09-05,
170,2008-09-08,
171,2008-09-09,
172,2008-09-10,
173,2008-09-11,
174,2008-09-12,
175,2008-09-15,
176,2008-09-16,
177,2008-09-17,
178,2008-09-18,
179,2008-09-19,
180,2008-09-22,
181,2008-09-23,
182,2008-09-24,
183,2008-09-25,
184,2008-09-26,
185,2008-09-29,
186,2008-09-30,
187,2008-10-01,
188,2008-10-03,
189,2008-10-06,
190,2008-10-07,
191,2008-10-08,
192,2008-10-10,
193,2008-10-13,
194,2008-10-14,
195,2008-10-15,
196,2008-10-16,
197,2008-10-17,
198,2008-10-20,
199,2008-10-21,
200,2008-10-22,
201,2008-10-23,
202,2008-10-24,
203,2008-10-27,
204,2008-10-28,
205,2008-10-29,
206,2008-10-31,
207,2008-11-03,
208,2008-11-04,
209,2008-11-05,
210,2008-11-06,
211,2008-11-07,
212,2008-11-10,
213,2008-11-11,
214,2008-11-12,
215,2008-11-14,
216,2008-11-17,
217,2008-11-18,
218,2008-11-19,
219,2008-11-20,
220,2008-11-21,
221,2008-11-24,
222,2008-11-25,
223,2008-11-26,
224,2008-11-28,
225,2008-12-01,
226,2008-12-02,
227,2008-12-03,
228,2008-12-04,
229,2008-12-05,
230,2008-12-08,
231,2008-12-10,
232,2008-12-11,
233,2008-12-12,
234,2008-12-15,
235,2008-12-16,
236,2008-12-17,
237,2008-12-18,
238,2008-12-19,
239,2008-12-22,
240,2008-12-23,
241,2008-12-24,
242,2008-12-26,
243,2008-12-29,
244,2008-12-30,
245,2008-12-31,
246,2009-01-01,
247,2009-01-02,
248,2009-01-05,
249,2009-01-06,
250,2009-01-07,
251,2009-01-09,
252,2009-01-12,
253,2009-01-13,
254,2009-01-14,
255,2009-01-15,
256,2009-01-16,
257,2009-01-19,
258,2009-01-20,
259,2009-01-21,
260,2009-01-22,
261,2009-01-23,
262,2009-01-27,
263,2009-01-28,
264,2009-01-29,
265,2009-01-30,
266,2009-02-02,
267,2009-02-03,
268,2009-02-04,
269,2009-02-05,
270,2009-02-06,
271,2009-02-09,
272,2009-02-10,
273,2009-02-11,
274,2009-02-12,
275,2009-02-13,
276,2009-02-16,
277,2009-02-17,
278,2009-02-18,
279,2009-02-19,
280,2009-02-20,
281,2009-02-24,
282,2009-02-25,
283,2009-02-26,
284,2009-02-27,
285,2009-03-02,
286,2009-03-03,
287,2009-03-04,
288,2009-03-05,
289,2009-03-06,
290,2009-03-09,
291,2009-03-12,
292,2009-03-13,
293,2009-03-16,
294,2009-03-17,
295,2009-03-18,
296,2009-03-19,
297,2009-03-20,
298,2009-03-23,
299,2009-03-24,
300,2009-03-25,
301,2009-03-26,
302,2009-03-27,
303,2009-03-30,
304,2009-03-31,
305,2009-04-01,
306,2009-04-02,
307,2009-04-06,
308,2009-04-08,
309,2009-04-09,
310,2009-04-13,
311,2009-04-15,
312,2009-04-16,
313,2009-04-17,
314,2009-04-20,
315,2009-04-21,
316,2009-04-22,
317,2009-04-23,
318,2009-04-24,
319,2009-04-27,
320,2009-04-28,
321,2009-04-29,
322,2009-05-04,
323,2009-05-05,
324,2009-05-06,
325,2009-05-07,
326,2009-05-08,
327,2009-05-11,
328,2009-05-12,
329,2009-05-13,
330,2009-05-14,
331,2009-05-15,
332,2009-05-18,
333,2009-05-19,
334,2009-05-20,
335,2009-05-21,
336,2009-05-22,
337,2009-05-25,
338,2009-05-26,
339,2009-05-27,
340,2009-05-28,
341,2009-05-29,
342,2009-06-01,
343,2009-06-02,
344,2009-06-03,
345,2009-06-04,
346,2009-06-05,
347,2009-06-08,
348,2009-06-09,
349,2009-06-10,
350,2009-06-11,
351,2009-06-12,
352,2009-06-15,
353,2009-06-16,
354,2009-06-17,
355,2009-06-18,
356,2009-06-19,
357,2009-06-22,
358,2009-06-23,
359,2009-06-24,
360,2009-06-25,
361,2009-06-26,
362,2009-06-29,
363,2009-06-30,
364,2009-07-01,
365,2009-07-02,
366,2009-07-03,
367,2009-07-06,
368,2009-07-07,
369,2009-07-08,
370,2009-07-09,
371,2009-07-10,
372,2009-07-13,
373,2009-07-14,
374,2009-07-15,
375,2009-07-16,
376,2009-07-17,
377,2009-07-20,
378,2009-07-21,
379,2009-07-22,
380,2009-07-23,
381,2009-07-24,
382,2009-07-27,
383,2009-07-28,
384,2009-07-29,
385,2009-07-30,
386,2009-07-31,
387,2009-08-03,
388,2009-08-04,
389,2009-08-05,
390,2009-08-06,
391,2009-08-07,
392,2009-08-10,
393,2009-08-11,
394,2009-08-12,
395,2009-08-13,
396,2009-08-14,
397,2009-08-17,
398,2009-08-18,
399,2009-08-19,
400,2009-08-20,
401,2009-08-21,
402,2009-08-24,
403,2009-08-25,
404,2009-08-26,
405,2009-08-27,
406,2009-08-28,
407,2009-08-31,
408,2009-09-01,
409,2009-09-02,
410,2009-09-03,
411,2009-09-04,
412,2009-09-07,
413,2009-09-08,
414,2009-09-09,
415,2009-09-10,
416,2009-09-11,
417,2009-09-14,
418,2009-09-15,
419,2009-09-16,
420,2009-09-17,
421,2009-09-18,
422,2009-09-22,
423,2009-09-23,
424,2009-09-24,
425,2009-09-25,
426,2009-09-29,
427,2009-09-30,
428,2009-10-01,
429,2009-10-05,
430,2009-10-06,
431,2009-10-07,
432,2009-10-08,
433,2009-10-09,
434,2009-10-12,
435,2009-10-14,
436,2009-10-15,
437,2009-10-16,
438,2009-10-17,
439,2009-10-20,
440,2009-10-21,
441,2009-10-22,
442,2009-10-23,
443,2009-10-26,
444,2009-10-27,
445,2009-10-28,
446,2009-10-29,
447,2009-10-30,
448,2009-11-03,
449,2009-11-04,
450,2009-11-05,
451,2009-11-06,
452,2009-11-09,
453,2009-11-10,
454,2009-11-11,
455,2009-11-12,
456,2009-11-13,
457,2009-11-16,
458,2009-11-17,
459,2009-11-18,
460,2009-11-19,
461,2009-11-20,
462,2009-11-23,
463,2009-11-24,
464,2009-11-25,
465,2009-11-26,
466,2009-11-27,
467,2009-11-30,
468,2009-12-01,
469,2009-12-02,
470,2009-12-03,
471,2009-12-04,
472,2009-12-07,
473,2009-12-08,
474,2009-12-09,
475,2009-12-10,
476,2009-12-11,
477,2009-12-14,
478,2009-12-15,
479,2009-12-16,
480,2009-12-17,
481,2009-12-18,
482,2009-12-21,
483,2009-12-22,
484,2009-12-23,
485,2009-12-24,
486,2009-12-29,
487,2009-12-30,
488,2009-12-31,
489,2010-01-04,
490,2010-01-05,
491,2010-01-06,
492,2010-01-07,
493,2010-01-08,
494,2010-01-11,
495,2010-01-12,
496,2010-01-13,
497,2010-01-14,
498,2010-01-15,
499,2010-01-18,
500,2010-01-19,
501,2010-01-20,
502,2010-01-21,
503,2010-01-22,
504,2010-01-25,
505,2010-01-27,
506,2010-01-28,
507,2010-01-29,
508,2010-02-01,
509,2010-02-02,
510,2010-02-03,
511,2010-02-04,
512,2010-02-05,
513,2010-02-06,
514,2010-02-08,
515,2010-02-09,
516,2010-02-10,
517,2010-02-11,
518,2010-02-15,
519,2010-02-16,
520,2010-02-17,
521,2010-02-18,
522,2010-02-19,
523,2010-02-22,
524,2010-02-23,
525,2010-02-24,
526,2010-02-25,
527,2010-02-26,
528,2010-03-02,
529,2010-03-03,
530,2010-03-04,
531,2010-03-05,
532,2010-03-08,
533,2010-03-09,
534,2010-03-10,
535,2010-03-11,
536,2010-03-12,
537,2010-03-15,
538,2010-03-16,
539,2010-03-17,
540,2010-03-18,
541,2010-03-19,
542,2010-03-22,
543,2010-03-23,
544,2010-03-25,
545,2010-03-26,
546,2010-03-29,
547,2010-03-30,
548,2010-03-31,
549,2010-04-01,
550,2010-04-05,
551,2010-04-06,
552,2010-04-07,
553,2010-04-08,
554,2010-04-09,
555,2010-04-12,
556,2010-04-13,
557,2010-04-15,
558,2010-04-16,
559,2010-04-19,
560,2010-04-20,
561,2010-04-21,
562,2010-04-22,
563,2010-04-23,
564,2010-04-26,
565,2010-04-27,
566,2010-04-28,
567,2010-04-29,
568,2010-04-30,
569,2010-05-03,
570,2010-05-04,
571,2010-05-05,
572,2010-05-06,
573,2010-05-07,
574,2010-05-10,
575,2010-05-11,
576,2010-05-12,
577,2010-05-13,
578,2010-05-14,
579,2010-05-17,
580,2010-05-18,
581,2010-05-19,
582,2010-05-20,
583,2010-05-21,
584,2010-05-24,
585,2010-05-25,
586,2010-05-26,
587,2010-05-27,
588,2010-05-28,
589,2010-05-31,
590,2010-06-01,
591,2010-06-02,
592,2010-06-03,
593,2010-06-04,
594,2010-06-07,
595,2010-06-08,
596,2010-06-09,
597,2010-06-10,
598,2010-06-11,
599,2010-06-14,
600,2010-06-15,
601,2010-06-16,
602,2010-06-17,
603,2010-06-18,
604,2010-06-21,
605,2010-06-22,
606,2010-06-23,
607,2010-06-24,
608,2010-06-25,
609,2010-06-28,
610,2010-06-29,
611,2010-06-30,
612,2010-07-01,
613,2010-07-02,
614,2010-07-05,
615,2010-07-06,
616,2010-07-07,
617,2010-07-08,
618,2010-07-09,
619,2010-07-12,
620,2010-07-13,
621,2010-07-14,
622,2010-07-15,
623,2010-07-16,
624,2010-07-19,
625,2010-07-20,
626,2010-07-21,
627,2010-07-22,
628,2010-07-23,
629,2010-07-26,
630,2010-07-27,
631,2010-07-28,
632,2010-07-29,
633,2010-07-30,
634,2010-08-02,
635,2010-08-03,
636,2010-08-04,
637,2010-08-05,
638,2010-08-06,
639,2010-08-09,
640,2010-08-10,
641,2010-08-11,
642,2010-08-12,
643,2010-08-13,
644,2010-08-16,
645,2010-08-17,
646,2010-08-18,
647,2010-08-19,
648,2010-08-20,
649,2010-08-23,
650,2010-08-24,
651,2010-08-25,
652,2010-08-26,
653,2010-08-27,
654,2010-08-30,
655,2010-08-31,
656,2010-09-01,
657,2010-09-02,
658,2010-09-03,
659,2010-09-06,
660,2010-09-07,
661,2010-09-08,
662,2010-09-09,
663,2010-09-13,
664,2010-09-14,
665,2010-09-15,
666,2010-09-16,
667,2010-09-17,
668,2010-09-20,
669,2010-09-21,
670,2010-09-22,
671,2010-09-23,
672,2010-09-24,
673,2010-09-27,
674,2010-09-28,
675,2010-09-29,
676,2010-09-30,
677,2010-10-01,
678,2010-10-04,
679,2010-10-05,
680,2010-10-06,
681,2010-10-07,
682,2010-10-08,
683,2010-10-11,
684,2010-10-12,
685,2010-10-13,
686,2010-10-14,
687,2010-10-15,
688,2010-10-18,
689,2010-10-19,
690,2010-10-20,
691,2010-10-21,
692,2010-10-22,
693,2010-10-25,
694,2010-10-26,
695,2010-10-27,
696,2010-10-28,
697,2010-10-29,
698,2010-11-01,
699,2010-11-02,
700,2010-11-03,
701,2010-11-04,
702,2010-11-05,
703,2010-11-08,
704,2010-11-09,
705,2010-11-10,
706,2010-11-11,
707,2010-11-12,
708,2010-11-15,
709,2010-11-16,
710,2010-11-18,
711,2010-11-19,
712,2010-11-22,
713,2010-11-23,
714,2010-11-24,
715,2010-11-25,
716,2010-11-26,
717,2010-11-29,
718,2010-11-30,
719,2010-12-01,
720,2010-12-02,
721,2010-12-03,
722,2010-12-06,
723,2010-12-07,
724,2010-12-08,
725,2010-12-09,
726,2010-12-10,
727,2010-12-13,
728,2010-12-14,
729,2010-12-15,
730,2010-12-16,
731,2010-12-20,
732,2010-12-21,
733,2010-12-22,
734,2010-12-23,
735,2010-12-24,
736,2010-12-27,
737,2010-12-28,
738,2010-12-29,
739,2010-12-30,
740,2010-12-31,
741,2011-01-03,
742,2011-01-04,
743,2011-01-05,
744,2011-01-06,
745,2011-01-07,
746,2011-01-10,
747,2011-01-11,
748,2011-01-12,
749,2011-01-13,
750,2011-01-14,
751,2011-01-17,
752,2011-01-18,
753,2011-01-19,
754,2011-01-20,
755,2011-01-21,
756,2011-01-24,
757,2011-01-25,
758,2011-01-27,
759,2011-01-28,
760,2011-01-31,
761,2011-02-01,
762,2011-02-02,
763,2011-02-03,
764,2011-02-04,
765,2011-02-07,
766,2011-02-08,
767,2011-02-09,
768,2011-02-10,
769,2011-02-11,
770,2011-02-14,
771,2011-02-15,
772,2011-02-16,
773,2011-02-17,
774,2011-02-18,
775,2011-02-21,
776,2011-02-22,
777,2011-02-23,
778,2011-02-24,
779,2011-02-25,
780,2011-02-28,
781,2011-03-01,
782,2011-03-03,
783,2011-03-04,
784,2011-03-07,
785,2011-03-08,
786,2011-03-09,
787,2011-03-10,
788,2011-03-11,
789,2011-03-14,
790,2011-03-15,
791,2011-03-16,
792,2011-03-17,
793,2011-03-18,
794,2011-03-21,
795,2011-03-22,
796,2011-03-23,
797,2011-03-24,
798,2011-03-25,
799,2011-03-28,
800,2011-03-29,
801,2011-03-30,
802,2011-03-31,
803,2011-04-01,
804,2011-04-04,
805,2011-04-05,
806,2011-04-06,
807,2011-04-07,
808,2011-04-08,
809,2011-04-11,
810,2011-04-13,
811,2011-04-15,
812,2011-04-18,
813,2011-04-19,
814,2011-04-20,
815,2011-04-21,
816,2011-04-25,
817,2011-04-26,
818,2011-04-27,
819,2011-04-28,
820,2011-04-29,
821,2011-05-02,
822,2011-05-03,
823,2011-05-04,
824,2011-05-05,
825,2011-05-06,
826,2011-05-09,
827,2011-05-10,
828,2011-05-11,
829,2011-05-12,
830,2011-05-13,
831,2011-05-16,
832,2011-05-17,
833,2011-05-18,
834,2011-05-19,
835,2011-05-20,
836,2011-05-23,
837,2011-05-24,
838,2011-05-25,
839,2011-05-26,
840,2011-05-27,
841,2011-05-30,
842,2011-05-31,
843,2011-06-01,
844,2011-06-02,
845,2011-06-03,
846,2011-06-06,
847,2011-06-07,
848,2011-06-08,
849,2011-06-09,
850,2011-06-10,
851,2011-06-13,
852,2011-06-14,
853,2011-06-15,
854,2011-06-16,
855,2011-06-17,
856,2011-06-20,
857,2011-06-21,
858,2011-06-22,
859,2011-06-23,
860,2011-06-24,
861,2011-06-27,
862,2011-06-28,
863,2011-06-29,
864,2011-06-30,
865,2011-07-01,
866,2011-07-04,
867,2011-07-05,
868,2011-07-06,
869,2011-07-07,
870,2011-07-08,
871,2011-07-11,
872,2011-07-12,
873,2011-07-13,
874,2011-07-14,
875,2011-07-15,
876,2011-07-18,
877,2011-07-19,
878,2011-07-20,
879,2011-07-21,
880,2011-07-22,
881,2011-07-25,
882,2011-07-26,
883,2011-07-27,
884,2011-07-28,
885,2011-07-29,
886,2011-08-01,
887,2011-08-02,
888,2011-08-03,
889,2011-08-04,
890,2011-08-05,
891,2011-08-08,
892,2011-08-09,
893,2011-08-10,
894,2011-08-11,
895,2011-08-12,
896,2011-08-16,
897,2011-08-17,
898,2011-08-18,
899,2011-08-19,
900,2011-08-22,
901,2011-08-23,
902,2011-08-24,
903,2011-08-25,
904,2011-08-26,
905,2011-08-29,
906,2011-08-30,
907,2011-09-02,
908,2011-09-05,
909,2011-09-06,
910,2011-09-07,
911,2011-09-08,
912,2011-09-09,
913,2011-09-12,
914,2011-09-13,
915,2011-09-14,
916,2011-09-15,
917,2011-09-16,
918,2011-09-19,
919,2011-09-20,
920,2011-09-21,
921,2011-09-22,
922,2011-09-23,
923,2011-09-26,
924,2011-09-27,
925,2011-09-28,
926,2011-09-29,
927,2011-09-30,
928,2011-10-03,3530.5
929,2011-10-04,3515.6
930,2011-10-05,3473.2
931,2011-10-07,3521.75
932,2011-10-10,3514.8
933,2011-10-11,3637.95
934,2011-10-12,3650.95
935,2011-10-13,3724.1
936,2011-10-14,3639.65
937,2011-10-17,3720.65
938,2011-10-18,3715.4
939,2011-10-19,3730.45
940,2011-10-20,3726.9
941,2011-10-21,3724.15
942,2011-10-24,3740.35
943,2011-10-25,3779.6
944,2011-10-26,3880.9
945,2011-10-28,3951.35
946,2011-10-31,3966.35
947,2011-11-01,3916.2
948,2011-11-02,3839.5
949,2011-11-03,3853.0
950,2011-11-04,3897.4
951,2011-11-08,3877.05
952,2011-11-09,3874.25
953,2011-11-11,3786.05
954,2011-11-14,3842.65
955,2011-11-15,3720.7
956,2011-11-16,3687.65
957,2011-11-17,3667.8
958,2011-11-18,3581.65
959,2011-11-21,3544.15
960,2011-11-22,3495.65
961,2011-11-23,3498.6
962,2011-11-24,3455.35
963,2011-11-25,3514.7
964,2011-11-28,3528.5
965,2011-11-29,3548.95
966,2011-11-30,3536.5
967,2011-12-01,3614.35
968,2011-12-02,3603.75
969,2011-12-05,3675.8
970,2011-12-07,3688.85
971,2011-12-08,3701.95
972,2011-12-09,3596.05
973,2011-12-12,3592.85
974,2011-12-13,3440.8
975,2011-12-14,3488.3
976,2011-12-15,3422.8
977,2011-12-16,3416.2
978,2011-12-19,3368.65
979,2011-12-20,3390.1
980,2011-12-21,3362.55
981,2011-12-22,3336.65
982,2011-12-23,3464.8
983,2011-12-26,3454.7
984,2011-12-27,3480.35
985,2011-12-28,3453.85
986,2011-12-29,3394.25
987,2011-12-30,3411.85
988,2012-01-02,3413.35
989,2012-01-03,3379.1
990,2012-01-04,3416.9
991,2012-01-05,3385.85
992,2012-01-06,3404.75
993,2012-01-07,3423.3
994,2012-01-09,3401.0
995,2012-01-10,3409.75
996,2012-01-11,3504.95
997,2012-01-12,3490.9
998,2012-01-13,3556.95
999,2012-01-16,3510.05
1000,2012-01-17,3589.7
1001,2012-01-18,3653.05
1002,2012-01-19,3634.25
1003,2012-01-20,3646.9
1004,2012-01-23,3664.55
1005,2012-01-24,3693.05
1006,2012-01-25,3743.35
1007,2012-01-27,3800.9
1008,2012-01-30,3800.85
1009,2012-01-31,3777.2
1010,2012-02-01,3846.95
1011,2012-02-02,3950.25
1012,2012-02-03,3932.4
1013,2012-02-06,3981.75
1014,2012-02-07,4013.15
1015,2012-02-08,3940.0
1016,2012-02-09,3960.0
1017,2012-02-10,4034.85
1018,2012-02-13,4034.9
1019,2012-02-14,4073.3
1020,2012-02-15,4217.3
1021,2012-02-16,4263.9
1022,2012-02-17,4336.55
1023,2012-02-21,4280.85
1024,2012-02-22,4289.15
1025,2012-02-23,4218.9
1026,2012-02-24,4209.6
1027,2012-02-27,4185.95
1028,2012-02-28,4057.5
1029,2012-02-29,4186.55
1030,2012-03-01,4154.85
1031,2012-03-02,4149.15
1032,2012-03-03,4116.65
1033,2012-03-05,4094.8
1034,2012-03-06,4081.85
1035,2012-03-07,4062.9
1036,2012-03-09,4123.35
1037,2012-03-12,4191.7
1038,2012-03-13,4209.25
1039,2012-03-14,4229.2
1040,2012-03-15,4234.8
1041,2012-03-16,4196.75
1042,2012-03-19,4225.15
1043,2012-03-20,4198.1
1044,2012-03-21,4134.75
1045,2012-03-22,4179.2
1046,2012-03-23,4121.2
1047,2012-03-26,4151.3
1048,2012-03-27,4134.75
1049,2012-03-28,4100.25
1050,2012-03-29,4062.4
1051,2012-03-30,4126.1
1052,2012-04-02,4244.5
1053,2012-04-03,4234.1
1054,2012-04-04,4194.35
1055,2012-04-09,4168.15
1056,2012-04-10,4151.2
1057,2012-04-11,4162.5
1058,2012-04-12,4187.95
1059,2012-04-13,4227.2
1060,2012-04-16,4228.65
1061,2012-04-17,4311.75
1062,2012-04-18,4345.35
1063,2012-04-19,4411.6
1064,2012-04-20,4457.25
1065,2012-04-23,4466.5
1066,2012-04-24,4388.95
1067,2012-04-25,4388.55
1068,2012-04-26,4429.45
1069,2012-04-27,4385.95
1070,2012-04-28,4394.75
1071,2012-04-30,4395.1
1072,2012-05-02,4432.2
1073,2012-05-03,4331.85
1074,2012-05-04,4227.05
1075,2012-05-07,4134.0
1076,2012-05-08,4241.2
1077,2012-05-09,4103.35
1078,2012-05-10,4112.0
1079,2012-05-11,4051.4
1080,2012-05-14,4103.85
1081,2012-05-15,4046.25
1082,2012-05-16,3988.35
1083,2012-05-17,3989.25
1084,2012-05-18,3889.25
1085,2012-05-21,3873.05
1086,2012-05-22,3936.0
1087,2012-05-23,3855.75
1088,2012-05-24,3846.5
1089,2012-05-25,3881.1
1090,2012-05-28,3895.45
1091,2012-05-29,3973.55
1092,2012-05-30,3879.05
1093,2012-05-31,3770.7
1094,2012-06-01,3742.2
1095,2012-06-04,3636.95
1096,2012-06-05,3696.85
1097,2012-06-06,3704.8
1098,2012-06-07,3836.2
1099,2012-06-08,3858.1
1100,2012-06-11,3889.4
1101,2012-06-12,3821.7
1102,2012-06-13,3910.4
1103,2012-06-14,3854.45
1104,2012-06-15,3795.75
1105,2012-06-18,3902.45
1106,2012-06-19,3848.0
1107,2012-06-20,3867.0
1108,2012-06-21,3878.0
1109,2012-06-22,3884.8
1110,2012-06-25,3929.2
1111,2012-06-26,3889.75
1112,2012-06-27,3923.05
1113,2012-06-28,3888.9
1114,2012-06-29,3922.5
1115,2012-07-02,3960.5
1116,2012-07-03,3959.8
1117,2012-07-04,3959.5
1118,2012-07-05,3954.3
1119,2012-07-06,4001.7
1120,2012-07-09,3963.6
1121,2012-07-10,3954.95
1122,2012-07-11,3988.55
1123,2012-07-12,3940.3
1124,2012-07-13,3921.6
1125,2012-07-16,3932.5
1126,2012-07-17,3910.7
1127,2012-07-18,3828.5
1128,2012-07-19,3872.15
1129,2012-07-20,3818.15
1130,2012-07-23,3818.45
1131,2012-07-24,3765.8
1132,2012-07-25,3741.45
1133,2012-07-26,3742.25
1134,2012-07-27,3751.95
1135,2012-07-30,3747.6
1136,2012-07-31,3818.2
1137,2012-08-01,3823.2
1138,2012-08-02,3809.1
1139,2012-08-03,3784.85
1140,2012-08-06,3824.4
1141,2012-08-07,3857.8
1142,2012-08-08,3919.8
1143,2012-08-09,3964.05
1144,2012-08-10,3953.95
1145,2012-08-13,3928.7
1146,2012-08-14,3918.25
1147,2012-08-16,3963.7
1148,2012-08-17,3999.35
1149,2012-08-21,4022.6
1150,2012-08-22,4052.7
1151,2012-08-23,4079.6
1152,2012-08-24,4023.5
1153,2012-08-27,4045.05
1154,2012-08-28,4018.95
1155,2012-08-29,3982.75
1156,2012-08-30,3910.1
1157,2012-08-31,3924.7
1158,2012-09-03,3897.05
1159,2012-09-04,3900.15
1160,2012-09-05,3909.8
1161,2012-09-06,3879.75
1162,2012-09-07,3966.6
1163,2012-09-08,4004.55
1164,2012-09-10,4008.2
1165,2012-09-11,4011.4
1166,2012-09-12,4042.25
1167,2012-09-13,4092.9
1168,2012-09-14,4120.75
1169,2012-09-17,4241.65
1170,2012-09-18,4257.8
1171,2012-09-20,4222.85
1172,2012-09-21,4269.15
1173,2012-09-24,4319.15
1174,2012-09-25,4360.05
1175,2012-09-26,4293.5
1176,2012-09-27,4312.75
1177,2012-09-28,4328.5
1178,2012-10-01,4378.9
1179,2012-10-03,4392.95
1180,2012-10-04,4408.25
1181,2012-10-05,4408.3
1182,2012-10-08,4409.95
1183,2012-10-09,4363.55
1184,2012-10-10,4321.15
1185,2012-10-11,4321.1
1186,2012-10-12,4326.35
1187,2012-10-15,4309.1
1188,2012-10-16,4289.35
1189,2012-10-17,4288.2
1190,2012-10-18,4291.85
1191,2012-10-19,4331.6
1192,2012-10-22,4287.8
1193,2012-10-23,4288.65
1194,2012-10-25,4258.0
1195,2012-10-26,4280.1
1196,2012-10-29,4330.35
1197,2012-10-30,4325.55
1198,2012-10-31,4265.25
1199,2012-11-01,4342.65
1200,2012-11-02,4465.4
1201,2012-11-05,4485.0
1202,2012-11-06,4449.3
1203,2012-11-07,4442.95
1204,2012-11-08,4446.6
1205,2012-11-09,4515.2
1206,2012-11-12,4504.45
1207,2012-11-13,4491.45
1208,2012-11-15,4441.7
1209,2012-11-16,4440.75
1210,2012-11-19,4380.6
1211,2012-11-20,4443.4
1212,2012-11-21,4448.15
1213,2012-11-22,4439.75
1214,2012-11-23,4420.8
1215,2012-11-26,4457.1
1216,2012-11-27,4451.3
1217,2012-11-29,4492.0
1218,2012-11-30,4569.1
1219,2012-12-03,4559.3
1220,2012-12-04,4569.45
1221,2012-12-05,4560.55
1222,2012-12-06,4575.3
1223,2012-12-07,4598.05
1224,2012-12-10,4621.1
1225,2012-12-11,4603.35
1226,2012-12-12,4617.35
1227,2012-12-13,4676.85
1228,2012-12-14,4683.8
1229,2012-12-17,4705.4
1230,2012-12-18,4766.2
1231,2012-12-19,4793.95
1232,2012-12-20,4849.6
1233,2012-12-21,4784.55
1234,2012-12-24,4767.6
1235,2012-12-26,4767.3
1236,2012-12-27,4804.2
1237,2012-12-28,4798.35
1238,2012-12-31,4802.25
1239,2013-01-01,4859.1
1240,2013-01-02,4893.25
1241,2013-01-03,4934.5
1242,2013-01-04,4901.6
1243,2013-01-07,4913.2
1244,2013-01-08,4924.5
1245,2013-01-09,4937.7
1246,2013-01-10,4978.55
1247,2013-01-11,4980.5
1248,2013-01-14,4908.9
1249,2013-01-15,4896.95
1250,2013-01-16,4892.9
1251,2013-01-17,4796.5
1252,2013-01-18,4807.7
1253,2013-01-21,4786.65
1254,2013-01-22,4764.0
1255,2013-01-23,4738.5
1256,2013-01-24,4587.1
1257,2013-01-25,4585.55
1258,2013-01-28,4688.3
1259,2013-01-29,4710.95
1260,2013-01-30,4691.85
1261,2013-01-31,4650.6
1262,2013-02-01,4649.45
1263,2013-02-04,4647.3
1264,2013-02-05,4598.6
1265,2013-02-06,4634.1
1266,2013-02-07,4593.3
1267,2013-02-08,4636.75
1268,2013-02-11,4592.7
1269,2013-02-12,4584.15
1270,2013-02-13,4656.7
1271,2013-02-14,4630.05
1272,2013-02-15,4518.25
1273,2013-02-18,4581.2
1274,2013-02-19,4583.8
1275,2013-02-20,4634.05
1276,2013-02-21,4593.85
1277,2013-02-22,4534.9
1278,2013-02-25,4550.2
1279,2013-02-26,4528.5
1280,2013-02-27,4444.9
1281,2013-02-28,4511.0
1282,2013-03-01,4441.7
1283,2013-03-04,4474.25
1284,2013-03-05,4449.8
1285,2013-03-06,4543.9
1286,2013-03-07,4526.1
1287,2013-03-08,4589.3
1288,2013-03-11,4609.8
1289,2013-03-12,4596.35
1290,2013-03-13,4578.55
1291,2013-03-14,4509.2
1292,2013-03-15,4540.7
1293,2013-03-18,4473.45
1294,2013-03-19,4456.75
1295,2013-03-20,4365.75
1296,2013-03-21,4370.55
1297,2013-03-22,4304.55
1298,2013-03-25,4313.75
1299,2013-03-26,4237.25
1300,2013-03-28,4241.75
1301,2013-04-01,4215.1
1302,2013-04-02,4179.45
1303,2013-04-03,4198.85
1304,2013-04-04,4089.1
1305,2013-04-05,4091.2
1306,2013-04-08,4131.9
1307,2013-04-09,4152.45
1308,2013-04-10,4152.9
1309,2013-04-11,4221.4
1310,2013-04-12,4175.5
1311,2013-04-15,4145.15
1312,2013-04-16,4118.6
1313,2013-04-17,4267.65
1314,2013-04-18,4279.3
1315,2013-04-22,4409.65
1316,2013-04-23,4423.35
1317,2013-04-25,4455.9
1318,2013-04-26,4533.2
1319,2013-04-29,4591.35
1320,2013-04-30,4607.1
1321,2013-05-02,4591.8
1322,2013-05-03,4634.45
1323,2013-05-06,4584.95
1324,2013-05-07,4663.6
1325,2013-05-08,4721.85
1326,2013-05-09,4688.7
1327,2013-05-10,4680.8
1328,2013-05-11,4763.65
1329,2013-05-13,4760.35
1330,2013-05-14,4678.1
1331,2013-05-15,4700.35
1332,2013-05-16,4774.8
1333,2013-05-17,4751.7
1334,2013-05-20,4769.65
1335,2013-05-21,4804.75
1336,2013-05-22,4749.3
1337,2013-05-23,4671.5
1338,2013-05-24,4664.25
1339,2013-05-27,4629.85
1340,2013-05-28,4673.25
1341,2013-05-29,4753.95
1342,2013-05-30,4785.35
1343,2013-05-31,4843.5
1344,2013-06-03,4734.45
1345,2013-06-04,4715.75
1346,2013-06-05,4693.25
1347,2013-06-06,4684.85
1348,2013-06-07,4702.65
1349,2013-06-10,4670.3
1350,2013-06-11,4605.3
1351,2013-06-12,4552.25
1352,2013-06-13,4504.9
1353,2013-06-14,4468.85
1354,2013-06-17,4569.15
1355,2013-06-18,4616.95
1356,2013-06-19,4601.6
1357,2013-06-20,4532.5
1358,2013-06-21,4481.3
1359,2013-06-24,4487.15
1360,2013-06-25,4446.65
1361,2013-06-26,4447.4
1362,2013-06-27,4416.6
1363,2013-06-28,4447.6
1364,2013-07-01,4523.1
1365,2013-07-02,4602.85
1366,2013-07-03,4544.2
1367,2013-07-04,4568.3
1368,2013-07-05,4625.0
1369,2013-07-08,4539.35
1370,2013-07-09,4534.35
1371,2013-07-10,4528.4
1372,2013-07-11,4511.9
1373,2013-07-12,4496.35
1374,2013-07-15,4480.0
1375,2013-07-16,4456.15
1376,2013-07-17,4505.9
1377,2013-07-18,4444.95
1378,2013-07-19,4466.4
1379,2013-07-22,4515.85
1380,2013-07-23,4595.5
1381,2013-07-24,4579.5
1382,2013-07-25,4531.35
1383,2013-07-26,4572.8
1384,2013-07-29,4508.6
1385,2013-07-30,4538.3
1386,2013-07-31,4419.75
1387,2013-08-01,4486.05
1388,2013-08-02,4421.5
1389,2013-08-05,4399.2
1390,2013-08-06,4350.65
1391,2013-08-07,4318.05
1392,2013-08-08,4299.1
1393,2013-08-12,4377.35
1394,2013-08-13,4390.25
1395,2013-08-14,4522.35
1396,2013-08-16,4611.25
1397,2013-08-19,4475.7
1398,2013-08-20,4321.05
1399,2013-08-21,4322.0
1400,2013-08-22,4191.8
1401,2013-08-23,4302.2
1402,2013-08-26,4378.9
1403,2013-08-27,4322.4
1404,2013-08-28,4217.05
1405,2013-08-29,4262.1
1406,2013-08-30,4363.65
1407,2013-09-02,4320.5
1408,2013-09-03,4367.35
1409,2013-09-04,4328.65
1410,2013-09-05,4452.25
1411,2013-09-06,4454.35
1412,2013-09-10,4465.45
1413,2013-09-11,4687.55
1414,2013-09-12,4721.4
1415,2013-09-13,4623.95
1416,2013-09-16,4716.1
1417,2013-09-17,4661.65
1418,2013-09-18,4745.2
1419,2013-09-19,4812.85
1420,2013-09-20,4832.6
1421,2013-09-23,4747.75
1422,2013-09-24,4706.5
1423,2013-09-25,4787.65
1424,2013-09-26,4766.65
1425,2013-09-27,4773.8
1426,2013-09-30,4726.75
1427,2013-10-01,4699.7
1428,2013-10-03,4750.8
1429,2013-10-04,4840.7
1430,2013-10-07,4890.75
1431,2013-10-08,4923.6
1432,2013-10-09,4873.95
1433,2013-10-10,4922.45
1434,2013-10-11,5041.8
1435,2013-10-14,5104.45
1436,2013-10-15,5124.75
1437,2013-10-17,5091.2
1438,2013-10-18,5045.15
1439,2013-10-21,5098.55
1440,2013-10-22,5132.2
1441,2013-10-23,5109.7
1442,2013-10-24,5059.85
1443,2013-10-25,5073.7
1444,2013-10-28,5050.45
1445,2013-10-29,5067.0
1446,2013-10-30,5173.1
1447,2013-10-31,5149.0
1448,2013-11-01,5172.55
1449,2013-11-03,5256.35
1450,2013-11-05,5237.3
1451,2013-11-06,5260.0
1452,2013-11-07,5219.5
1453,2013-11-08,5159.25
1454,2013-11-11,5112.1
1455,2013-11-12,5093.55
1456,2013-11-13,4998.9
1457,2013-11-14,5079.85
1458,2013-11-18,5210.9
1459,2013-11-19,5246.85
1460,2013-11-20,5245.25
1461,2013-11-21,5163.8
1462,2013-11-22,5155.0
1463,2013-11-25,5115.05
1464,2013-11-26,5180.3
1465,2013-11-27,5216.55
1466,2013-11-28,5284.55
1467,2013-11-29,5283.5
1468,2013-12-02,5269.7
1469,2013-12-03,5301.0
1470,2013-12-04,5273.9
1471,2013-12-05,5314.55
1472,2013-12-06,5235.5
1473,2013-12-09,5385.9
1474,2013-12-10,5360.75
1475,2013-12-11,5318.0
1476,2013-12-12,5264.25
1477,2013-12-13,5177.25
1478,2013-12-16,5177.15
1479,2013-12-17,5180.55
1480,2013-12-18,5150.2
1481,2013-12-19,5251.6
1482,2013-12-20,5203.7
1483,2013-12-23,5326.15
1484,2013-12-24,5330.7
1485,2013-12-26,5349.95
1486,2013-12-27,5319.25
1487,2013-12-30,5336.0
1488,2013-12-31,5297.8
1489,2014-01-01,5304.55
1490,2014-01-02,5289.55
1491,2014-01-03,5220.7
1492,2014-01-06,5224.7
1493,2014-01-07,5215.6
1494,2014-01-08,5220.05
1495,2014-01-09,5268.35
1496,2014-01-10,5223.1
1497,2014-01-13,5185.1
1498,2014-01-14,5196.7
1499,2014-01-15,5204.0
1500,2014-01-16,5252.8
1501,2014-01-17,5188.55
1502,2014-01-20,5196.05
1503,2014-01-21,5243.8
1504,2014-01-22,5268.45
1505,2014-01-23,5302.2
1506,2014-01-24,5222.2
1507,2014-01-27,5093.15
1508,2014-01-28,4986.35
1509,2014-01-29,5050.35
1510,2014-01-30,4994.5
1511,2014-01-31,5014.05
1512,2014-02-03,4983.6
1513,2014-02-04,4864.75
1514,2014-02-05,4938.4
1515,2014-02-06,5018.85
1516,2014-02-07,5090.85
1517,2014-02-10,5113.4
1518,2014-02-11,5197.15
1519,2014-02-12,5184.55
1520,2014-02-13,5197.1
1521,2014-02-14,5193.0
1522,2014-02-17,5222.8
1523,2014-02-18,5257.4
1524,2014-02-19,5290.9
1525,2014-02-20,5263.5
1526,2014-02-21,5276.45
1527,2014-02-24,5288.75
1528,2014-02-25,5330.7
1529,2014-02-26,5335.7
1530,2014-02-28,5428.15
1531,2014-03-03,5450.85
1532,2014-03-04,5399.35
1533,2014-03-05,5461.05
1534,2014-03-06,5450.45
1535,2014-03-07,5491.85
1536,2014-03-10,5503.85
1537,2014-03-11,5540.65
1538,2014-03-12,5496.15
1539,2014-03-13,5520.3
1540,2014-03-14,5475.35
1541,2014-03-18,5620.1
1542,2014-03-19,5581.7
1543,2014-03-20,5535.05
1544,2014-03-21,5516.05
1545,2014-03-22,5553.6
1546,2014-03-24,5576.05
1547,2014-03-25,5612.7
1548,2014-03-26,5682.8
1549,2014-03-27,5705.3
1550,2014-03-28,5757.1
1551,2014-03-31,5771.4
1552,2014-04-01,5838.55
1553,2014-04-02,5854.05
1554,2014-04-03,5904.35
1555,2014-04-04,5883.1
1556,2014-04-07,5804.0
1557,2014-04-09,5854.1
1558,2014-04-10,5936.75
1559,2014-04-11,5929.85
1560,2014-04-15,5886.15
1561,2014-04-16,5813.45
1562,2014-04-17,5809.95
1563,2014-04-21,5899.2
1564,2014-04-22,6001.15
1565,2014-04-23,5975.25
1566,2014-04-25,5990.8
1567,2014-04-28,5954.4
1568,2014-04-29,5914.6
1569,2014-04-30,5868.95
1570,2014-05-02,5866.55
1571,2014-05-05,5817.8
1572,2014-05-06,5867.5
1573,2014-05-07,5874.55
1574,2014-05-08,5862.2
1575,2014-05-09,5880.1
1576,2014-05-12,6012.5
1577,2014-05-13,6226.65
1578,2014-05-14,6206.2
1579,2014-05-15,6222.25
1580,2014-05-16,6305.05
1581,2014-05-19,6338.85
1582,2014-05-20,6264.6
1583,2014-05-21,6278.0
1584,2014-05-22,6377.25
1585,2014-05-23,6349.15
1586,2014-05-26,6505.75
1587,2014-05-27,6530.45
1588,2014-05-28,6438.05
1589,2014-05-29,6361.85
1590,2014-05-30,6340.2
1591,2014-06-02,6391.1
1592,2014-06-03,6475.8
1593,2014-06-04,6534.35
1594,2014-06-05,6576.8
1595,2014-06-06,6651.1
1596,2014-06-09,6754.75
1597,2014-06-10,6864.2
1598,2014-06-11,6820.65
1599,2014-06-12,6778.6
1600,2014-06-13,6869.6
1601,2014-06-16,6719.9
1602,2014-06-17,6678.2
1603,2014-06-18,6741.3
1604,2014-06-19,6680.4
1605,2014-06-20,6668.5
1606,2014-06-23,6615.65
1607,2014-06-24,6657.9
1608,2014-06-25,6726.95
1609,2014-06-26,6836.75
1610,2014-06-27,6796.05
1611,2014-06-30,6759.1
1612,2014-07-01,6793.6
1613,2014-07-02,7019.4
1614,2014-07-03,7089.65
1615,2014-07-04,7159.9
1616,2014-07-07,7194.7
1617,2014-07-08,7232.2
1618,2014-07-09,7036.85
1619,2014-07-10,6854.65
1620,2014-07-11,6803.9
1621,2014-07-14,6701.6
1622,2014-07-15,6817.4
1623,2014-07-16,6919.65
1624,2014-07-17,6935.05
1625,2014-07-18,6948.4
1626,2014-07-21,7009.95
1627,2014-07-22,7006.35
1628,2014-07-23,7032.25
1629,2014-07-24,7032.85
1630,2014-07-25,7042.2
1631,2014-07-28,6934.2
1632,2014-07-30,6921.65
1633,2014-07-31,6964.25
1634,2014-08-01,6859.2
1635,2014-08-04,6860.4
1636,2014-08-05,6971.95
1637,2014-08-06,7058.45
1638,2014-08-07,7016.2
1639,2014-08-08,6944.3
1640,2014-08-11,6983.4
1641,2014-08-12,7263.75
1642,2014-08-13,7217.6
1643,2014-08-14,7239.15
1644,2014-08-18,7274.65
1645,2014-08-19,7412.05
1646,2014-08-20,7577.8
1647,2014-08-21,7546.25
1648,2014-08-22,7598.65
1649,2014-08-25,7614.95
1650,2014-08-26,7532.3
1651,2014-08-27,7632.1
1652,2014-08-28,7676.35
1653,2014-09-01,7711.3
1654,2014-09-02,7801.15
1655,2014-09-03,7855.4
1656,2014-09-04,7849.8
1657,2014-09-05,7849.35
1658,2014-09-08,7857.6
1659,2014-09-09,7897.45
1660,2014-09-10,7879.85
1661,2014-09-11,7897.35
1662,2014-09-12,7944.55
1663,2014-09-15,7972.35
1664,2014-09-16,7968.65
1665,2014-09-17,7872.15
1666,2014-09-18,7886.75
1667,2014-09-19,8139.6
1668,2014-09-22,8026.25
1669,2014-09-23,8153.95
1670,2014-09-24,7985.15
1671,2014-09-25,7949.45
1672,2014-09-26,7837.45
1673,2014-09-29,7942.9
1674,2014-09-30,7920.75
1675,2014-10-01,7908.8
1676,2014-10-07,7897.75
1677,2014-10-08,7846.35
1678,2014-10-09,7922.0
1679,2014-10-10,7907.2
1680,2014-10-13,7694.4
1681,2014-10-14,7770.1
1682,2014-10-16,7664.9
1683,2014-10-17,7558.75
1684,2014-10-20,7699.85
1685,2014-10-21,7751.35
1686,2014-10-22,7844.95
1687,2014-10-23,8024.25
1688,2014-10-27,8035.5
1689,2014-10-28,7949.85
1690,2014-10-29,8046.2
1691,2014-10-30,8091.0
1692,2014-10-31,8156.2
1693,2014-11-03,8193.7
1694,2014-11-05,8190.9
1695,2014-11-07,8169.35
1696,2014-11-10,8128.45
1697,2014-11-11,8133.8
1698,2014-11-12,8200.1
1699,2014-11-13,8320.5
1700,2014-11-14,8272.95
1701,2014-11-17,8271.05
1702,2014-11-18,8426.95
1703,2014-11-19,8470.05
1704,2014-11-20,8425.9
1705,2014-11-21,8359.2
1706,2014-11-24,8386.6
1707,2014-11-25,8412.85
1708,2014-11-26,8287.8
1709,2014-11-27,8326.45
1710,2014-11-28,8411.65
1711,2014-12-01,8579.25
1712,2014-12-02,8530.5
1713,2014-12-03,8540.75
1714,2014-12-04,8647.35
1715,2014-12-05,8600.95
1716,2014-12-08,8612.05
1717,2014-12-09,8446.9
1718,2014-12-10,8304.65
1719,2014-12-11,8372.55
1720,2014-12-12,8304.6
1721,2014-12-15,8237.15
1722,2014-12-16,8205.9
1723,2014-12-17,8048.95
1724,2014-12-18,8075.35
1725,2014-12-19,8231.9
1726,2014-12-22,8194.7
1727,2014-12-23,8307.7
1728,2014-12-24,8273.85
1729,2014-12-26,8193.3
1730,2014-12-29,8231.95
1731,2014-12-30,8347.2
1732,2014-12-31,8232.15
1733,2015-01-01,8271.25
1734,2015-01-02,8322.6
1735,2015-01-05,8366.4
1736,2015-01-06,8400.0
1737,2015-01-07,8226.75
1738,2015-01-08,8330.5
1739,2015-01-09,8467.95
1740,2015-01-12,8387.05
1741,2015-01-13,8415.45
1742,2015-01-14,8408.5
1743,2015-01-15,8541.0
1744,2015-01-16,8604.6
1745,2015-01-19,8629.4
1746,2015-01-20,8704.9
1747,2015-01-21,8783.5
1748,2015-01-22,8797.2
1749,2015-01-23,8932.75
1750,2015-01-27,9026.7
1751,2015-01-28,9062.25
1752,2015-01-29,9043.0
1753,2015-01-30,9085.65
1754,2015-02-02,8951.8
1755,2015-02-03,9030.9
1756,2015-02-04,8946.85
1757,2015-02-05,8818.45
1758,2015-02-06,8661.85
1759,2015-02-09,8408.25
1760,2015-02-10,8271.5
1761,2015-02-11,8478.65
1762,2015-02-12,8585.15
1763,2015-02-13,8688.35
1764,2015-02-16,8797.95
1765,2015-02-18,8783.9
1766,2015-02-19,8929.9
1767,2015-02-20,8910.5
1768,2015-02-23,8907.35
1769,2015-02-24,8830.85
1770,2015-02-25,8811.2
1771,2015-02-26,8791.95
1772,2015-02-27,8696.45
1773,2015-02-28,8857.6
1774,2015-03-02,9000.8
1775,2015-03-03,8890.8
1776,2015-03-04,8911.05
1777,2015-03-05,8807.95
1778,2015-03-09,8789.1
1779,2015-03-10,8756.9
1780,2015-03-11,8763.1
1781,2015-03-12,8798.0
1782,2015-03-13,8906.65
1783,2015-03-16,8732.45
1784,2015-03-17,8765.7
1785,2015-03-18,8810.25
1786,2015-03-19,8813.7
1787,2015-03-20,8698.15
1788,2015-03-23,8604.3
1789,2015-03-24,8599.65
1790,2015-03-25,8511.7
1791,2015-03-26,8451.7
1792,2015-03-27,8415.1
1793,2015-03-30,8487.4
1794,2015-03-31,8605.8
1795,2015-04-01,8622.1
1796,2015-04-06,8749.5
1797,2015-04-07,8813.65
1798,2015-04-08,8843.45
1799,2015-04-09,8867.45
1800,2015-04-10,8852.25
1801,2015-04-13,8885.6
1802,2015-04-15,8803.95
1803,2015-04-16,8704.1
1804,2015-04-17,8654.1
1805,2015-04-20,8587.9
1806,2015-04-21,8406.3
1807,2015-04-22,8316.2
1808,2015-04-23,8337.65
1809,2015-04-24,8242.5
1810,2015-04-27,8193.0
1811,2015-04-28,8133.35
1812,2015-04-29,8335.3
1813,2015-04-30,8264.45
1814,2015-05-04,8260.4
1815,2015-05-05,8350.05
1816,2015-05-06,8304.9
1817,2015-05-07,8065.45
1818,2015-05-08,8060.5
1819,2015-05-11,8273.1
1820,2015-05-12,8422.7
1821,2015-05-13,8348.95
1822,2015-05-14,8404.45
1823,2015-05-15,8508.0
1824,2015-05-18,8537.75
1825,2015-05-19,8579.25
1826,2015-05-20,8554.05
1827,2015-05-21,8498.15
1828,2015-05-22,8560.25
1829,2015-05-25,8557.7
1830,2015-05-26,8575.0
1831,2015-05-27,8410.7
1832,2015-05-28,8392.8
1833,2015-05-29,8398.6
1834,2015-06-01,8527.0
1835,2015-06-02,8515.35
1836,2015-06-03,8314.8
1837,2015-06-04,8193.05
1838,2015-06-05,8089.55
1839,2015-06-08,8085.5
1840,2015-06-09,7968.05
1841,2015-06-10,7963.35
1842,2015-06-11,8137.6
1843,2015-06-12,7889.7
1844,2015-06-15,7939.95
1845,2015-06-16,8015.55
1846,2015-06-17,8130.15
1847,2015-06-18,8175.65
1848,2015-06-19,8277.75
1849,2015-06-22,8337.8
1850,2015-06-23,8414.45
1851,2015-06-24,8429.15
1852,2015-06-25,8304.8
1853,2015-06-26,8397.9
1854,2015-06-29,8285.75
1855,2015-06-30,8328.45
1856,2015-07-01,8401.3
1857,2015-07-02,8508.8
1858,2015-07-03,8552.9
1859,2015-07-06,8380.05
1860,2015-07-07,8540.55
1861,2015-07-08,8415.5
1862,2015-07-09,8276.65
1863,2015-07-10,8273.25
1864,2015-07-13,8292.75
1865,2015-07-14,8393.5
1866,2015-07-15,8321.75
1867,2015-07-16,8410.15
1868,2015-07-17,8461.05
1869,2015-07-20,8509.1
1870,2015-07-21,8484.3
1871,2015-07-22,8431.2
1872,2015-07-23,8561.15
1873,2015-07-24,8567.95
1874,2015-07-27,8433.0
1875,2015-07-28,8316.75
1876,2015-07-29,8307.45
1877,2015-07-30,8434.6
1878,2015-07-31,8433.1
1879,2015-08-03,8572.0
1880,2015-08-04,8655.1
1881,2015-08-05,8727.25
1882,2015-08-06,8799.85
1883,2015-08-07,8789.1
1884,2015-08-10,8762.55
1885,2015-08-11,8765.3
1886,2015-08-12,8576.85
1887,2015-08-13,8446.7
1888,2015-08-14,8495.45
1889,2015-08-17,8654.85
1890,2015-08-18,8639.6
1891,2015-08-19,8657.25
1892,2015-08-20,8660.6
1893,2015-08-21,8482.55
1894,2015-08-24,8080.9
1895,2015-08-25,7836.65
1896,2015-08-26,7888.2
1897,2015-08-27,8015.8
1898,2015-08-28,8051.4
1899,2015-08-31,8005.35
1900,2015-09-01,7877.5
1901,2015-09-02,7780.45
1902,2015-09-03,7698.35
1903,2015-09-04,7710.6
1904,2015-09-07,7592.55
1905,2015-09-08,7491.5
1906,2015-09-09,7698.45
1907,2015-09-10,7717.85
1908,2015-09-11,7932.35
1909,2015-09-14,7902.1
1910,2015-09-15,7889.0
1911,2015-09-16,7820.25
1912,2015-09-18,7814.4
1913,2015-09-21,7772.45
1914,2015-09-22,7892.3
1915,2015-09-23,7620.5
1916,2015-09-24,7710.9
1917,2015-09-28,7749.55
1918,2015-09-29,7491.95
1919,2015-09-30,7691.6
1920,2015-10-01,7816.75
1921,2015-10-05,7787.15
1922,2015-10-06,7957.65
1923,2015-10-07,7949.05
1924,2015-10-08,8098.0
1925,2015-10-09,8074.0
1926,2015-10-12,8070.05
1927,2015-10-13,8059.9
1928,2015-10-14,8052.2
1929,2015-10-15,8049.65
1930,2015-10-16,8245.8
1931,2015-10-19,8269.0
1932,2015-10-20,8260.0
1933,2015-10-21,8262.05
1934,2015-10-23,8337.5
1935,2015-10-26,8265.85
1936,2015-10-27,8218.4
1937,2015-10-28,8266.45
1938,2015-10-29,8220.35
1939,2015-10-30,8188.25
1940,2015-11-02,8132.6
1941,2015-11-03,8140.9
1942,2015-11-04,8160.5
1943,2015-11-05,8224.05
1944,2015-11-06,8173.95
1945,2015-11-09,7921.75
1946,2015-11-10,8230.55
1947,2015-11-11,8299.5
1948,2015-11-13,8263.8
1949,2015-11-16,8155.6
1950,2015-11-17,8221.3
1951,2015-11-18,8253.95
1952,2015-11-19,8252.25
1953,2015-11-20,8308.05
1954,2015-11-23,8335.1
1955,2015-11-24,8368.9
1956,2015-11-26,8360.8
1957,2015-11-27,8493.5
1958,2015-11-30,8468.4
1959,2015-12-01,8527.2
1960,2015-12-02,8429.8
1961,2015-12-03,8388.95
1962,2015-12-04,8286.1
1963,2015-12-07,8276.6
1964,2015-12-08,8191.95
1965,2015-12-09,8199.25
1966,2015-12-10,8123.8
1967,2015-12-11,8106.0
1968,2015-12-14,7858.75
1969,2015-12-15,7991.0
1970,2015-12-16,8059.8
1971,2015-12-17,8080.05
1972,2015-12-18,8123.0
1973,2015-12-21,8092.65
1974,2015-12-22,8159.7
1975,2015-12-23,8136.15
1976,2015-12-24,8134.1
1977,2015-12-28,8157.6
1978,2015-12-29,8232.75
1979,2015-12-30,8276.8
1980,2015-12-31,8246.65
1981,2016-01-01,8260.55
1982,2016-01-04,8306.3
1983,2016-01-05,8181.9
1984,2016-01-06,8118.35
1985,2016-01-07,7943.15
1986,2016-01-08,7759.7
1987,2016-01-11,7668.0
1988,2016-01-12,7788.0
1989,2016-01-13,7784.1
1990,2016-01-14,7688.45
1991,2016-01-15,7701.75
1992,2016-01-18,7531.9
1993,2016-01-19,7461.45
1994,2016-01-20,7453.8
1995,2016-01-21,7430.8
1996,2016-01-22,7345.4
1997,2016-01-25,7611.2
1998,2016-01-27,7540.35
1999,2016-01-28,7481.7
2000,2016-01-29,7411.35
2001,2016-02-01,7629.25
2002,2016-02-02,7595.4
2003,2016-02-03,7403.15
2004,2016-02-04,7411.25
2005,2016-02-05,7413.9
2006,2016-02-08,7513.45
2007,2016-02-09,7351.5
2008,2016-02-10,7277.4
2009,2016-02-11,7218.45
2010,2016-02-12,7003.1
2011,2016-02-15,7127.55
2012,2016-02-16,7435.75
2013,2016-02-17,7254.95
2014,2016-02-18,7398.45
2015,2016-02-19,7346.75
2016,2016-02-22,7447.95
2017,2016-02-23,7500.95
2018,2016-02-24,7318.95
2019,2016-02-25,7286.1
2020,2016-02-26,7248.8
2021,2016-02-29,7174.5
2022,2016-03-01,7096.95
2023,2016-03-02,7494.8
2024,2016-03-03,7510.55
2025,2016-03-04,7604.05
2026,2016-03-08,7614.45
2027,2016-03-09,7556.3
2028,2016-03-10,7719.05
2029,2016-03-11,7680.45
2030,2016-03-14,7791.7
2031,2016-03-15,7790.45
2032,2016-03-16,7696.7
2033,2016-03-17,7742.5
2034,2016-03-18,7681.6
2035,2016-03-21,7785.35
2036,2016-03-22,7882.6
2037,2016-03-23,7964.6
2038,2016-03-28,8010.55
2039,2016-03-29,7880.95
2040,2016-03-30,8031.7
2041,2016-03-31,8086.4
2042,2016-04-01,8073.65
2043,2016-04-04,8093.1
2044,2016-04-05,8092.35
2045,2016-04-06,7902.35
2046,2016-04-07,7918.75
2047,2016-04-08,7830.8
2048,2016-04-11,7848.7
2049,2016-04-12,8011.0
2050,2016-04-13,8191.65
2051,2016-04-18,8396.15
2052,2016-04-20,8401.45
2053,2016-04-21,8395.7
2054,2016-04-22,8310.6
2055,2016-04-25,8392.05
2056,2016-04-26,8299.2
2057,2016-04-27,8453.75
2058,2016-04-28,8480.1
2059,2016-04-29,8296.85
2060,2016-05-02,8263.5
2061,2016-05-03,8346.5
2062,2016-05-04,8229.4
2063,2016-05-05,8117.15
2064,2016-05-06,8111.0
2065,2016-05-09,8222.3
2066,2016-05-10,8309.5
2067,2016-05-11,8150.35
2068,2016-05-12,8199.1
2069,2016-05-13,8215.2
2070,2016-05-16,8196.0
2071,2016-05-17,8223.45
2072,2016-05-18,8175.7
2073,2016-05-19,8154.45
2074,2016-05-20,8100.1
2075,2016-05-23,8128.95
2076,2016-05-24,8021.85
2077,2016-05-25,8117.65
2078,2016-05-26,8256.05
2079,2016-05-27,8327.7
2080,2016-05-30,8404.9
2081,2016-05-31,8669.75
2082,2016-06-01,8733.45
2083,2016-06-02,8638.95
2084,2016-06-03,8752.1
2085,2016-06-06,8763.0
2086,2016-06-07,8819.9
2087,2016-06-08,8816.0
2088,2016-06-09,8849.6
2089,2016-06-10,8765.65
2090,2016-06-13,8600.9
2091,2016-06-14,8622.1
2092,2016-06-15,8646.05
2093,2016-06-16,8649.05
2094,2016-06-17,8670.7
2095,2016-06-20,8635.15
2096,2016-06-21,8827.65
2097,2016-06-22,8847.75
2098,2016-06-23,8790.95
2099,2016-06-24,8461.45
2100,2016-06-27,8629.8
2101,2016-06-28,8618.5
2102,2016-06-29,8697.85
2103,2016-06-30,8832.0
2104,2016-07-01,8901.55
2105,2016-07-04,8959.5
2106,2016-07-05,8951.65
2107,2016-07-07,8850.4
2108,2016-07-08,8851.55
2109,2016-07-11,8954.65
2110,2016-07-12,9076.35
2111,2016-07-13,9132.65
2112,2016-07-14,9044.5
2113,2016-07-15,9109.35
2114,2016-07-18,9237.45
2115,2016-07-19,9236.95
2116,2016-07-20,9258.35
2117,2016-07-21,9306.7
2118,2016-07-22,9236.8
2119,2016-07-25,9293.2
2120,2016-07-26,9383.75
2121,2016-07-27,9297.15
2122,2016-07-28,9354.55
2123,2016-07-29,9418.2
2124,2016-08-01,9531.95
2125,2016-08-02,9567.45
2126,2016-08-03,9494.7
2127,2016-08-04,9426.5
2128,2016-08-05,9512.9
2129,2016-08-08,9798.2
2130,2016-08-09,9840.25
2131,2016-08-10,9782.0
2132,2016-08-11,9550.05
2133,2016-08-12,9541.9
2134,2016-08-16,9622.55
2135,2016-08-17,9581.2
2136,2016-08-18,9675.2
2137,2016-08-19,9695.55
2138,2016-08-22,9643.2
2139,2016-08-23,9542.5
2140,2016-08-24,9552.85
2141,2016-08-25,9565.45
2142,2016-08-26,9524.15
2143,2016-08-29,9641.45
2144,2016-08-30,9742.75
2145,2016-08-31,9878.9
2146,2016-09-01,9932.15
2147,2016-09-02,10012.15
2148,2016-09-06,10113.85
2149,2016-09-07,10381.8
2150,2016-09-08,10383.05
2151,2016-09-09,10441.75
2152,2016-09-12,10075.2
2153,2016-09-14,10055.05
2154,2016-09-15,10097.45
2155,2016-09-16,10123.85
2156,2016-09-19,10162.85
2157,2016-09-20,10168.15
2158,2016-09-21,10084.7
2159,2016-09-22,10237.8
2160,2016-09-23,10276.0
2161,2016-09-26,10196.65
2162,2016-09-27,10095.25
2163,2016-09-28,10007.8
2164,2016-09-29,10203.2
2165,2016-09-30,9901.9
2166,2016-10-03,10146.8
2167,2016-10-04,10364.3
2168,2016-10-05,10350.85
2169,2016-10-06,10389.45
2170,2016-10-07,10303.1
2171,2016-10-10,10406.8
2172,2016-10-13,10278.15
2173,2016-10-14,10241.75
2174,2016-10-17,10241.45
2175,2016-10-18,10047.1
2176,2016-10-19,10159.75
2177,2016-10-20,10133.35
2178,2016-10-21,10117.55
2179,2016-10-24,10121.5
2180,2016-10-25,10150.55
2181,2016-10-26,10122.75
2182,2016-10-27,10005.05
2183,2016-10-28,9968.65
2184,2016-10-30,10095.05
2185,2016-11-01,10092.25
2186,2016-11-02,10000.3
2187,2016-11-03,9944.35
2188,2016-11-04,9939.55
2189,2016-11-07,9949.45
2190,2016-11-08,9981.75
2191,2016-11-09,9466.05
2192,2016-11-10,9970.25
2193,2016-11-11,9652.0
2194,2016-11-15,9199.0
2195,2016-11-16,8977.35
2196,2016-11-17,8926.45
2197,2016-11-18,8929.65
2198,2016-11-21,9003.85
2199,2016-11-22,8764.95
2200,2016-11-23,8914.65
2201,2016-11-24,8838.8
2202,2016-11-25,8780.5
2203,2016-11-28,8780.95
2204,2016-11-29,8841.25
2205,2016-11-30,9050.95
2206,2016-12-01,9126.85
2207,2016-12-02,8984.15
2208,2016-12-05,8890.35
2209,2016-12-06,9083.35
2210,2016-12-07,9040.05
2211,2016-12-08,9135.9
2212,2016-12-09,9360.75
2213,2016-12-12,9228.5
2214,2016-12-13,9201.7
2215,2016-12-14,9219.4
2216,2016-12-15,9071.1
2217,2016-12-16,9148.95
2218,2016-12-19,9140.7
2219,2016-12-20,9117.4
2220,2016-12-21,9050.95
2221,2016-12-22,9002.7
2222,2016-12-23,8917.7
2223,2016-12-26,8973.05
2224,2016-12-27,8864.7
2225,2016-12-28,9009.75
2226,2016-12-29,8969.15
2227,2016-12-30,9136.85
2228,2017-01-02,9169.95
2229,2017-01-03,9331.4
2230,2017-01-04,9336.6
2231,2017-01-05,9410.65
2232,2017-01-06,9551.65
2233,2017-01-09,9541.4
2234,2017-01-10,9542.6
2235,2017-01-11,9661.6
2236,2017-01-12,9732.35
2237,2017-01-13,9725.95
2238,2017-01-16,9605.7
2239,2017-01-17,9661.25
2240,2017-01-18,9655.45
2241,2017-01-19,9647.5
2242,2017-01-20,9684.3
2243,2017-01-23,9601.3
2244,2017-01-24,9688.35
2245,2017-01-25,9873.3
2246,2017-01-27,9989.7
2247,2017-01-30,10012.15
2248,2017-01-31,9907.3
2249,2017-02-01,9871.4
2250,2017-02-02,10171.05
2251,2017-02-03,10058.5
2252,2017-02-06,10051.2
2253,2017-02-07,10039.85
2254,2017-02-08,9961.1
2255,2017-02-09,10036.25
2256,2017-02-10,10054.85
2257,2017-02-13,10016.85
2258,2017-02-14,9984.75
2259,2017-02-15,9665.8
2260,2017-02-16,9559.1
2261,2017-02-17,9708.45
2262,2017-02-20,9691.95
2263,2017-02-21,9757.65
2264,2017-02-22,9770.95
2265,2017-02-23,9798.95
2266,2017-02-27,9763.25
2267,2017-02-28,9683.4
2268,2017-03-01,9682.85
2269,2017-03-02,9756.1
2270,2017-03-03,9705.1
2271,2017-03-06,9723.1
2272,2017-03-07,9798.3
2273,2017-03-08,9770.85
2274,2017-03-09,9701.0
2275,2017-03-10,9797.85
2276,2017-03-14,9970.2
2277,2017-03-15,9923.3
2278,2017-03-16,10032.65
2279,2017-03-17,10078.45
2280,2017-03-20,10039.85
2281,2017-03-21,10025.7
2282,2017-03-22,9900.35
2283,2017-03-23,9830.0
2284,2017-03-24,9904.0
2285,2017-03-27,9873.55
2286,2017-03-28,9830.25
2287,2017-03-29,9929.95
2288,2017-03-30,9821.55
2289,2017-03-31,9845.9
2290,2017-04-03,9934.65
2291,2017-04-05,9952.7
2292,2017-04-06,10032.9
2293,2017-04-07,9981.45
2294,2017-04-10,10037.35
2295,2017-04-11,10036.85
2296,2017-04-12,10046.5
2297,2017-04-13,9971.0
2298,2017-04-17,9881.8
2299,2017-04-18,9908.7
2300,2017-04-19,9815.5
2301,2017-04-20,9852.5
2302,2017-04-21,9935.8
2303,2017-04-24,9887.95
2304,2017-04-25,10041.05
2305,2017-04-26,10112.0
2306,2017-04-27,10219.1
2307,2017-04-28,10195.9
2308,2017-05-02,10301.6
2309,2017-05-03,10314.8
2310,2017-05-04,10282.35
2311,2017-05-05,10204.05
2312,2017-05-08,10166.85
2313,2017-05-09,10204.8
2314,2017-05-10,10181.15
2315,2017-05-11,10348.25
2316,2017-05-12,10453.3
2317,2017-05-15,10469.05
2318,2017-05-16,10498.3
2319,2017-05-17,10572.35
2320,2017-05-18,10573.4
2321,2017-05-19,10473.4
2322,2017-05-22,10460.05
2323,2017-05-23,10387.0
2324,2017-05-24,10477.95
2325,2017-05-25,10413.35
2326,2017-05-26,10593.75
2327,2017-05-29,10719.9
2328,2017-05-30,10767.7
2329,2017-05-31,10839.5
2330,2017-06-01,10894.0
2331,2017-06-02,10935.65
2332,2017-06-05,10954.3
2333,2017-06-06,10986.4
2334,2017-06-07,10871.75
2335,2017-06-08,10946.55
2336,2017-06-09,10948.9
2337,2017-06-12,11019.45
2338,2017-06-13,10997.95
2339,2017-06-14,10917.8
2340,2017-06-15,10899.65
2341,2017-06-16,10899.3
2342,2017-06-19,10917.45
2343,2017-06-20,10932.8
2344,2017-06-21,10906.55
2345,2017-06-22,10853.15
2346,2017-06-23,10838.0
2347,2017-06-27,10679.35
2348,2017-06-28,10586.35
2349,2017-06-29,10623.5
2350,2017-06-30,10527.3
2351,2017-07-03,10555.45
2352,2017-07-04,10724.7
2353,2017-07-05,10640.85
2354,2017-07-06,10734.45
2355,2017-07-07,10734.45
2356,2017-07-10,10797.4
2357,2017-07-11,10849.35
2358,2017-07-12,10916.9
2359,2017-07-13,10931.4
2360,2017-07-14,10958.65
2361,2017-07-17,10923.05
2362,2017-07-18,10927.95
2363,2017-07-19,10965.95
2364,2017-07-20,11043.3
2365,2017-07-21,10964.9
2366,2017-07-24,10965.95
2367,2017-07-25,10993.3
2368,2017-07-26,10951.6
2369,2017-07-27,11043.1
2370,2017-07-28,10886.8
2371,2017-07-31,10956.45
2372,2017-08-01,11049.05
2373,2017-08-02,11197.1
2374,2017-08-03,11142.65
2375,2017-08-04,11061.95
2376,2017-08-07,11133.2
2377,2017-08-08,11182.85
2378,2017-08-09,11113.6
2379,2017-08-10,10820.05
2380,2017-08-11,10493.35
2381,2017-08-14,10538.55
2382,2017-08-16,10673.6
2383,2017-08-17,10804.25
2384,2017-08-18,10651.95
2385,2017-08-21,10699.15
2386,2017-08-22,10629.65
2387,2017-08-23,10548.8
2388,2017-08-24,10567.5
2389,2017-08-28,10614.65
2390,2017-08-29,10570.95
2391,2017-08-30,10584.95
2392,2017-08-31,10588.95
2393,2017-09-01,10657.7
2394,2017-09-04,10866.9
2395,2017-09-05,10773.8
2396,2017-09-06,10725.35
2397,2017-09-07,10804.95
2398,2017-09-08,10891.15
2399,2017-09-11,10842.7
2400,2017-09-12,10899.05
2401,2017-09-13,10989.1
2402,2017-09-14,10947.4
2403,2017-09-15,10931.25
2404,2017-09-18,11059.65
2405,2017-09-19,11176.8
2406,2017-09-20,11202.45
2407,2017-09-21,11107.35
2408,2017-09-22,11034.5
2409,2017-09-25,10949.3
2410,2017-09-26,10826.65
2411,2017-09-27,10879.05
2412,2017-09-28,10679.1
2413,2017-09-29,10722.95
2414,2017-10-03,11059.65
2415,2017-10-04,10938.5
2416,2017-10-05,10964.45
2417,2017-10-06,10958.1
2418,2017-10-09,11012.85
2419,2017-10-10,11033.7
2420,2017-10-11,11056.05
2421,2017-10-12,10989.05
2422,2017-10-13,11095.95
2423,2017-10-16,11135.8
2424,2017-10-17,11223.75
2425,2017-10-18,11230.5
2426,2017-10-19,11177.0
2427,2017-10-23,11130.5
2428,2017-10-24,11123.1
2429,2017-10-25,11160.65
2430,2017-10-26,11165.1
2431,2017-10-27,11257.5
2432,2017-10-30,11365.75
2433,2017-10-31,11451.2
2434,2017-11-01,11430.95
2435,2017-11-02,11351.7
2436,2017-11-03,11305.15
2437,2017-11-06,11313.35
2438,2017-11-07,11493.8
2439,2017-11-08,11337.2
2440,2017-11-09,11322.35
2441,2017-11-10,11241.85
2442,2017-11-13,11212.1
2443,2017-11-14,11163.05
2444,2017-11-15,11151.75
2445,2017-11-16,11136.8
2446,2017-11-17,11255.9
2447,2017-11-20,11267.45
2448,2017-11-21,11321.1
2449,2017-11-22,11367.05
2450,2017-11-23,11378.6
2451,2017-11-24,11362.95
2452,2017-11-27,11363.4
2453,2017-11-28,11404.05
2454,2017-11-29,11432.45
2455,2017-11-30,11392.85
2456,2017-12-01,11376.15
2457,2017-12-04,11282.05
2458,2017-12-05,11166.6
2459,2017-12-06,11070.8
2460,2017-12-07,11059.45
2461,2017-12-08,11296.7
2462,2017-12-11,11426.55
2463,2017-12-12,11449.5
2464,2017-12-13,11321.35
2465,2017-12-14,11302.2
2466,2017-12-15,11383.6
2467,2017-12-18,11383.85
2468,2017-12-19,11633.9
2469,2017-12-20,12068.8
2470,2017-12-21,11985.85
2471,2017-12-22,11917.9
2472,2017-12-26,11958.8
2473,2017-12-27,11972.95
2474,2017-12-28,11921.1
2475,2017-12-29,11890.7
2476,2018-01-01,12029.45
2477,2018-01-02,11970.2
2478,2018-01-03,11972.6
2479,2018-01-04,11881.25
2480,2018-01-05,11894.35
2481,2018-01-08,11973.7
2482,2018-01-09,11999.8
2483,2018-01-10,11945.5
2484,2018-01-11,11868.15
2485,2018-01-12,11912.8
2486,2018-01-15,11942.7
2487,2018-01-16,11806.3
2488,2018-01-17,11643.65
2489,2018-01-18,11736.1
2490,2018-01-19,11624.0
2491,2018-01-22,11683.15
2492,2018-01-23,11725.2
2493,2018-01-24,11716.95
2494,2018-01-25,11682.95
2495,2018-01-29,11593.55
2496,2018-01-30,11680.25
2497,2018-01-31,11627.05
2498,2018-02-01,11647.05
2499,2018-02-02,11649.3
2500,2018-02-05,11149.75
2501,2018-02-06,10871.05
2502,2018-02-07,11374.0
2503,2018-02-08,11280.95
2504,2018-02-09,11188.3
2505,2018-02-12,11338.9
2506,2018-02-14,11407.4
2507,2018-02-15,11377.2
2508,2018-02-16,11354.4
2509,2018-02-19,11148.7
2510,2018-02-20,10999.7
2511,2018-02-21,11040.55
2512,2018-02-22,10903.35
2513,2018-02-23,10889.55
2514,2018-02-26,10993.9
2515,2018-02-27,11254.3
2516,2018-02-28,11095.3
2517,2018-03-01,11168.95
2518,2018-03-05,11121.25
2519,2018-03-06,11040.45
2520,2018-03-07,10810.95
2521,2018-03-08,10840.9
2522,2018-03-09,10934.35
2523,2018-03-12,10967.6
2524,2018-03-13,11035.2
2525,2018-03-14,11022.8
2526,2018-03-15,11060.95
2527,2018-03-16,11059.35
2528,2018-03-19,10887.8
2529,2018-03-20,10760.5
2530,2018-03-21,10890.75
2531,2018-03-22,10864.65
2532,2018-03-23,10591.6
2533,2018-03-26,10630.65
2534,2018-03-27,10852.85
2535,2018-03-28,10803.55
2536,2018-04-02,10939.9
2537,2018-04-03,11071.25
2538,2018-04-04,11230.55
2539,2018-04-05,11332.7
2540,2018-04-06,11428.05
2541,2018-04-09,11446.15
2542,2018-04-10,11485.7
2543,2018-04-11,11425.95
2544,2018-04-12,11466.0
2545,2018-04-13,11506.7
2546,2018-04-16,11399.05
2547,2018-04-17,11567.5
2548,2018-04-18,11505.65
2549,2018-04-19,11460.95
2550,2018-04-20,11406.15
2551,2018-04-23,11461.45
2552,2018-04-24,11513.85
2553,2018-04-25,11529.75
2554,2018-04-26,11535.9
2555,2018-04-27,11588.3
2556,2018-04-30,11624.55
2557,2018-05-02,11740.5
2558,2018-05-03,11526.65
2559,2018-05-04,11472.05
2560,2018-05-07,11382.55
2561,2018-05-08,11516.3
2562,2018-05-09,11431.35
2563,2018-05-10,11466.2
2564,2018-05-11,11385.3
2565,2018-05-14,11402.6
2566,2018-05-15,11275.65
2567,2018-05-16,11149.4
2568,2018-05-17,11195.7
2569,2018-05-18,11167.3
2570,2018-05-21,10950.8
2571,2018-05-22,10715.5
2572,2018-05-23,10922.6
2573,2018-05-24,10831.45
2574,2018-05-25,10704.75
2575,2018-05-28,10913.6
2576,2018-05-29,11030.15
2577,2018-05-30,11002.75
2578,2018-05-31,11072.1
2579,2018-06-01,11032.9
2580,2018-06-04,11144.2
2581,2018-06-05,11019.7
2582,2018-06-06,11031.45
2583,2018-06-07,11198.25
2584,2018-06-08,11217.95
2585,2018-06-11,11259.05
2586,2018-06-12,11264.65
2587,2018-06-13,11282.5
2588,2018-06-14,11215.55
2589,2018-06-15,11254.5
2590,2018-06-18,11184.0
2591,2018-06-19,11197.6
2592,2018-06-20,11104.45
2593,2018-06-21,11177.35
2594,2018-06-22,11031.95
2595,2018-06-25,11087.15
2596,2018-06-26,10892.75
2597,2018-06-27,10875.7
2598,2018-06-28,10713.2
2599,2018-06-29,10660.95
2600,2018-07-02,10793.25
2601,2018-07-03,10693.45
2602,2018-07-04,10805.05
2603,2018-07-05,10905.5
2604,2018-07-06,10928.4
2605,2018-07-09,11166.45
2606,2018-07-10,11185.3
2607,2018-07-11,11223.05
2608,2018-07-12,11196.3
2609,2018-07-13,11091.55
2610,2018-07-16,10995.95
2611,2018-07-17,10832.9
2612,2018-07-18,11010.85
2613,2018-07-19,10852.0
2614,2018-07-20,10803.1
2615,2018-07-23,10788.95
2616,2018-07-24,10798.1
2617,2018-07-25,10895.9
2618,2018-07-26,10853.9
2619,2018-07-27,10804.15
2620,2018-07-30,10906.25
2621,2018-07-31,10946.5
2622,2018-08-01,10938.25
2623,2018-08-02,10859.35
2624,2018-08-03,10772.55
2625,2018-08-06,10811.9
2626,2018-08-07,10873.0
2627,2018-08-08,10901.05
2628,2018-08-09,10853.5
2629,2018-08-10,10825.45
2630,2018-08-13,10802.3
2631,2018-08-14,10772.1
2632,2018-08-16,10767.5
2633,2018-08-17,10891.75
2634,2018-08-20,10934.95
2635,2018-08-21,11038.65
2636,2018-08-23,10995.85
2637,2018-08-24,10958.9
2638,2018-08-27,10966.65
2639,2018-08-28,11038.45
2640,2018-08-29,11058.35
2641,2018-08-30,11073.2
2642,2018-08-31,11012.15
2643,2018-09-03,11083.7
2644,2018-09-04,10975.75
2645,2018-09-05,10732.7
2646,2018-09-06,10864.65
2647,2018-09-07,10845.3
2648,2018-09-10,11019.25
2649,2018-09-11,10885.3
2650,2018-09-12,10719.3
2651,2018-09-14,10772.0
2652,2018-09-17,10772.25
2653,2018-09-18,10717.1
2654,2018-09-19,10609.0
2655,2018-09-21,10616.75
2656,2018-09-24,10413.45
2657,2018-09-25,9987.7
2658,2018-09-26,10186.65
2659,2018-09-27,10022.8
2660,2018-09-28,9863.1
2661,2018-10-01,9589.65
2662,2018-10-03,9640.85
2663,2018-10-04,9248.1
2664,2018-10-05,9130.25
2665,2018-10-08,8907.0
2666,2018-10-09,8935.1
2667,2018-10-10,8784.35
2668,2018-10-11,8699.5
2669,2018-10-12,8847.45
2670,2018-10-15,9148.1
2671,2018-10-16,9072.7
2672,2018-10-17,9206.55
2673,2018-10-19,8772.95
2674,2018-10-22,8774.3
2675,2018-10-23,8648.05
2676,2018-10-24,8758.2
2677,2018-10-25,8573.0
2678,2018-10-26,8590.65
2679,2018-10-29,8615.25
2680,2018-10-30,8745.8
2681,2018-10-31,8785.3
2682,2018-11-01,8874.75
2683,2018-11-02,8907.4
2684,2018-11-05,9199.9
2685,2018-11-06,9198.85
2686,2018-11-07,9219.3
2687,2018-11-09,9234.2
2688,2018-11-12,9291.0
2689,2018-11-13,8979.5
2690,2018-11-14,9150.8
2691,2018-11-15,9086.9
2692,2018-11-16,9128.5
2693,2018-11-19,9159.2
2694,2018-11-20,9200.8
2695,2018-11-21,9154.75
2696,2018-11-22,9126.1
2697,2018-11-26,9089.4
2698,2018-11-27,9154.15
2699,2018-11-28,9189.55
2700,2018-11-29,9166.6
2701,2018-11-30,9205.55
2702,2018-12-03,9311.65
2703,2018-12-04,9274.25
2704,2018-12-05,9164.5
2705,2018-12-06,8928.45
2706,2018-12-07,8855.8
2707,2018-12-10,8720.3
2708,2018-12-11,8671.85
2709,2018-12-12,8889.4
2710,2018-12-13,9200.0
2711,2018-12-14,9250.8
2712,2018-12-17,9304.65
2713,2018-12-18,9306.65
2714,2018-12-19,9443.05
2715,2018-12-20,9454.15
2716,2018-12-21,9545.3
2717,2018-12-24,9345.35
2718,2018-12-26,9163.65
2719,2018-12-27,9308.6
2720,2018-12-28,9227.2
2721,2018-12-31,9285.8
2722,2019-01-01,9244.0
2723,2019-01-02,9121.95
2724,2019-01-03,8900.05
2725,2019-01-04,8807.4
2726,2019-01-07,8891.9
2727,2019-01-08,8813.9
2728,2019-01-09,8893.9
2729,2019-01-10,8924.65
2730,2019-01-11,8942.05
2731,2019-01-14,8859.1
2732,2019-01-15,8877.35
2733,2019-01-16,8894.1
2734,2019-01-17,8893.2
2735,2019-01-18,8898.95
2736,2019-01-21,8859.65
2737,2019-01-22,8726.05
2738,2019-01-23,8679.85
2739,2019-01-24,8623.2
2740,2019-01-25,8538.7
2741,2019-01-28,8259.55
2742,2019-01-29,8127.65
2743,2019-01-30,8149.25
2744,2019-01-31,8145.15
2745,2019-02-01,8265.5
2746,2019-02-04,8444.75
2747,2019-02-05,8410.6
2748,2019-02-06,8490.2
2749,2019-02-07,8584.6
2750,2019-02-08,8639.95
2751,2019-02-11,8364.55
2752,2019-02-12,8312.5
2753,2019-02-13,8300.3
2754,2019-02-14,8178.1
2755,2019-02-15,8228.2
2756,2019-02-18,8156.9
2757,2019-02-19,8089.3
2758,2019-02-20,8111.7
2759,2019-02-21,8136.65
2760,2019-02-22,8178.2
2761,2019-02-25,8309.9
2762,2019-02-26,8315.95
2763,2019-02-27,8443.3
2764,2019-02-28,8486.2
2765,2019-03-01,8408.3
2766,2019-03-05,8417.35
2767,2019-03-06,8702.55
2768,2019-03-07,8678.8
2769,2019-03-08,8609.15
2770,2019-03-11,8610.0
2771,2019-03-12,8834.85
2772,2019-03-13,8819.95
2773,2019-03-14,8775.9
2774,2019-03-15,8750.35
2775,2019-03-18,8764.5
2776,2019-03-19,8624.05
2777,2019-03-20,8572.9
2778,2019-03-22,8432.15
2779,2019-03-25,8281.5
2780,2019-03-26,8269.05
2781,2019-03-27,8325.65
2782,2019-03-28,8222.4
2783,2019-03-29,8257.3
2784,2019-04-01,8407.5
2785,2019-04-02,8441.15
2786,2019-04-03,8523.2
2787,2019-04-04,8520.55
2788,2019-04-05,8566.65
2789,2019-04-08,8590.25
2790,2019-04-09,8532.95
2791,2019-04-10,8625.35
2792,2019-04-11,8644.6
2793,2019-04-12,8698.8
2794,2019-04-15,8805.4
2795,2019-04-16,8956.0
2796,2019-04-18,9034.95
2797,2019-04-22,8937.9
2798,2019-04-23,8823.55
2799,2019-04-24,8701.45
2800,2019-04-25,8657.85
2801,2019-04-26,8562.7
2802,2019-04-30,8441.6
2803,2019-05-02,8273.75
2804,2019-05-03,8325.3
2805,2019-05-06,8303.65
2806,2019-05-07,8314.15
2807,2019-05-08,8183.9
2808,2019-05-09,8077.75
2809,2019-05-10,8111.15
2810,2019-05-13,8081.85
2811,2019-05-14,7890.55
2812,2019-05-15,7983.9
2813,2019-05-16,7900.55
2814,2019-05-17,7900.2
2815,2019-05-20,8282.3
2816,2019-05-21,8430.3
2817,2019-05-22,8230.45
2818,2019-05-23,8366.65
2819,2019-05-24,8269.95
2820,2019-05-27,8466.35
2821,2019-05-28,8478.2
2822,2019-05-29,8385.05
2823,2019-05-30,8271.0
2824,2019-05-31,8270.05
2825,2019-06-03,8145.45
2826,2019-06-04,8320.4
2827,2019-06-06,8329.6
2828,2019-06-07,8245.8
2829,2019-06-10,8239.25
2830,2019-06-11,8242.75
2831,2019-06-12,8229.9
2832,2019-06-13,8133.45
2833,2019-06-14,8102.05
2834,2019-06-17,8037.8
2835,2019-06-18,7901.3
2836,2019-06-19,7904.0
2837,2019-06-20,7758.8
2838,2019-06-21,7921.8
2839,2019-06-24,7855.65
2840,2019-06-25,7811.65
2841,2019-06-26,7863.85
2842,2019-06-27,7903.35
2843,2019-06-28,7984.05
2844,2019-07-01,7981.85
2845,2019-07-02,8017.0
2846,2019-07-03,8063.25
2847,2019-07-04,8053.65
2848,2019-07-05,8091.45
2849,2019-07-08,7794.25
2850,2019-07-09,7591.5
2851,2019-07-10,7593.15
2852,2019-07-11,7552.05
2853,2019-07-12,7641.8
2854,2019-07-15,7659.65
2855,2019-07-16,7633.3
2856,2019-07-17,7719.1
2857,2019-07-18,7632.1
2858,2019-07-19,7462.6
2859,2019-07-22,7203.75
2860,2019-07-23,7234.35
2861,2019-07-24,7162.85
2862,2019-07-25,7040.4
2863,2019-07-26,6979.85
2864,2019-07-29,7123.55
2865,2019-07-30,6907.95
2866,2019-07-31,6762.15
2867,2019-08-01,6806.7
2868,2019-08-02,6791.75
2869,2019-08-05,6859.85
2870,2019-08-06,6802.05
2871,2019-08-07,6951.15
2872,2019-08-08,6792.4
2873,2019-08-09,7032.65
2874,2019-08-13,7137.25
2875,2019-08-14,6876.95
2876,2019-08-16,6883.7
2877,2019-08-19,7019.15
2878,2019-08-20,6979.4
2879,2019-08-21,7053.05
2880,2019-08-22,6990.05
2881,2019-08-23,6864.0
2882,2019-08-26,7202.7
2883,2019-08-27,7069.7
2884,2019-08-28,7148.2
2885,2019-08-29,7000.6
2886,2019-08-30,7004.5
2887,2019-09-03,6921.75
2888,2019-09-04,6902.95
2889,2019-09-05,6788.4
2890,2019-09-06,6947.95
2891,2019-09-09,7023.9
2892,2019-09-11,7193.15
2893,2019-09-12,7420.55
2894,2019-09-13,7307.75
2895,2019-09-16,7286.75
2896,2019-09-17,7308.65
2897,2019-09-18,7068.15
2898,2019-09-19,7033.7
2899,2019-09-20,6955.55
2900,2019-09-23,7714.0
2901,2019-09-24,7854.1
2902,2019-09-25,7747.7
2903,2019-09-26,7501.45
2904,2019-09-27,7628.55
2905,2019-09-30,7568.25
2906,2019-10-01,7513.05
2907,2019-10-03,7458.4
2908,2019-10-04,7530.75
2909,2019-10-07,7385.85
2910,2019-10-09,7363.9
2911,2019-10-10,7440.8
2912,2019-10-11,7386.65
2913,2019-10-14,7401.5
2914,2019-10-15,7522.0
2915,2019-10-16,7709.8
2916,2019-10-17,7676.55
2917,2019-10-18,7900.15
2918,2019-10-22,7961.15
2919,2019-10-23,7915.6
2920,2019-10-24,8060.35
2921,2019-10-25,8032.45
2922,2019-10-27,8086.4
2923,2019-10-29,8133.25
2924,2019-10-30,8501.15
2925,2019-10-31,8457.45
2926,2019-11-01,8461.65
2927,2019-11-04,8377.1
2928,2019-11-05,8288.75
2929,2019-11-06,8273.3
2930,2019-11-07,8273.75
2931,2019-11-08,8220.2
2932,2019-11-11,8134.1
2933,2019-11-13,8146.55
2934,2019-11-14,8155.95
2935,2019-11-15,8259.75
2936,2019-11-18,8179.15
2937,2019-11-19,8150.9
2938,2019-11-20,8088.05
2939,2019-11-21,8082.4
2940,2019-11-22,8015.5
2941,2019-11-25,8045.0
2942,2019-11-26,8197.35
2943,2019-11-27,8160.6
2944,2019-11-28,8213.95
2945,2019-11-29,8172.8
2946,2019-12-02,8070.7
2947,2019-12-03,8021.65
2948,2019-12-04,7946.65
2949,2019-12-05,8015.3
2950,2019-12-06,7964.2
2951,2019-12-09,7853.75
2952,2019-12-10,7888.7
2953,2019-12-11,7823.3
2954,2019-12-12,7878.4
2955,2019-12-13,7989.55
2956,2019-12-16,8087.75
2957,2019-12-17,8028.1
2958,2019-12-18,8061.0
2959,2019-12-19,8082.2
2960,2019-12-20,8169.9
2961,2019-12-23,8137.85
2962,2019-12-24,8206.1
2963,2019-12-26,8166.35
2964,2019-12-27,8155.4
2965,2019-12-30,8232.05
2966,2019-12-31,8326.45
2967,2020-01-01,8262.5
2968,2020-01-02,8226.6
2969,2020-01-03,8261.5
2970,2020-01-06,8132.65
2971,2020-01-07,8029.9
2972,2020-01-08,7921.65
2973,2020-01-09,8035.45
2974,2020-01-10,8177.55
2975,2020-01-13,8244.25
2976,2020-01-14,8234.2
2977,2020-01-15,8287.6
2978,2020-01-16,8385.3
2979,2020-01-17,8401.95
2980,2020-01-20,8436.9
2981,2020-01-21,8321.25
2982,2020-01-22,8278.55
2983,2020-01-23,8176.75
2984,2020-01-24,8246.45
2985,2020-01-27,8243.35
2986,2020-01-28,8290.1
2987,2020-01-29,8200.7
2988,2020-01-30,8239.65
2989,2020-01-31,8211.6
2990,2020-02-01,8069.75
2991,2020-02-03,7826.0
2992,2020-02-04,8026.6
2993,2020-02-05,8138.3
2994,2020-02-06,8158.8
2995,2020-02-07,8172.35
2996,2020-02-10,8065.4
2997,2020-02-11,7923.0
2998,2020-02-12,7932.3
2999,2020-02-13,7930.25
3000,2020-02-14,7933.6
3001,2020-02-17,7833.15
3002,2020-02-18,7758.0
3003,2020-02-19,7754.35
3004,2020-02-20,7687.5
3005,2020-02-24,7644.05
3006,2020-02-25,7452.75
3007,2020-02-26,7306.3
3008,2020-02-27,7200.15
3009,2020-02-28,7008.1
3010,2020-03-02,6993.2
3011,2020-03-03,6889.45
3012,2020-03-04,6990.85
3013,2020-03-05,6966.3
3014,2020-03-06,6712.2
3015,2020-03-09,6703.45
3016,2020-03-11,6614.15
3017,2020-03-12,6299.9
3018,2020-03-13,5641.55
3019,2020-03-16,5970.15
3020,2020-03-17,5858.3
3021,2020-03-18,5873.1
3022,2020-03-19,5217.95
3023,2020-03-20,5230.2
3024,2020-03-23,4908.15
3025,2020-03-24,4726.4
3026,2020-03-25,4600.05
3027,2020-03-26,4981.9
3028,2020-03-27,5245.6
3029,2020-03-30,4834.15
3030,2020-03-31,4787.8
3031,2020-04-01,4708.95
3032,2020-04-03,4652.75
3033,2020-04-07,4665.1
3034,2020-04-08,4833.0
3035,2020-04-09,5160.85
3036,2020-04-13,5554.4
3037,2020-04-15,5495.55
3038,2020-04-16,5271.25
3039,2020-04-17,5586.4
3040,2020-04-20,5724.9
3041,2020-04-21,5447.9
3042,2020-04-22,5267.8
3043,2020-04-23,5439.1
3044,2020-04-24,5405.9
3045,2020-04-27,5458.65
3046,2020-04-28,5476.85
3047,2020-04-29,5492.0
3048,2020-04-30,5667.35
3049,2020-05-04,5647.85
3050,2020-05-05,5582.15
3051,2020-05-06,5471.6
3052,2020-05-07,5549.95
3053,2020-05-08,5622.7
3054,2020-05-11,5517.6
3055,2020-05-12,5653.6
3056,2020-05-13,6014.2
3057,2020-05-14,5698.55
3058,2020-05-15,5823.3
3059,2020-05-18,5747.5
3060,2020-05-19,5538.65
3061,2020-05-20,5464.85
3062,2020-05-21,5616.95
3063,2020-05-22,5707.25
3064,2020-05-26,5817.2
3065,2020-05-27,5872.45
3066,2020-05-28,5922.15
3067,2020-05-29,6036.45
3068,2020-06-01,6299.05
3069,2020-06-02,6455.8
3070,2020-06-03,6567.95
3071,2020-06-04,6501.65
3072,2020-06-05,6563.8
3073,2020-06-08,6707.95
3074,2020-06-09,6648.95
3075,2020-06-10,6568.8
3076,2020-06-11,6491.95
3077,2020-06-12,6075.3
3078,2020-06-15,6530.75
3079,2020-06-16,6561.2
3080,2020-06-17,6418.85
3081,2020-06-18,6487.1
3082,2020-06-19,6567.8
3083,2020-06-22,6656.3
3084,2020-06-23,6763.05
3085,2020-06-24,6854.25
3086,2020-06-25,6681.75
3087,2020-06-26,6807.4
3088,2020-06-29,6685.85
3089,2020-06-30,6718.4
3090,2020-07-01,6743.35
3091,2020-07-02,6761.0
3092,2020-07-03,6921.7
3093,2020-07-06,7029.5
3094,2020-07-07,7172.35
3095,2020-07-08,7225.15
3096,2020-07-09,7101.9
3097,2020-07-10,7066.0
3098,2020-07-13,7094.15
3099,2020-07-14,7047.65
3100,2020-07-15,6960.4
3101,2020-07-16,6940.75
3102,2020-07-17,7039.55
3103,2020-07-20,7161.7
3104,2020-07-21,7209.0
3105,2020-07-22,7301.0
3106,2020-07-23,7205.8
3107,2020-07-24,7228.4
3108,2020-07-27,7233.9
3109,2020-07-28,7193.15
3110,2020-07-29,7425.75
3111,2020-07-30,7340.8
3112,2020-07-31,7311.45
3113,2020-08-03,7323.65
3114,2020-08-04,7282.45
3115,2020-08-05,7397.0
3116,2020-08-06,7521.95
3117,2020-08-07,7484.95
3118,2020-08-10,7593.7
3119,2020-08-11,7675.4
3120,2020-08-12,7613.75
3121,2020-08-13,7801.1
3122,2020-08-14,7888.65
3123,2020-08-17,7757.6
3124,2020-08-18,7879.5
3125,2020-08-19,7987.15
3126,2020-08-20,7878.7
3127,2020-08-21,7994.9
3128,2020-08-24,7972.7
3129,2020-08-25,7997.0
3130,2020-08-26,8096.6
3131,2020-08-27,8141.05
3132,2020-08-28,8209.1
3133,2020-08-31,8161.75
3134,2020-09-01,7872.2
3135,2020-09-02,7895.15
3136,2020-09-03,8012.75
3137,2020-09-04,7916.8
3138,2020-09-07,8039.3
3139,2020-09-08,7975.2
3140,2020-09-09,7836.8
3141,2020-09-10,7962.55
3142,2020-09-11,7953.25
3143,2020-09-14,7998.45
3144,2020-09-15,8067.8
3145,2020-09-16,8055.0
3146,2020-09-17,8106.1
3147,2020-09-18,8180.25
3148,2020-09-21,8170.1
3149,2020-09-22,7837.9
3150,2020-09-23,7748.25
3151,2020-09-24,7598.1
3152,2020-09-25,7505.5
3153,2020-09-28,7750.3
3154,2020-09-29,7950.9
3155,2020-09-30,7935.1
3156,2020-10-01,7985.35
