,Date,NIFTY METAL
0,2011-07-12,3795.9
1,2011-07-13,3837.31
2,2011-07-14,3868.91
3,2011-07-15,3831.68
4,2011-07-18,3854.3
5,2011-07-19,3884.52
6,2011-07-20,3845.38
7,2011-07-21,3824.44
8,2011-07-22,3863.09
9,2011-07-25,3902.45
10,2011-07-26,3863.45
11,2011-07-27,3880.4
12,2011-07-28,3793.06
13,2011-07-29,3718.06
14,2011-08-01,3680.52
15,2011-08-02,3629.35
16,2011-08-03,3629.26
17,2011-08-04,3578.49
18,2011-08-05,3486.23
19,2011-08-08,3361.35
20,2011-08-09,3264.2
21,2011-08-10,3316.85
22,2011-08-11,3317.65
23,2011-08-12,3278.38
24,2011-08-16,3217.85
25,2011-08-17,3241.47
26,2011-08-18,3150.91
27,2011-08-19,3141.73
28,2011-08-22,3202.63
29,2011-08-23,3220.54
30,2011-08-24,3144.2
31,2011-08-25,3083.89
32,2011-08-26,2972.57
33,2011-08-29,3107.26
34,2011-08-30,3226.05
35,2011-09-02,3325.26
36,2011-09-05,3321.34
37,2011-09-06,3354.07
38,2011-09-07,3423.46
39,2011-09-08,3391.13
40,2011-09-09,3275.68
41,2011-09-12,3161.12
42,2011-09-13,3168.43
43,2011-09-14,3222.02
44,2011-09-15,3236.51
45,2011-09-16,3242.84
46,2011-09-19,3207.6
47,2011-09-20,3268.89
48,2011-09-21,3261.8
49,2011-09-22,3126.02
50,2011-09-23,3056.74
51,2011-09-26,2977.55
52,2011-09-27,3052.08
53,2011-09-28,2996.5
54,2011-09-29,3006.06
55,2011-09-30,2921.39
56,2011-10-03,2804.7
57,2011-10-04,2760.45
58,2011-10-05,2745.3
59,2011-10-07,2889.55
60,2011-10-10,2943.7
61,2011-10-11,2972.85
62,2011-10-12,3037.75
63,2011-10-13,3013.95
64,2011-10-14,2987.9
65,2011-10-17,2983.75
66,2011-10-18,2941.1
67,2011-10-19,2988.7
68,2011-10-20,2972.05
69,2011-10-21,2932.85
70,2011-10-24,2942.95
71,2011-10-25,3004.8
72,2011-10-26,3020.6
73,2011-10-28,3220.05
74,2011-10-31,3157.15
75,2011-11-01,3112.65
76,2011-11-02,3105.2
77,2011-11-03,3096.35
78,2011-11-04,3145.85
79,2011-11-08,3148.75
80,2011-11-09,3062.8
81,2011-11-11,2989.7
82,2011-11-14,2922.55
83,2011-11-15,2866.4
84,2011-11-16,2868.45
85,2011-11-17,2806.3
86,2011-11-18,2768.9
87,2011-11-21,2671.85
88,2011-11-22,2711.35
89,2011-11-23,2659.0
90,2011-11-24,2667.4
91,2011-11-25,2615.2
92,2011-11-28,2745.2
93,2011-11-29,2706.8
94,2011-11-30,2710.3
95,2011-12-01,2818.9
96,2011-12-02,2894.05
97,2011-12-05,2865.3
98,2011-12-07,2877.3
99,2011-12-08,2786.85
100,2011-12-09,2762.55
101,2011-12-12,2652.05
102,2011-12-13,2710.05
103,2011-12-14,2652.15
104,2011-12-15,2652.35
105,2011-12-16,2580.3
106,2011-12-19,2562.3
107,2011-12-20,2470.6
108,2011-12-21,2535.25
109,2011-12-22,2545.15
110,2011-12-23,2529.2
111,2011-12-26,2563.8
112,2011-12-27,2525.65
113,2011-12-28,2478.9
114,2011-12-29,2486.25
115,2011-12-30,2464.6
116,2012-01-02,2495.1
117,2012-01-03,2618.65
118,2012-01-04,2626.65
119,2012-01-05,2610.1
120,2012-01-06,2601.95
121,2012-01-07,2603.05
122,2012-01-09,2603.9
123,2012-01-10,2686.35
124,2012-01-11,2748.5
125,2012-01-12,2780.95
126,2012-01-13,2872.3
127,2012-01-16,2882.4
128,2012-01-17,2984.9
129,2012-01-18,2927.05
130,2012-01-19,3006.85
131,2012-01-20,3002.45
132,2012-01-23,2936.15
133,2012-01-24,2985.6
134,2012-01-25,3042.35
135,2012-01-27,3101.65
136,2012-01-30,3008.3
137,2012-01-31,3073.8
138,2012-02-01,3164.65
139,2012-02-02,3215.3
140,2012-02-03,3179.25
141,2012-02-06,3222.85
142,2012-02-07,3171.55
143,2012-02-08,3222.95
144,2012-02-09,3286.9
145,2012-02-10,3310.5
146,2012-02-13,3346.85
147,2012-02-14,3358.45
148,2012-02-15,3429.35
149,2012-02-16,3367.5
150,2012-02-17,3369.4
151,2012-02-21,3398.45
152,2012-02-22,3248.4
153,2012-02-23,3211.7
154,2012-02-24,3247.1
155,2012-02-27,3083.2
156,2012-02-28,3189.4
157,2012-02-29,3236.65
158,2012-03-01,3205.7
159,2012-03-02,3210.15
160,2012-03-03,3211.5
161,2012-03-05,3107.75
162,2012-03-06,2981.1
163,2012-03-07,2939.15
164,2012-03-09,3090.5
165,2012-03-12,3121.95
166,2012-03-13,3213.95
167,2012-03-14,3212.1
168,2012-03-15,3170.85
169,2012-03-16,3106.45
170,2012-03-19,3082.55
171,2012-03-20,3083.75
172,2012-03-21,3141.95
173,2012-03-22,3033.95
174,2012-03-23,3018.4
175,2012-03-26,2954.25
176,2012-03-27,2996.35
177,2012-03-28,2967.15
178,2012-03-29,2974.25
179,2012-03-30,3054.75
180,2012-04-02,3042.25
181,2012-04-03,3092.15
182,2012-04-04,3059.85
183,2012-04-09,2954.25
184,2012-04-10,2926.65
185,2012-04-11,2886.4
186,2012-04-12,2959.75
187,2012-04-13,2945.55
188,2012-04-16,2952.8
189,2012-04-17,3010.35
190,2012-04-18,3038.6
191,2012-04-19,3060.4
192,2012-04-20,3033.2
193,2012-04-23,2941.0
194,2012-04-24,2962.45
195,2012-04-25,2949.85
196,2012-04-26,2947.95
197,2012-04-27,2922.8
198,2012-04-28,2943.15
199,2012-04-30,2970.25
200,2012-05-02,2957.0
201,2012-05-03,2902.15
202,2012-05-04,2828.5
203,2012-05-07,2871.8
204,2012-05-08,2825.2
205,2012-05-09,2767.5
206,2012-05-10,2733.55
207,2012-05-11,2700.9
208,2012-05-14,2686.6
209,2012-05-15,2741.2
210,2012-05-16,2665.35
211,2012-05-17,2675.8
212,2012-05-18,2687.25
213,2012-05-21,2704.85
214,2012-05-22,2654.5
215,2012-05-23,2630.95
216,2012-05-24,2667.75
217,2012-05-25,2690.55
218,2012-05-28,2716.7
219,2012-05-29,2731.6
220,2012-05-30,2706.1
221,2012-05-31,2698.55
222,2012-06-01,2654.65
223,2012-06-04,2635.5
224,2012-06-05,2626.8
225,2012-06-06,2705.65
226,2012-06-07,2739.65
227,2012-06-08,2752.05
228,2012-06-11,2749.6
229,2012-06-12,2780.25
230,2012-06-13,2770.05
231,2012-06-14,2737.4
232,2012-06-15,2775.85
233,2012-06-18,2750.7
234,2012-06-19,2748.3
235,2012-06-20,2778.25
236,2012-06-21,2798.85
237,2012-06-22,2755.9
238,2012-06-25,2736.05
239,2012-06-26,2726.95
240,2012-06-27,2772.4
241,2012-06-28,2776.5
242,2012-06-29,2870.35
243,2012-07-02,2882.9
244,2012-07-03,2905.8
245,2012-07-04,2965.6
246,2012-07-05,2956.15
247,2012-07-06,2924.95
248,2012-07-09,2882.35
249,2012-07-10,2926.4
250,2012-07-11,2898.0
251,2012-07-12,2864.6
252,2012-07-13,2831.75
253,2012-07-16,2770.15
254,2012-07-17,2767.4
255,2012-07-18,2808.4
256,2012-07-19,2832.35
257,2012-07-20,2834.4
258,2012-07-23,2740.5
259,2012-07-24,2745.25
260,2012-07-25,2687.7
261,2012-07-26,2651.9
262,2012-07-27,2708.2
263,2012-07-30,2760.25
264,2012-07-31,2783.15
265,2012-08-01,2762.8
266,2012-08-02,2757.25
267,2012-08-03,2714.45
268,2012-08-06,2743.8
269,2012-08-07,2759.15
270,2012-08-08,2779.7
271,2012-08-09,2796.2
272,2012-08-10,2797.0
273,2012-08-13,2797.75
274,2012-08-14,2822.45
275,2012-08-16,2786.05
276,2012-08-17,2741.25
277,2012-08-21,2762.65
278,2012-08-22,2756.65
279,2012-08-23,2771.85
280,2012-08-24,2760.45
281,2012-08-27,2722.95
282,2012-08-28,2647.0
283,2012-08-29,2600.9
284,2012-08-30,2590.0
285,2012-08-31,2554.8
286,2012-09-03,2544.05
287,2012-09-04,2561.05
288,2012-09-05,2497.6
289,2012-09-06,2508.6
290,2012-09-07,2575.75
291,2012-09-08,2600.0
292,2012-09-10,2618.75
293,2012-09-11,2582.4
294,2012-09-12,2633.15
295,2012-09-13,2628.5
296,2012-09-14,2740.9
297,2012-09-17,2775.55
298,2012-09-18,2771.8
299,2012-09-20,2708.75
300,2012-09-21,2817.7
301,2012-09-24,2827.75
302,2012-09-25,2788.55
303,2012-09-26,2752.55
304,2012-09-27,2734.25
305,2012-09-28,2768.4
306,2012-10-01,2777.1
307,2012-10-03,2787.25
308,2012-10-04,2790.75
309,2012-10-05,2790.75
310,2012-10-08,2759.7
311,2012-10-09,2768.75
312,2012-10-10,2743.25
313,2012-10-11,2787.6
314,2012-10-12,2787.55
315,2012-10-15,2786.1
316,2012-10-16,2738.7
317,2012-10-17,2726.95
318,2012-10-18,2757.25
319,2012-10-19,2720.8
320,2012-10-22,2723.3
321,2012-10-23,2700.55
322,2012-10-25,2685.65
323,2012-10-26,2678.05
324,2012-10-29,2676.5
325,2012-10-30,2636.1
326,2012-10-31,2665.75
327,2012-11-01,2690.0
328,2012-11-02,2707.05
329,2012-11-05,2684.1
330,2012-11-06,2681.55
331,2012-11-07,2690.15
332,2012-11-08,2691.3
333,2012-11-09,2653.0
334,2012-11-12,2633.7
335,2012-11-13,2642.05
336,2012-11-15,2601.55
337,2012-11-16,2588.05
338,2012-11-19,2568.8
339,2012-11-20,2549.55
340,2012-11-21,2567.8
341,2012-11-22,2585.1
342,2012-11-23,2582.7
343,2012-11-26,2600.35
344,2012-11-27,2637.55
345,2012-11-29,2657.25
346,2012-11-30,2711.3
347,2012-12-03,2728.4
348,2012-12-04,2726.4
349,2012-12-05,2763.15
350,2012-12-06,2778.05
351,2012-12-07,2765.1
352,2012-12-10,2771.0
353,2012-12-11,2752.0
354,2012-12-12,2734.95
355,2012-12-13,2704.35
356,2012-12-14,2755.55
357,2012-12-17,2795.9
358,2012-12-18,2856.7
359,2012-12-19,2904.1
360,2012-12-20,2941.05
361,2012-12-21,2894.85
362,2012-12-24,2881.45
363,2012-12-26,2896.6
364,2012-12-27,2880.35
365,2012-12-28,2889.35
366,2012-12-31,2900.25
367,2013-01-01,2959.35
368,2013-01-02,2973.9
369,2013-01-03,2983.75
370,2013-01-04,2955.8
371,2013-01-07,2986.05
372,2013-01-08,2955.4
373,2013-01-09,2919.55
374,2013-01-10,2907.05
375,2013-01-11,2859.85
376,2013-01-14,2901.0
377,2013-01-15,2894.5
378,2013-01-16,2827.6
379,2013-01-17,2837.7
380,2013-01-18,2825.1
381,2013-01-21,2818.3
382,2013-01-22,2793.75
383,2013-01-23,2780.8
384,2013-01-24,2730.85
385,2013-01-25,2766.9
386,2013-01-28,2773.1
387,2013-01-29,2759.05
388,2013-01-30,2766.0
389,2013-01-31,2773.25
390,2013-02-01,2754.35
391,2013-02-04,2730.9
392,2013-02-05,2713.1
393,2013-02-06,2718.3
394,2013-02-07,2691.2
395,2013-02-08,2654.05
396,2013-02-11,2647.2
397,2013-02-12,2642.55
398,2013-02-13,2612.65
399,2013-02-14,2612.75
400,2013-02-15,2603.45
401,2013-02-18,2610.55
402,2013-02-19,2614.75
403,2013-02-20,2599.1
404,2013-02-21,2520.7
405,2013-02-22,2508.65
406,2013-02-25,2476.55
407,2013-02-26,2410.55
408,2013-02-27,2431.8
409,2013-02-28,2360.35
410,2013-03-01,2378.75
411,2013-03-04,2320.25
412,2013-03-05,2376.1
413,2013-03-06,2413.5
414,2013-03-07,2389.7
415,2013-03-08,2445.35
416,2013-03-11,2432.05
417,2013-03-12,2415.5
418,2013-03-13,2381.0
419,2013-03-14,2396.95
420,2013-03-15,2378.4
421,2013-03-18,2328.2
422,2013-03-19,2268.25
423,2013-03-20,2237.7
424,2013-03-21,2214.7
425,2013-03-22,2218.4
426,2013-03-25,2193.4
427,2013-03-26,2180.9
428,2013-03-28,2232.1
429,2013-04-01,2219.7
430,2013-04-02,2264.8
431,2013-04-03,2218.45
432,2013-04-04,2183.3
433,2013-04-05,2187.55
434,2013-04-08,2173.8
435,2013-04-09,2162.7
436,2013-04-10,2170.1
437,2013-04-11,2150.3
438,2013-04-12,2150.95
439,2013-04-15,2129.5
440,2013-04-16,2157.45
441,2013-04-17,2175.7
442,2013-04-18,2179.0
443,2013-04-22,2227.6
444,2013-04-23,2224.7
445,2013-04-25,2247.05
446,2013-04-26,2213.85
447,2013-04-29,2186.1
448,2013-04-30,2199.3
449,2013-05-02,2200.4
450,2013-05-03,2231.25
451,2013-05-06,2276.9
452,2013-05-07,2277.35
453,2013-05-08,2266.55
454,2013-05-09,2237.5
455,2013-05-10,2234.1
456,2013-05-11,2243.2
457,2013-05-13,2188.95
458,2013-05-14,2188.2
459,2013-05-15,2230.35
460,2013-05-16,2236.3
461,2013-05-17,2231.45
462,2013-05-20,2232.65
463,2013-05-21,2220.5
464,2013-05-22,2209.75
465,2013-05-23,2168.7
466,2013-05-24,2199.3
467,2013-05-27,2239.2
468,2013-05-28,2255.45
469,2013-05-29,2235.5
470,2013-05-30,2210.2
471,2013-05-31,2155.1
472,2013-06-03,2167.25
473,2013-06-04,2162.05
474,2013-06-05,2171.3
475,2013-06-06,2163.15
476,2013-06-07,2137.0
477,2013-06-10,2119.6
478,2013-06-11,2025.75
479,2013-06-12,1991.9
480,2013-06-13,1971.2
481,2013-06-14,2023.0
482,2013-06-17,2021.15
483,2013-06-18,2035.55
484,2013-06-19,2060.85
485,2013-06-20,1967.0
486,2013-06-21,1941.15
487,2013-06-24,1920.25
488,2013-06-25,1912.85
489,2013-06-26,1886.4
490,2013-06-27,1887.95
491,2013-06-28,1969.2
492,2013-07-01,2008.25
493,2013-07-02,1987.6
494,2013-07-03,1932.35
495,2013-07-04,1929.2
496,2013-07-05,1938.35
497,2013-07-08,1911.25
498,2013-07-09,1917.75
499,2013-07-10,1899.2
500,2013-07-11,1948.25
501,2013-07-12,1948.95
502,2013-07-15,1948.75
503,2013-07-16,1916.65
504,2013-07-17,1879.35
505,2013-07-18,1896.0
506,2013-07-19,1891.25
507,2013-07-22,1885.3
508,2013-07-23,1894.55
509,2013-07-24,1859.05
510,2013-07-25,1827.7
511,2013-07-26,1768.5
512,2013-07-29,1736.75
513,2013-07-30,1704.7
514,2013-07-31,1736.3
515,2013-08-01,1700.95
516,2013-08-02,1639.05
517,2013-08-05,1677.45
518,2013-08-06,1628.2
519,2013-08-07,1679.7
520,2013-08-08,1725.6
521,2013-08-12,1802.9
522,2013-08-13,1800.75
523,2013-08-14,1849.4
524,2013-08-16,1748.2
525,2013-08-19,1777.6
526,2013-08-20,1840.7
527,2013-08-21,1786.85
528,2013-08-22,1921.6
529,2013-08-23,1944.6
530,2013-08-26,1959.25
531,2013-08-27,1891.45
532,2013-08-28,1921.15
533,2013-08-29,1973.25
534,2013-08-30,1932.55
535,2013-09-02,1993.4
536,2013-09-03,1939.75
537,2013-09-04,1990.9
538,2013-09-05,2015.4
539,2013-09-06,2019.15
540,2013-09-10,2078.75
541,2013-09-11,2144.3
542,2013-09-12,2088.25
543,2013-09-13,2101.7
544,2013-09-16,2076.4
545,2013-09-17,2094.05
546,2013-09-18,2094.05
547,2013-09-19,2172.1
548,2013-09-20,2142.25
549,2013-09-23,2146.1
550,2013-09-24,2121.9
551,2013-09-25,2145.7
552,2013-09-26,2156.4
553,2013-09-27,2122.35
554,2013-09-30,2067.8
555,2013-10-01,2064.3
556,2013-10-03,2145.6
557,2013-10-04,2160.55
558,2013-10-07,2181.6
559,2013-10-08,2164.75
560,2013-10-09,2183.2
561,2013-10-10,2195.95
562,2013-10-11,2164.45
563,2013-10-14,2148.3
564,2013-10-15,2163.95
565,2013-10-17,2164.4
566,2013-10-18,2236.65
567,2013-10-21,2277.9
568,2013-10-22,2283.35
569,2013-10-23,2274.7
570,2013-10-24,2259.9
571,2013-10-25,2230.35
572,2013-10-28,2195.5
573,2013-10-29,2244.95
574,2013-10-30,2245.2
575,2013-10-31,2284.15
576,2013-11-01,2311.6
577,2013-11-03,2322.2
578,2013-11-05,2325.25
579,2013-11-06,2295.9
580,2013-11-07,2313.15
581,2013-11-08,2320.05
582,2013-11-11,2294.2
583,2013-11-12,2253.55
584,2013-11-13,2257.5
585,2013-11-14,2288.75
586,2013-11-18,2309.95
587,2013-11-19,2314.55
588,2013-11-20,2316.8
589,2013-11-21,2278.25
590,2013-11-22,2272.45
591,2013-11-25,2295.05
592,2013-11-26,2273.7
593,2013-11-27,2282.5
594,2013-11-28,2306.1
595,2013-11-29,2346.0
596,2013-12-02,2374.1
597,2013-12-03,2380.2
598,2013-12-04,2386.6
599,2013-12-05,2412.75
600,2013-12-06,2427.75
601,2013-12-09,2445.5
602,2013-12-10,2460.45
603,2013-12-11,2446.15
604,2013-12-12,2412.85
605,2013-12-13,2398.8
606,2013-12-16,2401.05
607,2013-12-17,2402.65
608,2013-12-18,2417.7
609,2013-12-19,2421.95
610,2013-12-20,2435.15
611,2013-12-23,2473.35
612,2013-12-24,2449.65
613,2013-12-26,2461.05
614,2013-12-27,2475.6
615,2013-12-30,2491.7
616,2013-12-31,2486.6
617,2014-01-01,2493.8
618,2014-01-02,2453.3
619,2014-01-03,2424.0
620,2014-01-06,2428.8
621,2014-01-07,2386.15
622,2014-01-08,2397.9
623,2014-01-09,2422.5
624,2014-01-10,2389.6
625,2014-01-13,2388.55
626,2014-01-14,2351.05
627,2014-01-15,2378.1
628,2014-01-16,2421.8
629,2014-01-17,2404.75
630,2014-01-20,2409.25
631,2014-01-21,2424.9
632,2014-01-22,2447.9
633,2014-01-23,2436.85
634,2014-01-24,2393.6
635,2014-01-27,2301.1
636,2014-01-28,2343.8
637,2014-01-29,2312.7
638,2014-01-30,2252.0
639,2014-01-31,2279.65
640,2014-02-03,2211.65
641,2014-02-04,2197.55
642,2014-02-05,2237.55
643,2014-02-06,2258.6
644,2014-02-07,2317.45
645,2014-02-10,2304.65
646,2014-02-11,2313.15
647,2014-02-12,2283.45
648,2014-02-13,2238.95
649,2014-02-14,2254.9
650,2014-02-17,2238.95
651,2014-02-18,2263.9
652,2014-02-19,2241.65
653,2014-02-20,2214.65
654,2014-02-21,2235.95
655,2014-02-24,2218.45
656,2014-02-25,2178.35
657,2014-02-26,2142.55
658,2014-02-28,2163.65
659,2014-03-03,2160.65
660,2014-03-04,2228.4
661,2014-03-05,2245.35
662,2014-03-06,2294.95
663,2014-03-07,2334.0
664,2014-03-10,2311.05
665,2014-03-11,2234.65
666,2014-03-12,2230.65
667,2014-03-13,2218.15
668,2014-03-14,2229.35
669,2014-03-18,2242.25
670,2014-03-19,2286.35
671,2014-03-20,2259.8
672,2014-03-21,2304.2
673,2014-03-22,2299.5
674,2014-03-24,2323.3
675,2014-03-25,2329.95
676,2014-03-26,2391.55
677,2014-03-27,2392.15
678,2014-03-28,2429.45
679,2014-03-31,2520.65
680,2014-04-01,2529.0
681,2014-04-02,2515.7
682,2014-04-03,2520.6
683,2014-04-04,2529.0
684,2014-04-07,2536.25
685,2014-04-09,2594.3
686,2014-04-10,2602.7
687,2014-04-11,2595.6
688,2014-04-15,2523.95
689,2014-04-16,2528.3
690,2014-04-17,2574.4
691,2014-04-21,2631.2
692,2014-04-22,2611.25
693,2014-04-23,2620.3
694,2014-04-25,2618.8
695,2014-04-28,2601.9
696,2014-04-29,2530.1
697,2014-04-30,2501.2
698,2014-05-02,2465.3
699,2014-05-05,2498.5
700,2014-05-06,2504.05
701,2014-05-07,2483.6
702,2014-05-08,2488.85
703,2014-05-09,2568.8
704,2014-05-12,2619.55
705,2014-05-13,2641.5
706,2014-05-14,2727.85
707,2014-05-15,2710.4
708,2014-05-16,2778.35
709,2014-05-19,2960.25
710,2014-05-20,3022.1
711,2014-05-21,3034.05
712,2014-05-22,3088.7
713,2014-05-23,3154.75
714,2014-05-26,3149.75
715,2014-05-27,3155.65
716,2014-05-28,3111.0
717,2014-05-29,3083.85
718,2014-05-30,3096.9
719,2014-06-02,3158.75
720,2014-06-03,3311.8
721,2014-06-04,3358.2
722,2014-06-05,3479.6
723,2014-06-06,3463.5
724,2014-06-09,3521.85
725,2014-06-10,3488.25
726,2014-06-11,3397.65
727,2014-06-12,3407.75
728,2014-06-13,3297.8
729,2014-06-16,3299.1
730,2014-06-17,3348.05
731,2014-06-18,3320.65
732,2014-06-19,3298.85
733,2014-06-20,3273.35
734,2014-06-23,3309.7
735,2014-06-24,3352.15
736,2014-06-25,3349.9
737,2014-06-26,3311.0
738,2014-06-27,3265.75
739,2014-06-30,3308.75
740,2014-07-01,3378.25
741,2014-07-02,3443.6
742,2014-07-03,3422.6
743,2014-07-04,3392.15
744,2014-07-07,3392.9
745,2014-07-08,3250.05
746,2014-07-09,3231.35
747,2014-07-10,3258.4
748,2014-07-11,3135.0
749,2014-07-14,3160.3
750,2014-07-15,3210.55
751,2014-07-16,3282.65
752,2014-07-17,3364.25
753,2014-07-18,3350.0
754,2014-07-21,3341.4
755,2014-07-22,3373.05
756,2014-07-23,3362.2
757,2014-07-24,3412.55
758,2014-07-25,3335.4
759,2014-07-28,3290.15
760,2014-07-30,3298.35
761,2014-07-31,3295.8
762,2014-08-01,3227.55
763,2014-08-04,3284.0
764,2014-08-05,3330.65
765,2014-08-06,3264.65
766,2014-08-07,3258.95
767,2014-08-08,3150.1
768,2014-08-11,3170.45
769,2014-08-12,3199.9
770,2014-08-13,3163.95
771,2014-08-14,3224.65
772,2014-08-18,3271.85
773,2014-08-19,3286.45
774,2014-08-20,3276.45
775,2014-08-21,3232.95
776,2014-08-22,3240.4
777,2014-08-25,3090.0
778,2014-08-26,3108.4
779,2014-08-27,3105.6
780,2014-08-28,3080.5
781,2014-09-01,3169.1
782,2014-09-02,3144.75
783,2014-09-03,3176.15
784,2014-09-04,3125.4
785,2014-09-05,3151.45
786,2014-09-08,3190.9
787,2014-09-09,3188.75
788,2014-09-10,3187.3
789,2014-09-11,3164.1
790,2014-09-12,3158.5
791,2014-09-15,3107.9
792,2014-09-16,3033.9
793,2014-09-17,3045.7
794,2014-09-18,3080.65
795,2014-09-19,3074.85
796,2014-09-22,3036.2
797,2014-09-23,2962.45
798,2014-09-24,2946.2
799,2014-09-25,2847.65
800,2014-09-26,2924.65
801,2014-09-29,2897.3
802,2014-09-30,2865.5
803,2014-10-01,2853.5
804,2014-10-07,2772.45
805,2014-10-08,2805.45
806,2014-10-09,2866.85
807,2014-10-10,2748.8
808,2014-10-13,2784.45
809,2014-10-14,2786.3
810,2014-10-16,2710.5
811,2014-10-17,2712.15
812,2014-10-20,2753.95
813,2014-10-21,2805.5
814,2014-10-22,2824.25
815,2014-10-23,2832.8
816,2014-10-27,2819.8
817,2014-10-28,2819.25
818,2014-10-29,2896.1
819,2014-10-30,2910.1
820,2014-10-31,2966.4
821,2014-11-03,2970.45
822,2014-11-05,2879.25
823,2014-11-07,2843.7
824,2014-11-10,2838.25
825,2014-11-11,2842.05
826,2014-11-12,2811.35
827,2014-11-13,2793.15
828,2014-11-14,2863.55
829,2014-11-17,2852.85
830,2014-11-18,2876.2
831,2014-11-19,2815.4
832,2014-11-20,2791.55
833,2014-11-21,2796.35
834,2014-11-24,2841.2
835,2014-11-25,2802.65
836,2014-11-26,2831.0
837,2014-11-27,2828.35
838,2014-11-28,2838.65
839,2014-12-01,2771.25
840,2014-12-02,2805.15
841,2014-12-03,2808.2
842,2014-12-04,2811.05
843,2014-12-05,2808.45
844,2014-12-08,2765.75
845,2014-12-09,2688.25
846,2014-12-10,2685.6
847,2014-12-11,2668.95
848,2014-12-12,2626.25
849,2014-12-15,2617.2
850,2014-12-16,2506.15
851,2014-12-17,2529.9
852,2014-12-18,2582.55
853,2014-12-19,2629.1
854,2014-12-22,2664.55
855,2014-12-23,2614.15
856,2014-12-24,2600.6
857,2014-12-26,2615.9
858,2014-12-29,2673.55
859,2014-12-30,2645.05
860,2014-12-31,2661.05
861,2015-01-01,2693.25
862,2015-01-02,2715.45
863,2015-01-05,2704.5
864,2015-01-06,2610.45
865,2015-01-07,2568.65
866,2015-01-08,2609.25
867,2015-01-09,2599.1
868,2015-01-12,2555.2
869,2015-01-13,2546.75
870,2015-01-14,2457.9
871,2015-01-15,2483.15
872,2015-01-16,2496.2
873,2015-01-19,2504.8
874,2015-01-20,2581.55
875,2015-01-21,2564.6
876,2015-01-22,2580.75
877,2015-01-23,2602.85
878,2015-01-27,2583.75
879,2015-01-28,2546.1
880,2015-01-29,2540.5
881,2015-01-30,2513.3
882,2015-02-02,2501.95
883,2015-02-03,2521.8
884,2015-02-04,2574.45
885,2015-02-05,2525.1
886,2015-02-06,2507.05
887,2015-02-09,2440.65
888,2015-02-10,2477.85
889,2015-02-11,2520.1
890,2015-02-12,2530.05
891,2015-02-13,2555.35
892,2015-02-16,2555.2
893,2015-02-18,2537.5
894,2015-02-19,2631.0
895,2015-02-20,2622.05
896,2015-02-23,2601.2
897,2015-02-24,2568.8
898,2015-02-25,2556.8
899,2015-02-26,2529.65
900,2015-02-27,2606.35
901,2015-02-28,2600.05
902,2015-03-02,2599.8
903,2015-03-03,2586.25
904,2015-03-04,2519.9
905,2015-03-05,2474.8
906,2015-03-09,2414.3
907,2015-03-10,2427.75
908,2015-03-11,2386.75
909,2015-03-12,2423.0
910,2015-03-13,2391.15
911,2015-03-16,2353.15
912,2015-03-17,2380.7
913,2015-03-18,2387.75
914,2015-03-19,2388.35
915,2015-03-20,2366.0
916,2015-03-23,2373.5
917,2015-03-24,2366.25
918,2015-03-25,2343.35
919,2015-03-26,2288.0
920,2015-03-27,2292.85
921,2015-03-30,2328.3
922,2015-03-31,2324.45
923,2015-04-01,2347.65
924,2015-04-06,2339.95
925,2015-04-07,2392.0
926,2015-04-08,2431.25
927,2015-04-09,2468.15
928,2015-04-10,2483.0
929,2015-04-13,2485.0
930,2015-04-15,2467.0
931,2015-04-16,2464.4
932,2015-04-17,2488.55
933,2015-04-20,2442.2
934,2015-04-21,2446.25
935,2015-04-22,2459.2
936,2015-04-23,2495.15
937,2015-04-24,2454.9
938,2015-04-27,2454.05
939,2015-04-28,2453.2
940,2015-04-29,2443.25
941,2015-04-30,2402.4
942,2015-05-04,2441.75
943,2015-05-05,2508.15
944,2015-05-06,2430.35
945,2015-05-07,2417.8
946,2015-05-08,2435.6
947,2015-05-11,2502.3
948,2015-05-12,2426.0
949,2015-05-13,2428.85
950,2015-05-14,2448.7
951,2015-05-15,2422.85
952,2015-05-18,2436.5
953,2015-05-19,2445.55
954,2015-05-20,2431.4
955,2015-05-21,2419.6
956,2015-05-22,2409.85
957,2015-05-25,2368.7
958,2015-05-26,2372.25
959,2015-05-27,2377.8
960,2015-05-28,2370.15
961,2015-05-29,2382.6
962,2015-06-01,2382.8
963,2015-06-02,2330.15
964,2015-06-03,2303.65
965,2015-06-04,2274.2
966,2015-06-05,2315.5
967,2015-06-08,2279.7
968,2015-06-09,2295.75
969,2015-06-10,2311.5
970,2015-06-11,2281.8
971,2015-06-12,2247.2
972,2015-06-15,2233.95
973,2015-06-16,2238.8
974,2015-06-17,2256.7
975,2015-06-18,2252.9
976,2015-06-19,2261.05
977,2015-06-22,2288.8
978,2015-06-23,2325.5
979,2015-06-24,2292.25
980,2015-06-25,2299.8
981,2015-06-26,2281.45
982,2015-06-29,2245.8
983,2015-06-30,2287.3
984,2015-07-01,2314.75
985,2015-07-02,2299.95
986,2015-07-03,2268.25
987,2015-07-06,2254.8
988,2015-07-07,2257.9
989,2015-07-08,2166.8
990,2015-07-09,2159.75
991,2015-07-10,2179.9
992,2015-07-13,2189.3
993,2015-07-14,2205.1
994,2015-07-15,2209.1
995,2015-07-16,2217.2
996,2015-07-17,2207.65
997,2015-07-20,2194.55
998,2015-07-21,2169.9
999,2015-07-22,2189.85
1000,2015-07-23,2180.1
1001,2015-07-24,2151.65
1002,2015-07-27,2103.85
1003,2015-07-28,2093.15
1004,2015-07-29,2097.95
1005,2015-07-30,2095.7
1006,2015-07-31,2128.65
1007,2015-08-03,2109.35
1008,2015-08-04,2167.7
1009,2015-08-05,2166.5
1010,2015-08-06,2154.4
1011,2015-08-07,2131.95
1012,2015-08-10,2109.8
1013,2015-08-11,2035.4
1014,2015-08-12,1947.55
1015,2015-08-13,1893.6
1016,2015-08-14,1920.6
1017,2015-08-17,1942.95
1018,2015-08-18,1909.1
1019,2015-08-19,1882.0
1020,2015-08-20,1838.4
1021,2015-08-21,1822.35
1022,2015-08-24,1693.95
1023,2015-08-25,1754.95
1024,2015-08-26,1760.95
1025,2015-08-27,1809.7
1026,2015-08-28,1820.15
1027,2015-08-31,1833.15
1028,2015-09-01,1770.8
1029,2015-09-02,1745.5
1030,2015-09-03,1787.9
1031,2015-09-04,1748.5
1032,2015-09-07,1704.3
1033,2015-09-08,1745.65
1034,2015-09-09,1809.15
1035,2015-09-10,1794.55
1036,2015-09-11,1767.35
1037,2015-09-14,1814.8
1038,2015-09-15,1772.1
1039,2015-09-16,1779.3
1040,2015-09-18,1789.3
1041,2015-09-21,1787.35
1042,2015-09-22,1711.7
1043,2015-09-23,1713.15
1044,2015-09-24,1684.8
1045,2015-09-28,1642.6
1046,2015-09-29,1605.45
1047,2015-09-30,1657.8
1048,2015-10-01,1650.8
1049,2015-10-05,1702.85
1050,2015-10-06,1730.7
1051,2015-10-07,1787.0
1052,2015-10-08,1796.6
1053,2015-10-09,1834.95
1054,2015-10-12,1870.75
1055,2015-10-13,1860.2
1056,2015-10-14,1863.35
1057,2015-10-15,1886.3
1058,2015-10-16,1879.5
1059,2015-10-19,1864.3
1060,2015-10-20,1824.2
1061,2015-10-21,1847.5
1062,2015-10-23,1846.7
1063,2015-10-26,1842.5
1064,2015-10-27,1831.25
1065,2015-10-28,1834.15
1066,2015-10-29,1826.8
1067,2015-10-30,1806.05
1068,2015-11-02,1768.1
1069,2015-11-03,1767.6
1070,2015-11-04,1768.65
1071,2015-11-05,1735.35
1072,2015-11-06,1720.25
1073,2015-11-09,1723.65
1074,2015-11-10,1681.45
1075,2015-11-11,1699.15
1076,2015-11-13,1704.05
1077,2015-11-16,1720.6
1078,2015-11-17,1739.65
1079,2015-11-18,1702.05
1080,2015-11-19,1722.85
1081,2015-11-20,1726.1
1082,2015-11-23,1698.3
1083,2015-11-24,1697.25
1084,2015-11-26,1715.15
1085,2015-11-27,1736.35
1086,2015-11-30,1735.8
1087,2015-12-01,1790.9
1088,2015-12-02,1806.15
1089,2015-12-03,1779.55
1090,2015-12-04,1776.95
1091,2015-12-07,1770.05
1092,2015-12-08,1713.3
1093,2015-12-09,1658.8
1094,2015-12-10,1690.0
1095,2015-12-11,1699.8
1096,2015-12-14,1740.15
1097,2015-12-15,1735.85
1098,2015-12-16,1737.9
1099,2015-12-17,1795.55
1100,2015-12-18,1772.7
1101,2015-12-21,1800.4
1102,2015-12-22,1781.6
1103,2015-12-23,1820.75
1104,2015-12-24,1835.85
1105,2015-12-28,1815.95
1106,2015-12-29,1811.95
1107,2015-12-30,1817.75
1108,2015-12-31,1826.85
1109,2016-01-01,1830.3
1110,2016-01-04,1804.9
1111,2016-01-05,1862.7
1112,2016-01-06,1829.05
1113,2016-01-07,1742.55
1114,2016-01-08,1750.8
1115,2016-01-11,1746.15
1116,2016-01-12,1725.15
1117,2016-01-13,1712.7
1118,2016-01-14,1684.15
1119,2016-01-15,1624.6
1120,2016-01-18,1607.0
1121,2016-01-19,1616.7
1122,2016-01-20,1566.4
1123,2016-01-21,1552.95
1124,2016-01-22,1622.05
1125,2016-01-25,1648.1
1126,2016-01-27,1650.4
1127,2016-01-28,1640.65
1128,2016-01-29,1658.45
1129,2016-02-01,1663.75
1130,2016-02-02,1583.6
1131,2016-02-03,1541.75
1132,2016-02-04,1584.1
1133,2016-02-05,1643.25
1134,2016-02-08,1629.5
1135,2016-02-09,1599.25
1136,2016-02-10,1589.6
1137,2016-02-11,1519.85
1138,2016-02-12,1495.6
1139,2016-02-15,1642.8
1140,2016-02-16,1611.3
1141,2016-02-17,1627.55
1142,2016-02-18,1644.95
1143,2016-02-19,1652.9
1144,2016-02-22,1663.65
1145,2016-02-23,1644.75
1146,2016-02-24,1609.8
1147,2016-02-25,1612.4
1148,2016-02-26,1629.55
1149,2016-02-29,1633.65
1150,2016-03-01,1678.3
1151,2016-03-02,1713.7
1152,2016-03-03,1796.2
1153,2016-03-04,1828.0
1154,2016-03-08,1871.3
1155,2016-03-09,1854.75
1156,2016-03-10,1868.9
1157,2016-03-11,1856.6
1158,2016-03-14,1843.85
1159,2016-03-15,1849.75
1160,2016-03-16,1832.3
1161,2016-03-17,1831.55
1162,2016-03-18,1877.9
1163,2016-03-21,1885.05
1164,2016-03-22,1908.9
1165,2016-03-23,1948.6
1166,2016-03-28,1853.2
1167,2016-03-29,1860.4
1168,2016-03-30,1927.0
1169,2016-03-31,1912.65
1170,2016-04-01,1901.0
1171,2016-04-04,1912.3
1172,2016-04-05,1861.65
1173,2016-04-06,1912.5
1174,2016-04-07,1899.25
1175,2016-04-08,1905.75
1176,2016-04-11,1944.1
1177,2016-04-12,1922.6
1178,2016-04-13,1967.5
1179,2016-04-18,1986.75
1180,2016-04-20,2068.1
1181,2016-04-21,2069.9
1182,2016-04-22,2061.95
1183,2016-04-25,2035.85
1184,2016-04-26,2082.4
1185,2016-04-27,2080.3
1186,2016-04-28,2031.85
1187,2016-04-29,2045.8
1188,2016-05-02,2065.35
1189,2016-05-03,2041.9
1190,2016-05-04,1964.0
1191,2016-05-05,1967.45
1192,2016-05-06,1966.3
1193,2016-05-09,1974.8
1194,2016-05-10,1950.05
1195,2016-05-11,1948.35
1196,2016-05-12,1963.85
1197,2016-05-13,1920.25
1198,2016-05-16,1935.55
1199,2016-05-17,1934.9
1200,2016-05-18,1948.35
1201,2016-05-19,1917.25
1202,2016-05-20,1909.3
1203,2016-05-23,1899.15
1204,2016-05-24,1899.4
1205,2016-05-25,1923.05
1206,2016-05-26,1941.9
1207,2016-05-27,1968.8
1208,2016-05-30,2008.05
1209,2016-05-31,2031.85
1210,2016-06-01,2014.6
1211,2016-06-02,2052.0
1212,2016-06-03,2047.65
1213,2016-06-06,2049.8
1214,2016-06-07,2078.25
1215,2016-06-08,2082.8
1216,2016-06-09,2112.15
1217,2016-06-10,2113.75
1218,2016-06-13,2087.15
1219,2016-06-14,2101.8
1220,2016-06-15,2118.35
1221,2016-06-16,2132.45
1222,2016-06-17,2131.25
1223,2016-06-20,2165.9
1224,2016-06-21,2162.8
1225,2016-06-22,2160.65
1226,2016-06-23,2168.15
1227,2016-06-24,2086.55
1228,2016-06-27,2096.25
1229,2016-06-28,2115.85
1230,2016-06-29,2142.2
1231,2016-06-30,2182.1
1232,2016-07-01,2199.15
1233,2016-07-04,2233.5
1234,2016-07-05,2239.7
1235,2016-07-07,2232.0
1236,2016-07-08,2223.95
1237,2016-07-11,2275.6
1238,2016-07-12,2350.75
1239,2016-07-13,2390.35
1240,2016-07-14,2399.25
1241,2016-07-15,2418.9
1242,2016-07-18,2388.6
1243,2016-07-19,2399.85
1244,2016-07-20,2406.65
1245,2016-07-21,2387.8
1246,2016-07-22,2428.15
1247,2016-07-25,2442.0
1248,2016-07-26,2439.45
1249,2016-07-27,2462.05
1250,2016-07-28,2440.45
1251,2016-07-29,2422.7
1252,2016-08-01,2459.0
1253,2016-08-02,2411.3
1254,2016-08-03,2411.15
1255,2016-08-04,2451.9
1256,2016-08-05,2517.55
1257,2016-08-08,2531.75
1258,2016-08-09,2510.0
1259,2016-08-10,2494.25
1260,2016-08-11,2474.3
1261,2016-08-12,2510.15
1262,2016-08-16,2550.1
1263,2016-08-17,2599.8
1264,2016-08-18,2595.05
1265,2016-08-19,2629.8
1266,2016-08-22,2608.7
1267,2016-08-23,2597.35
1268,2016-08-24,2595.55
1269,2016-08-25,2553.85
1270,2016-08-26,2551.95
1271,2016-08-29,2579.85
1272,2016-08-30,2606.9
1273,2016-08-31,2566.75
1274,2016-09-01,2574.55
1275,2016-09-02,2570.95
1276,2016-09-06,2607.05
1277,2016-09-07,2632.95
1278,2016-09-08,2660.25
1279,2016-09-09,2607.2
1280,2016-09-12,2485.7
1281,2016-09-14,2496.55
1282,2016-09-15,2489.8
1283,2016-09-16,2450.9
1284,2016-09-19,2485.55
1285,2016-09-20,2495.1
1286,2016-09-21,2511.85
1287,2016-09-22,2540.55
1288,2016-09-23,2542.0
1289,2016-09-26,2539.45
1290,2016-09-27,2523.6
1291,2016-09-28,2579.05
1292,2016-09-29,2488.6
1293,2016-09-30,2522.05
1294,2016-10-03,2586.05
1295,2016-10-04,2614.65
1296,2016-10-05,2635.25
1297,2016-10-06,2640.1
1298,2016-10-07,2666.55
1299,2016-10-10,2710.4
1300,2016-10-13,2656.25
1301,2016-10-14,2643.5
1302,2016-10-17,2611.1
1303,2016-10-18,2663.1
1304,2016-10-19,2669.65
1305,2016-10-20,2708.5
1306,2016-10-21,2688.05
1307,2016-10-24,2690.8
1308,2016-10-25,2679.5
1309,2016-10-26,2641.15
1310,2016-10-27,2619.6
1311,2016-10-28,2678.35
1312,2016-10-30,2681.05
1313,2016-11-01,2781.0
1314,2016-11-02,2756.75
1315,2016-11-03,2737.95
1316,2016-11-04,2674.75
1317,2016-11-07,2728.3
1318,2016-11-08,2739.2
1319,2016-11-09,2700.55
1320,2016-11-10,2870.05
1321,2016-11-11,2810.65
1322,2016-11-15,2668.1
1323,2016-11-16,2645.65
1324,2016-11-17,2662.95
1325,2016-11-18,2626.0
1326,2016-11-21,2536.2
1327,2016-11-22,2610.7
1328,2016-11-23,2677.5
1329,2016-11-24,2711.3
1330,2016-11-25,2757.45
1331,2016-11-28,2784.6
1332,2016-11-29,2777.0
1333,2016-11-30,2798.9
1334,2016-12-01,2748.8
1335,2016-12-02,2717.6
1336,2016-12-05,2758.65
1337,2016-12-06,2781.45
1338,2016-12-07,2786.65
1339,2016-12-08,2868.8
1340,2016-12-09,2865.25
1341,2016-12-12,2857.85
1342,2016-12-13,2827.5
1343,2016-12-14,2784.75
1344,2016-12-15,2786.1
1345,2016-12-16,2742.8
1346,2016-12-19,2716.1
1347,2016-12-20,2693.5
1348,2016-12-21,2707.8
1349,2016-12-22,2630.5
1350,2016-12-23,2623.1
1351,2016-12-26,2543.95
1352,2016-12-27,2609.3
1353,2016-12-28,2605.65
1354,2016-12-29,2645.05
1355,2016-12-30,2652.5
1356,2017-01-02,2705.25
1357,2017-01-03,2714.95
1358,2017-01-04,2711.5
1359,2017-01-05,2798.25
1360,2017-01-06,2797.85
1361,2017-01-09,2793.8
1362,2017-01-10,2833.9
1363,2017-01-11,2954.8
1364,2017-01-12,2958.55
1365,2017-01-13,2952.3
1366,2017-01-16,2980.95
1367,2017-01-17,2937.1
1368,2017-01-18,3006.55
1369,2017-01-19,3005.8
1370,2017-01-20,2933.1
1371,2017-01-23,3013.5
1372,2017-01-24,3062.3
1373,2017-01-25,3109.05
1374,2017-01-27,3109.65
1375,2017-01-30,3104.6
1376,2017-01-31,3072.1
1377,2017-02-01,3146.8
1378,2017-02-02,3147.45
1379,2017-02-03,3128.7
1380,2017-02-06,3119.8
1381,2017-02-07,3079.55
1382,2017-02-08,3106.6
1383,2017-02-09,3084.65
1384,2017-02-10,3075.45
1385,2017-02-13,3083.05
1386,2017-02-14,3055.45
1387,2017-02-15,3011.25
1388,2017-02-16,3075.75
1389,2017-02-17,3053.6
1390,2017-02-20,3116.75
1391,2017-02-21,3127.0
1392,2017-02-22,3107.15
1393,2017-02-23,3120.25
1394,2017-02-27,3110.9
1395,2017-02-28,3127.3
1396,2017-03-01,3184.6
1397,2017-03-02,3166.3
1398,2017-03-03,3187.1
1399,2017-03-06,3189.4
1400,2017-03-07,3133.45
1401,2017-03-08,3073.4
1402,2017-03-09,3052.7
1403,2017-03-10,3034.65
1404,2017-03-14,3032.1
1405,2017-03-15,3046.5
1406,2017-03-16,3135.55
1407,2017-03-17,3127.5
1408,2017-03-20,3126.6
1409,2017-03-21,3119.4
1410,2017-03-22,3079.15
1411,2017-03-23,3113.2
1412,2017-03-24,3123.0
1413,2017-03-27,3040.2
1414,2017-03-28,3059.35
1415,2017-03-29,3071.05
1416,2017-03-30,3061.7
1417,2017-03-31,3096.55
1418,2017-04-03,3105.7
1419,2017-04-05,3137.25
1420,2017-04-06,3146.15
1421,2017-04-07,3111.1
1422,2017-04-10,3138.45
1423,2017-04-11,3092.05
1424,2017-04-12,3071.2
1425,2017-04-13,2985.55
1426,2017-04-17,2953.35
1427,2017-04-18,2901.25
1428,2017-04-19,2915.8
1429,2017-04-20,2919.65
1430,2017-04-21,2905.25
1431,2017-04-24,2925.7
1432,2017-04-25,2945.85
1433,2017-04-26,2957.9
1434,2017-04-27,2929.85
1435,2017-04-28,2974.4
1436,2017-05-02,2957.35
1437,2017-05-03,2950.85
1438,2017-05-04,2927.55
1439,2017-05-05,2856.7
1440,2017-05-08,2854.35
1441,2017-05-09,2876.45
1442,2017-05-10,2899.1
1443,2017-05-11,2915.35
1444,2017-05-12,2912.05
1445,2017-05-15,2978.5
1446,2017-05-16,2964.1
1447,2017-05-17,3030.65
1448,2017-05-18,2947.05
1449,2017-05-19,2943.2
1450,2017-05-22,2926.3
1451,2017-05-23,2913.9
1452,2017-05-24,2848.1
1453,2017-05-25,2899.8
1454,2017-05-26,2997.75
1455,2017-05-29,2988.75
1456,2017-05-30,2998.75
1457,2017-05-31,2952.95
1458,2017-06-01,2926.95
1459,2017-06-02,2923.35
1460,2017-06-05,2905.95
1461,2017-06-06,2896.4
1462,2017-06-07,2924.85
1463,2017-06-08,2950.7
1464,2017-06-09,2997.7
1465,2017-06-12,2986.95
1466,2017-06-13,2963.85
1467,2017-06-14,2943.7
1468,2017-06-15,2932.45
1469,2017-06-16,2931.05
1470,2017-06-19,2982.4
1471,2017-06-20,2988.7
1472,2017-06-21,2953.55
1473,2017-06-22,2912.65
1474,2017-06-23,2892.4
1475,2017-06-27,2885.0
1476,2017-06-28,2931.75
1477,2017-06-29,2991.2
1478,2017-06-30,2991.35
1479,2017-07-03,3046.3
1480,2017-07-04,3050.15
1481,2017-07-05,3082.85
1482,2017-07-06,3094.25
1483,2017-07-07,3087.75
1484,2017-07-10,3129.9
1485,2017-07-11,3114.85
1486,2017-07-12,3126.55
1487,2017-07-13,3153.25
1488,2017-07-14,3140.05
1489,2017-07-17,3170.15
1490,2017-07-18,3164.75
1491,2017-07-19,3226.2
1492,2017-07-20,3196.4
1493,2017-07-21,3203.15
1494,2017-07-24,3187.5
1495,2017-07-25,3227.55
1496,2017-07-26,3283.25
1497,2017-07-27,3250.35
1498,2017-07-28,3207.15
1499,2017-07-31,3259.95
1500,2017-08-01,3290.75
1501,2017-08-02,3284.1
1502,2017-08-03,3221.5
1503,2017-08-04,3302.0
1504,2017-08-07,3341.05
1505,2017-08-08,3390.2
1506,2017-08-09,3383.4
1507,2017-08-10,3328.65
1508,2017-08-11,3216.6
1509,2017-08-14,3326.6
1510,2017-08-16,3383.95
1511,2017-08-17,3409.15
1512,2017-08-18,3384.65
1513,2017-08-21,3337.6
1514,2017-08-22,3340.2
1515,2017-08-23,3397.6
1516,2017-08-24,3414.05
1517,2017-08-28,3426.45
1518,2017-08-29,3388.55
1519,2017-08-30,3478.2
1520,2017-08-31,3474.85
1521,2017-09-01,3542.5
1522,2017-09-04,3547.6
1523,2017-09-05,3578.15
1524,2017-09-06,3604.9
1525,2017-09-07,3646.4
1526,2017-09-08,3652.95
1527,2017-09-11,3675.0
1528,2017-09-12,3711.05
1529,2017-09-13,3671.15
1530,2017-09-14,3650.4
1531,2017-09-15,3663.3
1532,2017-09-18,3689.75
1533,2017-09-19,3663.2
1534,2017-09-20,3660.55
1535,2017-09-21,3638.8
1536,2017-09-22,3491.8
1537,2017-09-25,3450.1
1538,2017-09-26,3533.05
1539,2017-09-27,3477.2
1540,2017-09-28,3501.55
1541,2017-09-29,3550.3
1542,2017-10-03,3593.6
1543,2017-10-04,3588.1
1544,2017-10-05,3598.4
1545,2017-10-06,3711.5
1546,2017-10-09,3717.85
1547,2017-10-10,3721.55
1548,2017-10-11,3668.45
1549,2017-10-12,3741.45
1550,2017-10-13,3784.55
1551,2017-10-16,3855.45
1552,2017-10-17,3868.15
1553,2017-10-18,3853.7
1554,2017-10-19,3819.9
1555,2017-10-23,3843.2
1556,2017-10-24,3858.3
1557,2017-10-25,3872.55
1558,2017-10-26,3951.95
1559,2017-10-27,3945.3
1560,2017-10-30,3944.05
1561,2017-10-31,3876.55
1562,2017-11-01,3946.4
1563,2017-11-02,3941.0
1564,2017-11-03,3938.4
1565,2017-11-06,3951.75
1566,2017-11-07,3885.55
1567,2017-11-08,3832.0
1568,2017-11-09,3849.75
1569,2017-11-10,3865.7
1570,2017-11-13,3792.5
1571,2017-11-14,3772.75
1572,2017-11-15,3660.95
1573,2017-11-16,3697.85
1574,2017-11-17,3767.85
1575,2017-11-20,3817.25
1576,2017-11-21,3822.4
1577,2017-11-22,3797.25
1578,2017-11-23,3787.4
1579,2017-11-24,3765.9
1580,2017-11-27,3739.75
1581,2017-11-28,3735.85
1582,2017-11-29,3721.9
1583,2017-11-30,3678.35
1584,2017-12-01,3617.9
1585,2017-12-04,3630.75
1586,2017-12-05,3601.15
1587,2017-12-06,3530.75
1588,2017-12-07,3594.9
1589,2017-12-08,3643.5
1590,2017-12-11,3649.75
1591,2017-12-12,3619.3
1592,2017-12-13,3563.3
1593,2017-12-14,3570.95
1594,2017-12-15,3665.9
1595,2017-12-18,3726.9
1596,2017-12-19,3781.3
1597,2017-12-20,3806.4
1598,2017-12-21,3839.85
1599,2017-12-22,3839.3
1600,2017-12-26,3885.8
1601,2017-12-27,3879.4
1602,2017-12-28,3959.95
1603,2017-12-29,3940.15
1604,2018-01-01,3919.2
1605,2018-01-02,3942.85
1606,2018-01-03,4000.2
1607,2018-01-04,4112.0
1608,2018-01-05,4130.4
1609,2018-01-08,4166.35
1610,2018-01-09,4166.6
1611,2018-01-10,4169.6
1612,2018-01-11,4163.7
1613,2018-01-12,4189.5
1614,2018-01-15,4195.75
1615,2018-01-16,4076.4
1616,2018-01-17,4117.65
1617,2018-01-18,3998.85
1618,2018-01-19,4033.4
1619,2018-01-22,4006.15
1620,2018-01-23,4169.0
1621,2018-01-24,4097.35
1622,2018-01-25,4135.15
1623,2018-01-29,4140.85
1624,2018-01-30,4116.25
1625,2018-01-31,4065.85
1626,2018-02-01,4071.4
1627,2018-02-02,3948.3
1628,2018-02-05,3926.55
1629,2018-02-06,3862.0
1630,2018-02-07,3879.75
1631,2018-02-08,3936.45
1632,2018-02-09,3986.4
1633,2018-02-12,4028.95
1634,2018-02-14,4024.75
1635,2018-02-15,4052.55
1636,2018-02-16,3991.6
1637,2018-02-19,3923.4
1638,2018-02-20,3966.5
1639,2018-02-21,3912.1
1640,2018-02-22,3904.3
1641,2018-02-23,4028.8
1642,2018-02-26,4071.95
1643,2018-02-27,4037.25
1644,2018-02-28,3994.35
1645,2018-03-01,3960.9
1646,2018-03-05,3830.8
1647,2018-03-06,3816.9
1648,2018-03-07,3772.95
1649,2018-03-08,3756.0
1650,2018-03-09,3688.15
1651,2018-03-12,3766.9
1652,2018-03-13,3786.9
1653,2018-03-14,3765.35
1654,2018-03-15,3753.6
1655,2018-03-16,3664.5
1656,2018-03-19,3566.8
1657,2018-03-20,3555.45
1658,2018-03-21,3539.1
1659,2018-03-22,3550.4
1660,2018-03-23,3447.55
1661,2018-03-26,3521.35
1662,2018-03-27,3585.7
1663,2018-03-28,3512.55
1664,2018-04-02,3539.55
1665,2018-04-03,3559.85
1666,2018-04-04,3468.35
1667,2018-04-05,3609.25
1668,2018-04-06,3604.05
1669,2018-04-09,3609.55
1670,2018-04-10,3683.35
1671,2018-04-11,3742.0
1672,2018-04-12,3690.45
1673,2018-04-13,3725.45
1674,2018-04-16,3731.5
1675,2018-04-17,3735.55
1676,2018-04-18,3750.5
1677,2018-04-19,3920.15
1678,2018-04-20,3891.45
1679,2018-04-23,3861.55
1680,2018-04-24,3787.6
1681,2018-04-25,3736.2
1682,2018-04-26,3737.5
1683,2018-04-27,3763.85
1684,2018-04-30,3774.85
1685,2018-05-02,3645.25
1686,2018-05-03,3673.05
1687,2018-05-04,3633.6
1688,2018-05-07,3695.95
1689,2018-05-08,3689.1
1690,2018-05-09,3691.65
1691,2018-05-10,3655.7
1692,2018-05-11,3712.8
1693,2018-05-14,3702.05
1694,2018-05-15,3711.55
1695,2018-05-16,3696.15
1696,2018-05-17,3679.35
1697,2018-05-18,3590.65
1698,2018-05-21,3530.35
1699,2018-05-22,3592.9
1700,2018-05-23,3458.35
1701,2018-05-24,3491.65
1702,2018-05-25,3567.4
1703,2018-05-28,3604.7
1704,2018-05-29,3606.95
1705,2018-05-30,3610.15
1706,2018-05-31,3593.65
1707,2018-06-01,3568.4
1708,2018-06-04,3574.15
1709,2018-06-05,3553.55
1710,2018-06-06,3619.6
1711,2018-06-07,3673.35
1712,2018-06-08,3658.55
1713,2018-06-11,3644.8
1714,2018-06-12,3628.95
1715,2018-06-13,3612.85
1716,2018-06-14,3597.1
1717,2018-06-15,3541.95
1718,2018-06-18,3480.45
1719,2018-06-19,3425.7
1720,2018-06-20,3459.65
1721,2018-06-21,3422.45
1722,2018-06-22,3431.55
1723,2018-06-25,3397.45
1724,2018-06-26,3384.4
1725,2018-06-27,3341.8
1726,2018-06-28,3346.5
1727,2018-06-29,3440.15
1728,2018-07-02,3378.6
1729,2018-07-03,3366.15
1730,2018-07-04,3370.45
1731,2018-07-05,3322.45
1732,2018-07-06,3322.05
1733,2018-07-09,3366.35
1734,2018-07-10,3422.35
1735,2018-07-11,3317.15
1736,2018-07-12,3300.35
1737,2018-07-13,3286.6
1738,2018-07-16,3168.1
1739,2018-07-17,3222.65
1740,2018-07-18,3121.1
1741,2018-07-19,3104.6
1742,2018-07-20,3092.2
1743,2018-07-23,3139.35
1744,2018-07-24,3233.3
1745,2018-07-25,3262.05
1746,2018-07-26,3235.35
1747,2018-07-27,3297.7
1748,2018-07-30,3320.3
1749,2018-07-31,3335.1
1750,2018-08-01,3320.0
1751,2018-08-02,3327.75
1752,2018-08-03,3380.85
1753,2018-08-06,3405.7
1754,2018-08-07,3445.25
1755,2018-08-08,3453.6
1756,2018-08-09,3501.75
1757,2018-08-10,3434.75
1758,2018-08-13,3405.8
1759,2018-08-14,3414.6
1760,2018-08-16,3337.05
1761,2018-08-17,3394.1
1762,2018-08-20,3478.9
1763,2018-08-21,3466.95
1764,2018-08-23,3416.8
1765,2018-08-24,3481.2
1766,2018-08-27,3532.85
1767,2018-08-28,3597.2
1768,2018-08-29,3634.3
1769,2018-08-30,3665.3
1770,2018-08-31,3643.45
1771,2018-09-03,3656.7
1772,2018-09-04,3585.6
1773,2018-09-05,3623.2
1774,2018-09-06,3632.2
1775,2018-09-07,3699.75
1776,2018-09-10,3636.85
1777,2018-09-11,3578.3
1778,2018-09-12,3631.4
1779,2018-09-14,3713.7
1780,2018-09-17,3705.45
1781,2018-09-18,3648.1
1782,2018-09-19,3691.8
1783,2018-09-21,3673.25
1784,2018-09-24,3631.7
1785,2018-09-25,3631.8
1786,2018-09-26,3693.95
1787,2018-09-27,3669.7
1788,2018-09-28,3485.35
1789,2018-10-01,3528.05
1790,2018-10-03,3592.0
1791,2018-10-04,3572.35
1792,2018-10-05,3444.65
1793,2018-10-08,3339.45
1794,2018-10-09,3373.75
1795,2018-10-10,3438.65
1796,2018-10-11,3306.5
1797,2018-10-12,3438.1
1798,2018-10-15,3423.5
1799,2018-10-16,3431.6
1800,2018-10-17,3362.95
1801,2018-10-19,3365.0
1802,2018-10-22,3339.65
1803,2018-10-23,3312.75
1804,2018-10-24,3347.85
1805,2018-10-25,3306.8
1806,2018-10-26,3283.9
1807,2018-10-29,3369.5
1808,2018-10-30,3333.05
1809,2018-10-31,3296.95
1810,2018-11-01,3338.35
1811,2018-11-02,3439.25
1812,2018-11-05,3441.9
1813,2018-11-06,3438.95
1814,2018-11-07,3462.05
1815,2018-11-09,3431.9
1816,2018-11-12,3384.5
1817,2018-11-13,3410.55
1818,2018-11-14,3382.15
1819,2018-11-15,3407.9
1820,2018-11-16,3354.6
1821,2018-11-19,3395.35
1822,2018-11-20,3299.2
1823,2018-11-21,3272.7
1824,2018-11-22,3214.75
1825,2018-11-26,3172.3
1826,2018-11-27,3148.95
1827,2018-11-28,3117.4
1828,2018-11-29,3177.25
1829,2018-11-30,3163.75
1830,2018-12-03,3227.85
1831,2018-12-04,3236.55
1832,2018-12-05,3119.6
1833,2018-12-06,3085.4
1834,2018-12-07,3071.2
1835,2018-12-10,3036.25
1836,2018-12-11,3055.35
1837,2018-12-12,3133.05
1838,2018-12-13,3114.0
1839,2018-12-14,3112.35
1840,2018-12-17,3175.1
1841,2018-12-18,3198.15
1842,2018-12-19,3211.15
1843,2018-12-20,3177.9
1844,2018-12-21,3162.3
1845,2018-12-24,3089.85
1846,2018-12-26,3098.45
1847,2018-12-27,3089.0
1848,2018-12-28,3112.2
1849,2018-12-31,3154.6
1850,2019-01-01,3135.25
1851,2019-01-02,3028.45
1852,2019-01-03,2960.4
1853,2019-01-04,3001.7
1854,2019-01-07,2997.1
1855,2019-01-08,3010.3
1856,2019-01-09,2975.5
1857,2019-01-10,2972.35
1858,2019-01-11,2971.25
1859,2019-01-14,2939.35
1860,2019-01-15,2986.3
1861,2019-01-16,2967.05
1862,2019-01-17,2963.05
1863,2019-01-18,2957.1
1864,2019-01-21,2945.8
1865,2019-01-22,2880.65
1866,2019-01-23,2896.9
1867,2019-01-24,2893.5
1868,2019-01-25,2857.55
1869,2019-01-28,2827.15
1870,2019-01-29,2828.35
1871,2019-01-30,2882.05
1872,2019-01-31,2915.85
1873,2019-02-01,2815.65
1874,2019-02-04,2794.45
1875,2019-02-05,2768.3
1876,2019-02-06,2832.95
1877,2019-02-07,2835.8
1878,2019-02-08,2740.5
1879,2019-02-11,2725.2
1880,2019-02-12,2767.95
1881,2019-02-13,2741.7
1882,2019-02-14,2733.65
1883,2019-02-15,2677.1
1884,2019-02-18,2652.0
1885,2019-02-19,2689.7
1886,2019-02-20,2765.0
1887,2019-02-21,2796.15
1888,2019-02-22,2842.2
1889,2019-02-25,2852.1
1890,2019-02-26,2854.9
1891,2019-02-27,2846.85
1892,2019-02-28,2871.6
1893,2019-03-01,2922.7
1894,2019-03-05,3000.2
1895,2019-03-06,3021.3
1896,2019-03-07,2992.85
1897,2019-03-08,2947.95
1898,2019-03-11,3028.85
1899,2019-03-12,3043.05
1900,2019-03-13,2985.75
1901,2019-03-14,3002.05
1902,2019-03-15,3008.25
1903,2019-03-18,3028.4
1904,2019-03-19,3027.4
1905,2019-03-20,2996.1
1906,2019-03-22,2983.2
1907,2019-03-25,2949.65
1908,2019-03-26,2980.6
1909,2019-03-27,2982.1
1910,2019-03-28,2973.7
1911,2019-03-29,3044.15
1912,2019-04-01,3102.3
1913,2019-04-02,3089.1
1914,2019-04-03,3085.0
1915,2019-04-04,3071.9
1916,2019-04-05,3132.35
1917,2019-04-08,3101.7
1918,2019-04-09,3133.65
1919,2019-04-10,3105.2
1920,2019-04-11,3067.45
1921,2019-04-12,3071.6
1922,2019-04-15,3141.35
1923,2019-04-16,3149.9
1924,2019-04-18,3109.85
1925,2019-04-22,3054.1
1926,2019-04-23,3042.0
1927,2019-04-24,3047.75
1928,2019-04-25,2991.1
1929,2019-04-26,3046.65
1930,2019-04-30,3089.1
1931,2019-05-02,3085.5
1932,2019-05-03,3081.25
1933,2019-05-06,3018.75
1934,2019-05-07,2980.4
1935,2019-05-08,2959.5
1936,2019-05-09,2917.1
1937,2019-05-10,2872.5
1938,2019-05-13,2820.85
1939,2019-05-14,2837.9
1940,2019-05-15,2778.4
1941,2019-05-16,2810.85
1942,2019-05-17,2807.25
1943,2019-05-20,2899.15
1944,2019-05-21,2854.25
1945,2019-05-22,2864.45
1946,2019-05-23,2822.0
1947,2019-05-24,2904.3
1948,2019-05-27,2965.7
1949,2019-05-28,2992.95
1950,2019-05-29,2937.3
1951,2019-05-30,2924.5
1952,2019-05-31,2900.4
1953,2019-06-03,2951.25
1954,2019-06-04,2956.4
1955,2019-06-06,2923.05
1956,2019-06-07,2906.95
1957,2019-06-10,2912.25
1958,2019-06-11,2950.65
1959,2019-06-12,2962.1
1960,2019-06-13,2955.95
1961,2019-06-14,2944.9
1962,2019-06-17,2860.5
1963,2019-06-18,2874.9
1964,2019-06-19,2886.3
1965,2019-06-20,2940.1
1966,2019-06-21,2930.2
1967,2019-06-24,2892.45
1968,2019-06-25,2942.65
1969,2019-06-26,3022.95
1970,2019-06-27,3014.2
1971,2019-06-28,2980.2
1972,2019-07-01,2977.95
1973,2019-07-02,2993.35
1974,2019-07-03,2992.15
1975,2019-07-04,2962.5
1976,2019-07-05,2851.25
1977,2019-07-08,2791.2
1978,2019-07-09,2788.05
1979,2019-07-10,2756.45
1980,2019-07-11,2805.25
1981,2019-07-12,2826.3
1982,2019-07-15,2823.0
1983,2019-07-16,2847.35
1984,2019-07-17,2848.8
1985,2019-07-18,2778.6
1986,2019-07-19,2741.85
1987,2019-07-22,2788.1
1988,2019-07-23,2778.75
1989,2019-07-24,2712.95
1990,2019-07-25,2686.4
1991,2019-07-26,2692.45
1992,2019-07-29,2611.9
1993,2019-07-30,2527.0
1994,2019-07-31,2588.15
1995,2019-08-01,2507.05
1996,2019-08-02,2459.1
1997,2019-08-05,2415.35
1998,2019-08-06,2448.05
1999,2019-08-07,2389.45
2000,2019-08-08,2418.8
2001,2019-08-09,2398.0
2002,2019-08-13,2355.9
2003,2019-08-14,2411.05
2004,2019-08-16,2402.05
2005,2019-08-19,2391.35
2006,2019-08-20,2351.15
2007,2019-08-21,2283.2
2008,2019-08-22,2203.6
2009,2019-08-23,2278.65
2010,2019-08-26,2256.65
2011,2019-08-27,2303.9
2012,2019-08-28,2226.45
2013,2019-08-29,2254.35
2014,2019-08-30,2289.95
2015,2019-09-03,2218.95
2016,2019-09-04,2254.65
2017,2019-09-05,2313.6
2018,2019-09-06,2357.7
2019,2019-09-09,2360.05
2020,2019-09-11,2414.55
2021,2019-09-12,2410.6
2022,2019-09-13,2444.1
2023,2019-09-16,2440.55
2024,2019-09-17,2375.85
2025,2019-09-18,2402.65
2026,2019-09-19,2363.45
2027,2019-09-20,2497.65
2028,2019-09-23,2526.2
2029,2019-09-24,2485.1
2030,2019-09-25,2419.75
2031,2019-09-26,2520.45
2032,2019-09-27,2453.95
2033,2019-09-30,2439.85
2034,2019-10-01,2397.05
2035,2019-10-03,2326.55
2036,2019-10-04,2297.2
2037,2019-10-07,2269.95
2038,2019-10-09,2317.7
2039,2019-10-10,2283.35
2040,2019-10-11,2337.1
2041,2019-10-14,2360.2
2042,2019-10-15,2397.05
2043,2019-10-16,2388.3
2044,2019-10-17,2410.95
2045,2019-10-18,2456.0
2046,2019-10-22,2442.85
2047,2019-10-23,2436.85
2048,2019-10-24,2419.55
2049,2019-10-25,2410.85
2050,2019-10-27,2421.95
2051,2019-10-29,2518.3
2052,2019-10-30,2514.25
2053,2019-10-31,2500.75
2054,2019-11-01,2561.75
2055,2019-11-04,2642.15
2056,2019-11-05,2616.95
2057,2019-11-06,2633.45
2058,2019-11-07,2659.05
2059,2019-11-08,2612.95
2060,2019-11-11,2610.1
2061,2019-11-13,2556.65
2062,2019-11-14,2506.6
2063,2019-11-15,2498.8
2064,2019-11-18,2539.65
2065,2019-11-19,2517.95
2066,2019-11-20,2524.9
2067,2019-11-21,2470.45
2068,2019-11-22,2521.15
2069,2019-11-25,2602.0
2070,2019-11-26,2580.55
2071,2019-11-27,2602.85
2072,2019-11-28,2656.85
2073,2019-11-29,2625.5
2074,2019-12-02,2632.65
2075,2019-12-03,2564.2
2076,2019-12-04,2604.0
2077,2019-12-05,2543.95
2078,2019-12-06,2535.85
2079,2019-12-09,2551.7
2080,2019-12-10,2515.9
2081,2019-12-11,2509.55
2082,2019-12-12,2568.8
2083,2019-12-13,2626.75
2084,2019-12-16,2591.1
2085,2019-12-17,2665.75
2086,2019-12-18,2687.65
2087,2019-12-19,2691.1
2088,2019-12-20,2707.5
2089,2019-12-23,2706.35
2090,2019-12-24,2723.15
2091,2019-12-26,2739.0
2092,2019-12-27,2760.35
2093,2019-12-30,2796.5
2094,2019-12-31,2801.3
2095,2020-01-01,2796.05
2096,2020-01-02,2869.9
2097,2020-01-03,2848.35
2098,2020-01-06,2765.75
2099,2020-01-07,2785.9
2100,2020-01-08,2767.25
2101,2020-01-09,2806.8
2102,2020-01-10,2840.75
2103,2020-01-13,2874.1
2104,2020-01-14,2900.65
2105,2020-01-15,2921.45
2106,2020-01-16,2884.8
2107,2020-01-17,2864.65
2108,2020-01-20,2835.85
2109,2020-01-21,2799.95
2110,2020-01-22,2756.75
2111,2020-01-23,2769.25
2112,2020-01-24,2796.2
2113,2020-01-27,2709.75
2114,2020-01-28,2642.25
2115,2020-01-29,2665.85
2116,2020-01-30,2628.9
2117,2020-01-31,2569.0
2118,2020-02-01,2480.55
2119,2020-02-03,2510.95
2120,2020-02-04,2594.25
2121,2020-02-05,2665.4
2122,2020-02-06,2688.75
2123,2020-02-07,2710.8
2124,2020-02-10,2628.9
2125,2020-02-11,2651.75
2126,2020-02-12,2668.25
2127,2020-02-13,2651.6
2128,2020-02-14,2613.6
2129,2020-02-17,2586.7
2130,2020-02-18,2556.05
2131,2020-02-19,2591.05
2132,2020-02-20,2612.25
2133,2020-02-24,2469.6
2134,2020-02-25,2470.35
2135,2020-02-26,2430.0
2136,2020-02-27,2410.05
2137,2020-02-28,2246.05
2138,2020-03-02,2197.6
2139,2020-03-03,2320.75
2140,2020-03-04,2304.3
2141,2020-03-05,2284.85
2142,2020-03-06,2183.9
2143,2020-03-09,2020.05
2144,2020-03-11,1986.95
2145,2020-03-12,1800.6
2146,2020-03-13,1903.35
2147,2020-03-16,1730.6
2148,2020-03-17,1710.45
2149,2020-03-18,1664.2
2150,2020-03-19,1574.2
2151,2020-03-20,1692.85
2152,2020-03-23,1496.45
2153,2020-03-24,1502.4
2154,2020-03-25,1541.2
2155,2020-03-26,1542.95
2156,2020-03-27,1554.85
2157,2020-03-30,1507.7
2158,2020-03-31,1585.9
2159,2020-04-01,1553.55
2160,2020-04-03,1522.9
2161,2020-04-07,1637.0
2162,2020-04-08,1624.85
2163,2020-04-09,1705.45
2164,2020-04-13,1738.4
2165,2020-04-15,1752.9
2166,2020-04-16,1779.75
2167,2020-04-17,1816.5
2168,2020-04-20,1756.45
2169,2020-04-21,1666.6
2170,2020-04-22,1673.3
2171,2020-04-23,1694.75
2172,2020-04-24,1645.2
2173,2020-04-27,1666.6
2174,2020-04-28,1661.65
2175,2020-04-29,1723.8
2176,2020-04-30,1859.9
2177,2020-05-04,1713.8
2178,2020-05-05,1693.65
2179,2020-05-06,1697.95
2180,2020-05-07,1695.55
2181,2020-05-08,1676.55
2182,2020-05-11,1697.9
2183,2020-05-12,1717.55
2184,2020-05-13,1760.6
2185,2020-05-14,1715.05
2186,2020-05-15,1742.6
2187,2020-05-18,1673.5
2188,2020-05-19,1693.55
2189,2020-05-20,1711.5
2190,2020-05-21,1742.9
2191,2020-05-22,1710.45
2192,2020-05-26,1756.35
2193,2020-05-27,1801.25
2194,2020-05-28,1844.5
2195,2020-05-29,1879.85
2196,2020-06-01,1952.5
2197,2020-06-02,1956.1
2198,2020-06-03,1952.7
2199,2020-06-04,1972.9
2200,2020-06-05,2049.7
2201,2020-06-08,2044.85
2202,2020-06-09,2022.5
2203,2020-06-10,2010.8
2204,2020-06-11,1954.85
2205,2020-06-12,1966.1
2206,2020-06-15,1928.55
2207,2020-06-16,1955.9
2208,2020-06-17,1940.45
2209,2020-06-18,1998.65
2210,2020-06-19,1997.55
2211,2020-06-22,2049.8
2212,2020-06-23,2085.8
2213,2020-06-24,2042.35
2214,2020-06-25,2030.8
2215,2020-06-26,2043.35
2216,2020-06-29,1989.5
2217,2020-06-30,1991.35
2218,2020-07-01,1997.35
2219,2020-07-02,2017.0
2220,2020-07-03,2008.5
2221,2020-07-06,2058.15
2222,2020-07-07,2022.6
2223,2020-07-08,2054.3
2224,2020-07-09,2094.3
2225,2020-07-10,2078.2
2226,2020-07-13,2105.15
2227,2020-07-14,2052.45
2228,2020-07-15,2055.75
2229,2020-07-16,2070.65
2230,2020-07-17,2103.0
2231,2020-07-20,2106.0
2232,2020-07-21,2118.6
2233,2020-07-22,2113.95
2234,2020-07-23,2131.4
2235,2020-07-24,2087.5
2236,2020-07-27,2094.4
2237,2020-07-28,2141.3
2238,2020-07-29,2160.75
2239,2020-07-30,2135.15
2240,2020-07-31,2147.3
2241,2020-08-03,2156.15
2242,2020-08-04,2177.35
2243,2020-08-05,2263.8
2244,2020-08-06,2294.75
2245,2020-08-07,2314.35
2246,2020-08-10,2332.0
2247,2020-08-11,2370.65
2248,2020-08-12,2354.8
2249,2020-08-13,2380.65
2250,2020-08-14,2405.8
2251,2020-08-17,2464.25
2252,2020-08-18,2507.5
2253,2020-08-19,2513.15
2254,2020-08-20,2538.9
2255,2020-08-21,2523.6
2256,2020-08-24,2526.1
2257,2020-08-25,2507.5
2258,2020-08-26,2527.8
2259,2020-08-27,2531.05
2260,2020-08-28,2520.35
2261,2020-08-31,2420.6
2262,2020-09-01,2496.75
2263,2020-09-02,2541.35
2264,2020-09-03,2527.3
2265,2020-09-04,2451.35
2266,2020-09-07,2450.05
2267,2020-09-08,2376.85
2268,2020-09-09,2397.2
2269,2020-09-10,2369.8
2270,2020-09-11,2384.3
2271,2020-09-14,2387.05
2272,2020-09-15,2385.55
2273,2020-09-16,2396.35
2274,2020-09-17,2363.3
2275,2020-09-18,2362.2
2276,2020-09-21,2240.35
2277,2020-09-22,2213.95
2278,2020-09-23,2205.25
2279,2020-09-24,2111.85
2280,2020-09-25,2172.65
2281,2020-09-28,2237.0
2282,2020-09-29,2280.9
2283,2020-09-30,2242.55
