,Date,NIFTY MEDIA
0,2008-01-01,
1,2008-01-02,
2,2008-01-03,
3,2008-01-04,
4,2008-01-07,
5,2008-01-08,
6,2008-01-09,
7,2008-01-10,
8,2008-01-11,
9,2008-01-14,
10,2008-01-15,
11,2008-01-16,
12,2008-01-17,
13,2008-01-18,
14,2008-01-21,
15,2008-01-22,
16,2008-01-23,
17,2008-01-24,
18,2008-01-25,
19,2008-01-28,
20,2008-01-29,
21,2008-01-30,
22,2008-01-31,
23,2008-02-01,
24,2008-02-04,
25,2008-02-05,
26,2008-02-06,
27,2008-02-07,
28,2008-02-08,
29,2008-02-11,
30,2008-02-12,
31,2008-02-13,
32,2008-02-14,
33,2008-02-15,
34,2008-02-18,
35,2008-02-19,
36,2008-02-20,
37,2008-02-21,
38,2008-02-22,
39,2008-02-25,
40,2008-02-26,
41,2008-02-27,
42,2008-02-28,
43,2008-02-29,
44,2008-03-03,
45,2008-03-04,
46,2008-03-05,
47,2008-03-07,
48,2008-03-10,
49,2008-03-11,
50,2008-03-12,
51,2008-03-13,
52,2008-03-14,
53,2008-03-17,
54,2008-03-18,
55,2008-03-19,
56,2008-03-24,
57,2008-03-25,
58,2008-03-26,
59,2008-03-27,
60,2008-03-28,
61,2008-03-31,
62,2008-04-01,
63,2008-04-02,
64,2008-04-03,
65,2008-04-04,
66,2008-04-07,
67,2008-04-08,
68,2008-04-09,
69,2008-04-10,
70,2008-04-11,
71,2008-04-15,
72,2008-04-16,
73,2008-04-17,
74,2008-04-21,
75,2008-04-22,
76,2008-04-23,
77,2008-04-24,
78,2008-04-25,
79,2008-04-28,
80,2008-04-29,
81,2008-04-30,
82,2008-05-02,
83,2008-05-05,
84,2008-05-06,
85,2008-05-07,
86,2008-05-08,
87,2008-05-09,
88,2008-05-12,
89,2008-05-13,
90,2008-05-14,
91,2008-05-15,
92,2008-05-16,
93,2008-05-20,
94,2008-05-21,
95,2008-05-22,
96,2008-05-23,
97,2008-05-26,
98,2008-05-27,
99,2008-05-28,
100,2008-05-29,
101,2008-05-30,
102,2008-06-02,
103,2008-06-03,
104,2008-06-04,
105,2008-06-05,
106,2008-06-06,
107,2008-06-09,
108,2008-06-10,
109,2008-06-11,
110,2008-06-12,
111,2008-06-13,
112,2008-06-16,
113,2008-06-17,
114,2008-06-18,
115,2008-06-19,
116,2008-06-20,
117,2008-06-23,
118,2008-06-24,
119,2008-06-25,
120,2008-06-26,
121,2008-06-27,
122,2008-06-30,
123,2008-07-01,
124,2008-07-02,
125,2008-07-03,
126,2008-07-04,
127,2008-07-07,
128,2008-07-08,
129,2008-07-09,
130,2008-07-10,
131,2008-07-11,
132,2008-07-14,
133,2008-07-15,
134,2008-07-16,
135,2008-07-17,
136,2008-07-18,
137,2008-07-21,
138,2008-07-22,
139,2008-07-23,
140,2008-07-24,
141,2008-07-25,
142,2008-07-28,
143,2008-07-29,
144,2008-07-30,
145,2008-07-31,
146,2008-08-01,
147,2008-08-04,
148,2008-08-05,
149,2008-08-06,
150,2008-08-07,
151,2008-08-08,
152,2008-08-11,
153,2008-08-12,
154,2008-08-13,
155,2008-08-14,
156,2008-08-18,
157,2008-08-19,
158,2008-08-20,
159,2008-08-21,
160,2008-08-22,
161,2008-08-25,
162,2008-08-26,
163,2008-08-27,
164,2008-08-28,
165,2008-08-29,
166,2008-09-01,
167,2008-09-02,
168,2008-09-04,
169,2008-09-05,
170,2008-09-08,
171,2008-09-09,
172,2008-09-10,
173,2008-09-11,
174,2008-09-12,
175,2008-09-15,
176,2008-09-16,
177,2008-09-17,
178,2008-09-18,
179,2008-09-19,
180,2008-09-22,
181,2008-09-23,
182,2008-09-24,
183,2008-09-25,
184,2008-09-26,
185,2008-09-29,
186,2008-09-30,
187,2008-10-01,
188,2008-10-03,
189,2008-10-06,
190,2008-10-07,
191,2008-10-08,
192,2008-10-10,
193,2008-10-13,
194,2008-10-14,
195,2008-10-15,
196,2008-10-16,
197,2008-10-17,
198,2008-10-20,
199,2008-10-21,
200,2008-10-22,
201,2008-10-23,
202,2008-10-24,
203,2008-10-27,
204,2008-10-28,
205,2008-10-29,
206,2008-10-31,
207,2008-11-03,
208,2008-11-04,
209,2008-11-05,
210,2008-11-06,
211,2008-11-07,
212,2008-11-10,
213,2008-11-11,
214,2008-11-12,
215,2008-11-14,
216,2008-11-17,
217,2008-11-18,
218,2008-11-19,
219,2008-11-20,
220,2008-11-21,
221,2008-11-24,
222,2008-11-25,
223,2008-11-26,
224,2008-11-28,
225,2008-12-01,
226,2008-12-02,
227,2008-12-03,
228,2008-12-04,
229,2008-12-05,
230,2008-12-08,
231,2008-12-10,
232,2008-12-11,
233,2008-12-12,
234,2008-12-15,
235,2008-12-16,
236,2008-12-17,
237,2008-12-18,
238,2008-12-19,
239,2008-12-22,
240,2008-12-23,
241,2008-12-24,
242,2008-12-26,
243,2008-12-29,
244,2008-12-30,
245,2008-12-31,
246,2009-01-01,
247,2009-01-02,
248,2009-01-05,
249,2009-01-06,
250,2009-01-07,
251,2009-01-09,
252,2009-01-12,
253,2009-01-13,
254,2009-01-14,
255,2009-01-15,
256,2009-01-16,
257,2009-01-19,
258,2009-01-20,
259,2009-01-21,
260,2009-01-22,
261,2009-01-23,
262,2009-01-27,
263,2009-01-28,
264,2009-01-29,
265,2009-01-30,
266,2009-02-02,
267,2009-02-03,
268,2009-02-04,
269,2009-02-05,
270,2009-02-06,
271,2009-02-09,
272,2009-02-10,
273,2009-02-11,
274,2009-02-12,
275,2009-02-13,
276,2009-02-16,
277,2009-02-17,
278,2009-02-18,
279,2009-02-19,
280,2009-02-20,
281,2009-02-24,
282,2009-02-25,
283,2009-02-26,
284,2009-02-27,
285,2009-03-02,
286,2009-03-03,
287,2009-03-04,
288,2009-03-05,
289,2009-03-06,
290,2009-03-09,
291,2009-03-12,
292,2009-03-13,
293,2009-03-16,
294,2009-03-17,
295,2009-03-18,
296,2009-03-19,
297,2009-03-20,
298,2009-03-23,
299,2009-03-24,
300,2009-03-25,
301,2009-03-26,
302,2009-03-27,
303,2009-03-30,
304,2009-03-31,
305,2009-04-01,
306,2009-04-02,
307,2009-04-06,
308,2009-04-08,
309,2009-04-09,
310,2009-04-13,
311,2009-04-15,
312,2009-04-16,
313,2009-04-17,
314,2009-04-20,
315,2009-04-21,
316,2009-04-22,
317,2009-04-23,
318,2009-04-24,
319,2009-04-27,
320,2009-04-28,
321,2009-04-29,
322,2009-05-04,
323,2009-05-05,
324,2009-05-06,
325,2009-05-07,
326,2009-05-08,
327,2009-05-11,
328,2009-05-12,
329,2009-05-13,
330,2009-05-14,
331,2009-05-15,
332,2009-05-18,
333,2009-05-19,
334,2009-05-20,
335,2009-05-21,
336,2009-05-22,
337,2009-05-25,
338,2009-05-26,
339,2009-05-27,
340,2009-05-28,
341,2009-05-29,
342,2009-06-01,
343,2009-06-02,
344,2009-06-03,
345,2009-06-04,
346,2009-06-05,
347,2009-06-08,
348,2009-06-09,
349,2009-06-10,
350,2009-06-11,
351,2009-06-12,
352,2009-06-15,
353,2009-06-16,
354,2009-06-17,
355,2009-06-18,
356,2009-06-19,
357,2009-06-22,
358,2009-06-23,
359,2009-06-24,
360,2009-06-25,
361,2009-06-26,
362,2009-06-29,
363,2009-06-30,
364,2009-07-01,
365,2009-07-02,
366,2009-07-03,
367,2009-07-06,
368,2009-07-07,
369,2009-07-08,
370,2009-07-09,
371,2009-07-10,
372,2009-07-13,
373,2009-07-14,
374,2009-07-15,
375,2009-07-16,
376,2009-07-17,
377,2009-07-20,
378,2009-07-21,
379,2009-07-22,
380,2009-07-23,
381,2009-07-24,
382,2009-07-27,
383,2009-07-28,
384,2009-07-29,
385,2009-07-30,
386,2009-07-31,
387,2009-08-03,
388,2009-08-04,
389,2009-08-05,
390,2009-08-06,
391,2009-08-07,
392,2009-08-10,
393,2009-08-11,
394,2009-08-12,
395,2009-08-13,
396,2009-08-14,
397,2009-08-17,
398,2009-08-18,
399,2009-08-19,
400,2009-08-20,
401,2009-08-21,
402,2009-08-24,
403,2009-08-25,
404,2009-08-26,
405,2009-08-27,
406,2009-08-28,
407,2009-08-31,
408,2009-09-01,
409,2009-09-02,
410,2009-09-03,
411,2009-09-04,
412,2009-09-07,
413,2009-09-08,
414,2009-09-09,
415,2009-09-10,
416,2009-09-11,
417,2009-09-14,
418,2009-09-15,
419,2009-09-16,
420,2009-09-17,
421,2009-09-18,
422,2009-09-22,
423,2009-09-23,
424,2009-09-24,
425,2009-09-25,
426,2009-09-29,
427,2009-09-30,
428,2009-10-01,
429,2009-10-05,
430,2009-10-06,
431,2009-10-07,
432,2009-10-08,
433,2009-10-09,
434,2009-10-12,
435,2009-10-14,
436,2009-10-15,
437,2009-10-16,
438,2009-10-17,
439,2009-10-20,
440,2009-10-21,
441,2009-10-22,
442,2009-10-23,
443,2009-10-26,
444,2009-10-27,
445,2009-10-28,
446,2009-10-29,
447,2009-10-30,
448,2009-11-03,
449,2009-11-04,
450,2009-11-05,
451,2009-11-06,
452,2009-11-09,
453,2009-11-10,
454,2009-11-11,
455,2009-11-12,
456,2009-11-13,
457,2009-11-16,
458,2009-11-17,
459,2009-11-18,
460,2009-11-19,
461,2009-11-20,
462,2009-11-23,
463,2009-11-24,
464,2009-11-25,
465,2009-11-26,
466,2009-11-27,
467,2009-11-30,
468,2009-12-01,
469,2009-12-02,
470,2009-12-03,
471,2009-12-04,
472,2009-12-07,
473,2009-12-08,
474,2009-12-09,
475,2009-12-10,
476,2009-12-11,
477,2009-12-14,
478,2009-12-15,
479,2009-12-16,
480,2009-12-17,
481,2009-12-18,
482,2009-12-21,
483,2009-12-22,
484,2009-12-23,
485,2009-12-24,
486,2009-12-29,
487,2009-12-30,
488,2009-12-31,
489,2010-01-04,
490,2010-01-05,
491,2010-01-06,
492,2010-01-07,
493,2010-01-08,
494,2010-01-11,
495,2010-01-12,
496,2010-01-13,
497,2010-01-14,
498,2010-01-15,
499,2010-01-18,
500,2010-01-19,
501,2010-01-20,
502,2010-01-21,
503,2010-01-22,
504,2010-01-25,
505,2010-01-27,
506,2010-01-28,
507,2010-01-29,
508,2010-02-01,
509,2010-02-02,
510,2010-02-03,
511,2010-02-04,
512,2010-02-05,
513,2010-02-06,
514,2010-02-08,
515,2010-02-09,
516,2010-02-10,
517,2010-02-11,
518,2010-02-15,
519,2010-02-16,
520,2010-02-17,
521,2010-02-18,
522,2010-02-19,
523,2010-02-22,
524,2010-02-23,
525,2010-02-24,
526,2010-02-25,
527,2010-02-26,
528,2010-03-02,
529,2010-03-03,
530,2010-03-04,
531,2010-03-05,
532,2010-03-08,
533,2010-03-09,
534,2010-03-10,
535,2010-03-11,
536,2010-03-12,
537,2010-03-15,
538,2010-03-16,
539,2010-03-17,
540,2010-03-18,
541,2010-03-19,
542,2010-03-22,
543,2010-03-23,
544,2010-03-25,
545,2010-03-26,
546,2010-03-29,
547,2010-03-30,
548,2010-03-31,
549,2010-04-01,
550,2010-04-05,
551,2010-04-06,
552,2010-04-07,
553,2010-04-08,
554,2010-04-09,
555,2010-04-12,
556,2010-04-13,
557,2010-04-15,
558,2010-04-16,
559,2010-04-19,
560,2010-04-20,
561,2010-04-21,
562,2010-04-22,
563,2010-04-23,
564,2010-04-26,
565,2010-04-27,
566,2010-04-28,
567,2010-04-29,
568,2010-04-30,
569,2010-05-03,
570,2010-05-04,
571,2010-05-05,
572,2010-05-06,
573,2010-05-07,
574,2010-05-10,
575,2010-05-11,
576,2010-05-12,
577,2010-05-13,
578,2010-05-14,
579,2010-05-17,
580,2010-05-18,
581,2010-05-19,
582,2010-05-20,
583,2010-05-21,
584,2010-05-24,
585,2010-05-25,
586,2010-05-26,
587,2010-05-27,
588,2010-05-28,
589,2010-05-31,
590,2010-06-01,
591,2010-06-02,
592,2010-06-03,
593,2010-06-04,
594,2010-06-07,
595,2010-06-08,
596,2010-06-09,
597,2010-06-10,
598,2010-06-11,
599,2010-06-14,
600,2010-06-15,
601,2010-06-16,
602,2010-06-17,
603,2010-06-18,
604,2010-06-21,
605,2010-06-22,
606,2010-06-23,
607,2010-06-24,
608,2010-06-25,
609,2010-06-28,
610,2010-06-29,
611,2010-06-30,
612,2010-07-01,
613,2010-07-02,
614,2010-07-05,
615,2010-07-06,
616,2010-07-07,
617,2010-07-08,
618,2010-07-09,
619,2010-07-12,
620,2010-07-13,
621,2010-07-14,
622,2010-07-15,
623,2010-07-16,
624,2010-07-19,
625,2010-07-20,
626,2010-07-21,
627,2010-07-22,
628,2010-07-23,
629,2010-07-26,
630,2010-07-27,
631,2010-07-28,
632,2010-07-29,
633,2010-07-30,
634,2010-08-02,
635,2010-08-03,
636,2010-08-04,
637,2010-08-05,
638,2010-08-06,
639,2010-08-09,
640,2010-08-10,
641,2010-08-11,
642,2010-08-12,
643,2010-08-13,
644,2010-08-16,
645,2010-08-17,
646,2010-08-18,
647,2010-08-19,
648,2010-08-20,
649,2010-08-23,
650,2010-08-24,
651,2010-08-25,
652,2010-08-26,
653,2010-08-27,
654,2010-08-30,
655,2010-08-31,
656,2010-09-01,
657,2010-09-02,
658,2010-09-03,
659,2010-09-06,
660,2010-09-07,
661,2010-09-08,
662,2010-09-09,
663,2010-09-13,
664,2010-09-14,
665,2010-09-15,
666,2010-09-16,
667,2010-09-17,
668,2010-09-20,
669,2010-09-21,
670,2010-09-22,
671,2010-09-23,
672,2010-09-24,
673,2010-09-27,
674,2010-09-28,
675,2010-09-29,
676,2010-09-30,
677,2010-10-01,
678,2010-10-04,
679,2010-10-05,
680,2010-10-06,
681,2010-10-07,
682,2010-10-08,
683,2010-10-11,
684,2010-10-12,
685,2010-10-13,
686,2010-10-14,
687,2010-10-15,
688,2010-10-18,
689,2010-10-19,
690,2010-10-20,
691,2010-10-21,
692,2010-10-22,
693,2010-10-25,
694,2010-10-26,
695,2010-10-27,
696,2010-10-28,
697,2010-10-29,
698,2010-11-01,
699,2010-11-02,
700,2010-11-03,
701,2010-11-04,
702,2010-11-05,
703,2010-11-08,
704,2010-11-09,
705,2010-11-10,
706,2010-11-11,
707,2010-11-12,
708,2010-11-15,
709,2010-11-16,
710,2010-11-18,
711,2010-11-19,
712,2010-11-22,
713,2010-11-23,
714,2010-11-24,
715,2010-11-25,
716,2010-11-26,
717,2010-11-29,
718,2010-11-30,
719,2010-12-01,
720,2010-12-02,
721,2010-12-03,
722,2010-12-06,
723,2010-12-07,
724,2010-12-08,
725,2010-12-09,
726,2010-12-10,
727,2010-12-13,
728,2010-12-14,
729,2010-12-15,
730,2010-12-16,
731,2010-12-20,
732,2010-12-21,
733,2010-12-22,
734,2010-12-23,
735,2010-12-24,
736,2010-12-27,
737,2010-12-28,
738,2010-12-29,
739,2010-12-30,
740,2010-12-31,
741,2011-01-03,
742,2011-01-04,
743,2011-01-05,
744,2011-01-06,
745,2011-01-07,
746,2011-01-10,
747,2011-01-11,
748,2011-01-12,
749,2011-01-13,
750,2011-01-14,
751,2011-01-17,
752,2011-01-18,
753,2011-01-19,
754,2011-01-20,
755,2011-01-21,
756,2011-01-24,
757,2011-01-25,
758,2011-01-27,
759,2011-01-28,
760,2011-01-31,
761,2011-02-01,
762,2011-02-02,
763,2011-02-03,
764,2011-02-04,
765,2011-02-07,
766,2011-02-08,
767,2011-02-09,
768,2011-02-10,
769,2011-02-11,
770,2011-02-14,
771,2011-02-15,
772,2011-02-16,
773,2011-02-17,
774,2011-02-18,
775,2011-02-21,
776,2011-02-22,
777,2011-02-23,
778,2011-02-24,
779,2011-02-25,
780,2011-02-28,
781,2011-03-01,
782,2011-03-03,
783,2011-03-04,
784,2011-03-07,
785,2011-03-08,
786,2011-03-09,
787,2011-03-10,
788,2011-03-11,
789,2011-03-14,
790,2011-03-15,
791,2011-03-16,
792,2011-03-17,
793,2011-03-18,
794,2011-03-21,
795,2011-03-22,
796,2011-03-23,
797,2011-03-24,
798,2011-03-25,
799,2011-03-28,
800,2011-03-29,
801,2011-03-30,
802,2011-03-31,
803,2011-04-01,
804,2011-04-04,
805,2011-04-05,
806,2011-04-06,
807,2011-04-07,
808,2011-04-08,
809,2011-04-11,
810,2011-04-13,
811,2011-04-15,
812,2011-04-18,
813,2011-04-19,
814,2011-04-20,
815,2011-04-21,
816,2011-04-25,
817,2011-04-26,
818,2011-04-27,
819,2011-04-28,
820,2011-04-29,
821,2011-05-02,
822,2011-05-03,
823,2011-05-04,
824,2011-05-05,
825,2011-05-06,
826,2011-05-09,
827,2011-05-10,
828,2011-05-11,
829,2011-05-12,
830,2011-05-13,
831,2011-05-16,
832,2011-05-17,
833,2011-05-18,
834,2011-05-19,
835,2011-05-20,
836,2011-05-23,
837,2011-05-24,
838,2011-05-25,
839,2011-05-26,
840,2011-05-27,
841,2011-05-30,
842,2011-05-31,
843,2011-06-01,
844,2011-06-02,
845,2011-06-03,
846,2011-06-06,
847,2011-06-07,
848,2011-06-08,
849,2011-06-09,
850,2011-06-10,
851,2011-06-13,
852,2011-06-14,
853,2011-06-15,
854,2011-06-16,
855,2011-06-17,
856,2011-06-20,
857,2011-06-21,
858,2011-06-22,
859,2011-06-23,
860,2011-06-24,
861,2011-06-27,
862,2011-06-28,
863,2011-06-29,
864,2011-06-30,
865,2011-07-01,
866,2011-07-04,
867,2011-07-05,
868,2011-07-06,
869,2011-07-07,
870,2011-07-08,
871,2011-07-11,
872,2011-07-12,
873,2011-07-13,
874,2011-07-14,
875,2011-07-15,
876,2011-07-18,
877,2011-07-19,
878,2011-07-20,
879,2011-07-21,
880,2011-07-22,
881,2011-07-25,
882,2011-07-26,
883,2011-07-27,
884,2011-07-28,
885,2011-07-29,
886,2011-08-01,
887,2011-08-02,
888,2011-08-03,
889,2011-08-04,
890,2011-08-05,
891,2011-08-08,
892,2011-08-09,
893,2011-08-10,
894,2011-08-11,
895,2011-08-12,
896,2011-08-16,
897,2011-08-17,
898,2011-08-18,
899,2011-08-19,
900,2011-08-22,
901,2011-08-23,
902,2011-08-24,
903,2011-08-25,
904,2011-08-26,
905,2011-08-29,
906,2011-08-30,
907,2011-09-02,
908,2011-09-05,
909,2011-09-06,
910,2011-09-07,
911,2011-09-08,
912,2011-09-09,
913,2011-09-12,
914,2011-09-13,
915,2011-09-14,
916,2011-09-15,
917,2011-09-16,
918,2011-09-19,
919,2011-09-20,
920,2011-09-21,
921,2011-09-22,
922,2011-09-23,
923,2011-09-26,
924,2011-09-27,
925,2011-09-28,
926,2011-09-29,
927,2011-09-30,
928,2011-10-03,1194.15
929,2011-10-04,1176.0
930,2011-10-05,1158.3
931,2011-10-07,1161.0
932,2011-10-10,1173.7
933,2011-10-11,1207.2
934,2011-10-12,1205.15
935,2011-10-13,1220.45
936,2011-10-14,1203.75
937,2011-10-17,1231.05
938,2011-10-18,1225.35
939,2011-10-19,1215.0
940,2011-10-20,1220.05
941,2011-10-21,1215.65
942,2011-10-24,1209.95
943,2011-10-25,1198.05
944,2011-10-26,1191.95
945,2011-10-28,1210.1
946,2011-10-31,1220.85
947,2011-11-01,1237.95
948,2011-11-02,1229.75
949,2011-11-03,1239.9
950,2011-11-04,1259.35
951,2011-11-08,1271.45
952,2011-11-09,1256.0
953,2011-11-11,1232.65
954,2011-11-14,1217.55
955,2011-11-15,1187.2
956,2011-11-16,1170.9
957,2011-11-17,1166.15
958,2011-11-18,1153.0
959,2011-11-21,1149.7
960,2011-11-22,1123.95
961,2011-11-23,1124.35
962,2011-11-24,1106.95
963,2011-11-25,1144.0
964,2011-11-28,1163.2
965,2011-11-29,1179.4
966,2011-11-30,1187.65
967,2011-12-01,1176.45
968,2011-12-02,1192.15
969,2011-12-05,1212.35
970,2011-12-07,1222.35
971,2011-12-08,1223.4
972,2011-12-09,1185.55
973,2011-12-12,1179.05
974,2011-12-13,1137.35
975,2011-12-14,1143.05
976,2011-12-15,1145.4
977,2011-12-16,1147.3
978,2011-12-19,1128.7
979,2011-12-20,1112.75
980,2011-12-21,1103.45
981,2011-12-22,1098.8
982,2011-12-23,1122.15
983,2011-12-26,1130.3
984,2011-12-27,1133.35
985,2011-12-28,1131.25
986,2011-12-29,1104.45
987,2011-12-30,1114.8
988,2012-01-02,1114.3
989,2012-01-03,1116.0
990,2012-01-04,1147.35
991,2012-01-05,1129.6
992,2012-01-06,1123.45
993,2012-01-07,1115.85
994,2012-01-09,1119.75
995,2012-01-10,1114.15
996,2012-01-11,1131.7
997,2012-01-12,1140.9
998,2012-01-13,1162.8
999,2012-01-16,1177.65
1000,2012-01-17,1189.5
1001,2012-01-18,1176.9
1002,2012-01-19,1175.05
1003,2012-01-20,1174.75
1004,2012-01-23,1158.55
1005,2012-01-24,1154.4
1006,2012-01-25,1166.05
1007,2012-01-27,1195.4
1008,2012-01-30,1217.0
1009,2012-01-31,1198.7
1010,2012-02-01,1221.0
1011,2012-02-02,1255.6
1012,2012-02-03,1243.35
1013,2012-02-06,1268.15
1014,2012-02-07,1271.35
1015,2012-02-08,1257.0
1016,2012-02-09,1237.0
1017,2012-02-10,1272.7
1018,2012-02-13,1296.15
1019,2012-02-14,1288.5
1020,2012-02-15,1303.7
1021,2012-02-16,1335.35
1022,2012-02-17,1326.7
1023,2012-02-21,1304.9
1024,2012-02-22,1309.85
1025,2012-02-23,1261.05
1026,2012-02-24,1246.0
1027,2012-02-27,1266.4
1028,2012-02-28,1209.4
1029,2012-02-29,1234.3
1030,2012-03-01,1233.3
1031,2012-03-02,1258.8
1032,2012-03-03,1278.05
1033,2012-03-05,1277.05
1034,2012-03-06,1280.7
1035,2012-03-07,1252.25
1036,2012-03-09,1261.9
1037,2012-03-12,1270.15
1038,2012-03-13,1259.0
1039,2012-03-14,1275.1
1040,2012-03-15,1280.3
1041,2012-03-16,1248.7
1042,2012-03-19,1210.35
1043,2012-03-20,1203.3
1044,2012-03-21,1194.85
1045,2012-03-22,1232.45
1046,2012-03-23,1218.05
1047,2012-03-26,1216.7
1048,2012-03-27,1212.1
1049,2012-03-28,1216.1
1050,2012-03-29,1200.75
1051,2012-03-30,1223.4
1052,2012-04-02,1239.05
1053,2012-04-03,1268.65
1054,2012-04-04,1297.95
1055,2012-04-09,1268.15
1056,2012-04-10,1243.8
1057,2012-04-11,1225.35
1058,2012-04-12,1225.85
1059,2012-04-13,1213.65
1060,2012-04-16,1199.65
1061,2012-04-17,1207.3
1062,2012-04-18,1222.95
1063,2012-04-19,1227.95
1064,2012-04-20,1223.75
1065,2012-04-23,1205.85
1066,2012-04-24,1192.35
1067,2012-04-25,1188.4
1068,2012-04-26,1197.05
1069,2012-04-27,1186.7
1070,2012-04-28,1187.15
1071,2012-04-30,1197.1
1072,2012-05-02,1204.5
1073,2012-05-03,1215.0
1074,2012-05-04,1205.35
1075,2012-05-07,1181.1
1076,2012-05-08,1200.8
1077,2012-05-09,1179.4
1078,2012-05-10,1171.4
1079,2012-05-11,1161.45
1080,2012-05-14,1152.65
1081,2012-05-15,1142.65
1082,2012-05-16,1144.5
1083,2012-05-17,1146.85
1084,2012-05-18,1134.7
1085,2012-05-21,1140.25
1086,2012-05-22,1150.65
1087,2012-05-23,1130.7
1088,2012-05-24,1128.7
1089,2012-05-25,1134.35
1090,2012-05-28,1140.35
1091,2012-05-29,1141.35
1092,2012-05-30,1135.05
1093,2012-05-31,1126.95
1094,2012-06-01,1151.6
1095,2012-06-04,1107.8
1096,2012-06-05,1113.55
1097,2012-06-06,1119.9
1098,2012-06-07,1148.15
1099,2012-06-08,1176.35
1100,2012-06-11,1194.95
1101,2012-06-12,1177.3
1102,2012-06-13,1184.1
1103,2012-06-14,1173.05
1104,2012-06-15,1175.55
1105,2012-06-18,1183.9
1106,2012-06-19,1156.1
1107,2012-06-20,1178.35
1108,2012-06-21,1180.55
1109,2012-06-22,1192.3
1110,2012-06-25,1195.25
1111,2012-06-26,1205.85
1112,2012-06-27,1231.95
1113,2012-06-28,1255.45
1114,2012-06-29,1246.45
1115,2012-07-02,1267.5
1116,2012-07-03,1282.35
1117,2012-07-04,1292.5
1118,2012-07-05,1299.55
1119,2012-07-06,1312.7
1120,2012-07-09,1307.45
1121,2012-07-10,1291.75
1122,2012-07-11,1276.0
1123,2012-07-12,1276.85
1124,2012-07-13,1272.5
1125,2012-07-16,1281.5
1126,2012-07-17,1280.15
1127,2012-07-18,1271.15
1128,2012-07-19,1283.5
1129,2012-07-20,1287.95
1130,2012-07-23,1293.1
1131,2012-07-24,1295.35
1132,2012-07-25,1301.1
1133,2012-07-26,1321.95
1134,2012-07-27,1300.3
1135,2012-07-30,1278.95
1136,2012-07-31,1289.1
1137,2012-08-01,1325.0
1138,2012-08-02,1327.5
1139,2012-08-03,1332.1
1140,2012-08-06,1315.05
1141,2012-08-07,1323.35
1142,2012-08-08,1360.0
1143,2012-08-09,1343.85
1144,2012-08-10,1333.5
1145,2012-08-13,1352.8
1146,2012-08-14,1364.0
1147,2012-08-16,1373.45
1148,2012-08-17,1382.45
1149,2012-08-21,1366.75
1150,2012-08-22,1373.9
1151,2012-08-23,1362.55
1152,2012-08-24,1342.05
1153,2012-08-27,1337.95
1154,2012-08-28,1340.6
1155,2012-08-29,1322.25
1156,2012-08-30,1306.15
1157,2012-08-31,1322.0
1158,2012-09-03,1310.35
1159,2012-09-04,1310.65
1160,2012-09-05,1351.6
1161,2012-09-06,1368.8
1162,2012-09-07,1394.85
1163,2012-09-08,1387.75
1164,2012-09-10,1400.4
1165,2012-09-11,1386.2
1166,2012-09-12,1377.45
1167,2012-09-13,1397.65
1168,2012-09-14,1393.3
1169,2012-09-17,1440.5
1170,2012-09-18,1448.4
1171,2012-09-20,1464.55
1172,2012-09-21,1493.1
1173,2012-09-24,1456.5
1174,2012-09-25,1458.55
1175,2012-09-26,1463.9
1176,2012-09-27,1476.25
1177,2012-09-28,1514.3
1178,2012-10-01,1565.1
1179,2012-10-03,1593.05
1180,2012-10-04,1587.5
1181,2012-10-05,1635.5
1182,2012-10-08,1597.15
1183,2012-10-09,1567.8
1184,2012-10-10,1566.9
1185,2012-10-11,1539.7
1186,2012-10-12,1537.35
1187,2012-10-15,1550.2
1188,2012-10-16,1541.55
1189,2012-10-17,1552.45
1190,2012-10-18,1611.2
1191,2012-10-19,1616.8
1192,2012-10-22,1595.65
1193,2012-10-23,1565.9
1194,2012-10-25,1563.75
1195,2012-10-26,1539.0
1196,2012-10-29,1497.65
1197,2012-10-30,1480.35
1198,2012-10-31,1497.6
1199,2012-11-01,1543.8
1200,2012-11-02,1544.55
1201,2012-11-05,1559.2
1202,2012-11-06,1570.45
1203,2012-11-07,1572.35
1204,2012-11-08,1571.65
1205,2012-11-09,1582.45
1206,2012-11-12,1547.5
1207,2012-11-13,1549.4
1208,2012-11-15,1568.0
1209,2012-11-16,1643.1
1210,2012-11-19,1606.85
1211,2012-11-20,1600.1
1212,2012-11-21,1579.75
1213,2012-11-22,1607.6
1214,2012-11-23,1623.35
1215,2012-11-26,1656.85
1216,2012-11-27,1667.6
1217,2012-11-29,1662.35
1218,2012-11-30,1701.0
1219,2012-12-03,1683.3
1220,2012-12-04,1701.75
1221,2012-12-05,1746.85
1222,2012-12-06,1746.6
1223,2012-12-07,1774.6
1224,2012-12-10,1744.0
1225,2012-12-11,1724.1
1226,2012-12-12,1690.45
1227,2012-12-13,1707.7
1228,2012-12-14,1701.35
1229,2012-12-17,1714.25
1230,2012-12-18,1730.9
1231,2012-12-19,1794.8
1232,2012-12-20,1777.7
1233,2012-12-21,1774.35
1234,2012-12-24,1754.6
1235,2012-12-26,1791.85
1236,2012-12-27,1789.85
1237,2012-12-28,1758.4
1238,2012-12-31,1757.0
1239,2013-01-01,1772.5
1240,2013-01-02,1799.7
1241,2013-01-03,1820.3
1242,2013-01-04,1836.15
1243,2013-01-07,1827.8
1244,2013-01-08,1819.0
1245,2013-01-09,1824.55
1246,2013-01-10,1826.6
1247,2013-01-11,1819.4
1248,2013-01-14,1825.8
1249,2013-01-15,1837.75
1250,2013-01-16,1824.45
1251,2013-01-17,1787.55
1252,2013-01-18,1812.2
1253,2013-01-21,1798.2
1254,2013-01-22,1794.8
1255,2013-01-23,1793.1
1256,2013-01-24,1840.45
1257,2013-01-25,1791.95
1258,2013-01-28,1815.4
1259,2013-01-29,1824.4
1260,2013-01-30,1804.1
1261,2013-01-31,1790.55
1262,2013-02-01,1819.6
1263,2013-02-04,1842.25
1264,2013-02-05,1841.85
1265,2013-02-06,1840.3
1266,2013-02-07,1850.4
1267,2013-02-08,1815.45
1268,2013-02-11,1802.1
1269,2013-02-12,1802.75
1270,2013-02-13,1805.2
1271,2013-02-14,1776.75
1272,2013-02-15,1747.9
1273,2013-02-18,1735.4
1274,2013-02-19,1728.75
1275,2013-02-20,1746.55
1276,2013-02-21,1710.95
1277,2013-02-22,1679.25
1278,2013-02-25,1691.15
1279,2013-02-26,1678.15
1280,2013-02-27,1664.95
1281,2013-02-28,1697.95
1282,2013-03-01,1647.2
1283,2013-03-04,1671.15
1284,2013-03-05,1671.4
1285,2013-03-06,1684.9
1286,2013-03-07,1678.4
1287,2013-03-08,1701.2
1288,2013-03-11,1707.5
1289,2013-03-12,1698.1
1290,2013-03-13,1688.0
1291,2013-03-14,1648.3
1292,2013-03-15,1683.4
1293,2013-03-18,1679.55
1294,2013-03-19,1691.3
1295,2013-03-20,1648.8
1296,2013-03-21,1604.5
1297,2013-03-22,1572.25
1298,2013-03-25,1610.15
1299,2013-03-26,1610.3
1300,2013-03-28,1611.85
1301,2013-04-01,1647.3
1302,2013-04-02,1661.6
1303,2013-04-03,1671.25
1304,2013-04-04,1634.85
1305,2013-04-05,1607.8
1306,2013-04-08,1612.75
1307,2013-04-09,1592.75
1308,2013-04-10,1587.7
1309,2013-04-11,1601.8
1310,2013-04-12,1595.35
1311,2013-04-15,1591.85
1312,2013-04-16,1594.3
1313,2013-04-17,1591.55
1314,2013-04-18,1609.6
1315,2013-04-22,1641.4
1316,2013-04-23,1681.25
1317,2013-04-25,1662.0
1318,2013-04-26,1696.35
1319,2013-04-29,1680.45
1320,2013-04-30,1695.25
1321,2013-05-02,1715.6
1322,2013-05-03,1734.9
1323,2013-05-06,1735.45
1324,2013-05-07,1751.85
1325,2013-05-08,1754.7
1326,2013-05-09,1805.05
1327,2013-05-10,1783.65
1328,2013-05-11,1785.6
1329,2013-05-13,1795.95
1330,2013-05-14,1759.7
1331,2013-05-15,1797.05
1332,2013-05-16,1812.3
1333,2013-05-17,1798.7
1334,2013-05-20,1791.0
1335,2013-05-21,1780.2
1336,2013-05-22,1794.85
1337,2013-05-23,1758.6
1338,2013-05-24,1751.6
1339,2013-05-27,1738.4
1340,2013-05-28,1731.55
1341,2013-05-29,1732.9
1342,2013-05-30,1730.7
1343,2013-05-31,1734.0
1344,2013-06-03,1689.8
1345,2013-06-04,1729.7
1346,2013-06-05,1729.65
1347,2013-06-06,1705.55
1348,2013-06-07,1717.95
1349,2013-06-10,1700.15
1350,2013-06-11,1680.6
1351,2013-06-12,1645.0
1352,2013-06-13,1608.2
1353,2013-06-14,1588.3
1354,2013-06-17,1615.0
1355,2013-06-18,1630.05
1356,2013-06-19,1650.55
1357,2013-06-20,1651.7
1358,2013-06-21,1627.35
1359,2013-06-24,1651.65
1360,2013-06-25,1619.7
1361,2013-06-26,1596.85
1362,2013-06-27,1613.7
1363,2013-06-28,1640.75
1364,2013-07-01,1656.5
1365,2013-07-02,1710.25
1366,2013-07-03,1664.75
1367,2013-07-04,1671.9
1368,2013-07-05,1688.65
1369,2013-07-08,1652.05
1370,2013-07-09,1683.1
1371,2013-07-10,1702.75
1372,2013-07-11,1673.4
1373,2013-07-12,1671.95
1374,2013-07-15,1675.15
1375,2013-07-16,1672.15
1376,2013-07-17,1675.5
1377,2013-07-18,1670.2
1378,2013-07-19,1701.3
1379,2013-07-22,1675.0
1380,2013-07-23,1699.4
1381,2013-07-24,1689.5
1382,2013-07-25,1674.15
1383,2013-07-26,1735.8
1384,2013-07-29,1678.0
1385,2013-07-30,1663.05
1386,2013-07-31,1614.1
1387,2013-08-01,1656.45
1388,2013-08-02,1633.55
1389,2013-08-05,1641.1
1390,2013-08-06,1664.75
1391,2013-08-07,1603.55
1392,2013-08-08,1586.75
1393,2013-08-12,1613.1
1394,2013-08-13,1623.2
1395,2013-08-14,1666.65
1396,2013-08-16,1679.75
1397,2013-08-19,1602.95
1398,2013-08-20,1586.5
1399,2013-08-21,1596.1
1400,2013-08-22,1548.05
1401,2013-08-23,1550.6
1402,2013-08-26,1542.35
1403,2013-08-27,1552.0
1404,2013-08-28,1514.8
1405,2013-08-29,1491.0
1406,2013-08-30,1522.0
1407,2013-09-02,1553.9
1408,2013-09-03,1584.25
1409,2013-09-04,1514.15
1410,2013-09-05,1517.2
1411,2013-09-06,1548.7
1412,2013-09-10,1537.8
1413,2013-09-11,1562.7
1414,2013-09-12,1561.85
1415,2013-09-13,1545.05
1416,2013-09-16,1583.25
1417,2013-09-17,1558.5
1418,2013-09-18,1561.95
1419,2013-09-19,1595.1
1420,2013-09-20,1587.2
1421,2013-09-23,1566.4
1422,2013-09-24,1565.2
1423,2013-09-25,1590.0
1424,2013-09-26,1636.05
1425,2013-09-27,1634.45
1426,2013-09-30,1607.3
1427,2013-10-01,1589.05
1428,2013-10-03,1609.6
1429,2013-10-04,1649.05
1430,2013-10-07,1659.85
1431,2013-10-08,1683.65
1432,2013-10-09,1640.3
1433,2013-10-10,1650.8
1434,2013-10-11,1655.65
1435,2013-10-14,1658.9
1436,2013-10-15,1655.05
1437,2013-10-17,1644.9
1438,2013-10-18,1673.85
1439,2013-10-21,1695.3
1440,2013-10-22,1751.35
1441,2013-10-23,1763.3
1442,2013-10-24,1754.35
1443,2013-10-25,1722.15
1444,2013-10-28,1743.1
1445,2013-10-29,1722.7
1446,2013-10-30,1739.9
1447,2013-10-31,1729.15
1448,2013-11-01,1752.2
1449,2013-11-03,1787.3
1450,2013-11-05,1793.85
1451,2013-11-06,1821.45
1452,2013-11-07,1789.95
1453,2013-11-08,1772.35
1454,2013-11-11,1737.85
1455,2013-11-12,1775.55
1456,2013-11-13,1753.5
1457,2013-11-14,1756.8
1458,2013-11-18,1761.95
1459,2013-11-19,1764.15
1460,2013-11-20,1757.1
1461,2013-11-21,1710.4
1462,2013-11-22,1680.1
1463,2013-11-25,1671.8
1464,2013-11-26,1681.2
1465,2013-11-27,1653.3
1466,2013-11-28,1654.05
1467,2013-11-29,1678.8
1468,2013-12-02,1694.2
1469,2013-12-03,1724.15
1470,2013-12-04,1739.35
1471,2013-12-05,1743.15
1472,2013-12-06,1698.95
1473,2013-12-09,1747.8
1474,2013-12-10,1766.9
1475,2013-12-11,1731.05
1476,2013-12-12,1754.25
1477,2013-12-13,1739.75
1478,2013-12-16,1736.15
1479,2013-12-17,1747.1
1480,2013-12-18,1758.4
1481,2013-12-19,1758.7
1482,2013-12-20,1758.45
1483,2013-12-23,1787.6
1484,2013-12-24,1774.95
1485,2013-12-26,1782.0
1486,2013-12-27,1793.55
1487,2013-12-30,1783.95
1488,2013-12-31,1780.1
1489,2014-01-01,1793.5
1490,2014-01-02,1796.35
1491,2014-01-03,1772.1
1492,2014-01-06,1789.5
1493,2014-01-07,1837.25
1494,2014-01-08,1821.95
1495,2014-01-09,1810.9
1496,2014-01-10,1825.45
1497,2014-01-13,1832.85
1498,2014-01-14,1841.1
1499,2014-01-15,1790.1
1500,2014-01-16,1785.8
1501,2014-01-17,1770.8
1502,2014-01-20,1761.9
1503,2014-01-21,1788.65
1504,2014-01-22,1777.2
1505,2014-01-23,1793.55
1506,2014-01-24,1780.35
1507,2014-01-27,1750.75
1508,2014-01-28,1697.2
1509,2014-01-29,1701.15
1510,2014-01-30,1663.75
1511,2014-01-31,1672.7
1512,2014-02-03,1699.3
1513,2014-02-04,1699.95
1514,2014-02-05,1716.8
1515,2014-02-06,1710.3
1516,2014-02-07,1717.35
1517,2014-02-10,1731.8
1518,2014-02-11,1723.45
1519,2014-02-12,1705.15
1520,2014-02-13,1697.2
1521,2014-02-14,1676.65
1522,2014-02-17,1664.8
1523,2014-02-18,1659.35
1524,2014-02-19,1677.85
1525,2014-02-20,1654.35
1526,2014-02-21,1678.2
1527,2014-02-24,1708.15
1528,2014-02-25,1686.25
1529,2014-02-26,1697.35
1530,2014-02-28,1701.15
1531,2014-03-03,1682.2
1532,2014-03-04,1704.15
1533,2014-03-05,1722.1
1534,2014-03-06,1736.3
1535,2014-03-07,1756.05
1536,2014-03-10,1769.45
1537,2014-03-11,1787.0
1538,2014-03-12,1778.6
1539,2014-03-13,1810.65
1540,2014-03-14,1773.25
1541,2014-03-18,1756.2
1542,2014-03-19,1801.2
1543,2014-03-20,1800.5
1544,2014-03-21,1812.3
1545,2014-03-22,1841.95
1546,2014-03-24,1834.7
1547,2014-03-25,1842.6
1548,2014-03-26,1850.85
1549,2014-03-27,1802.95
1550,2014-03-28,1790.75
1551,2014-03-31,1794.55
1552,2014-04-01,1814.5
1553,2014-04-02,1828.65
1554,2014-04-03,1859.95
1555,2014-04-04,1832.9
1556,2014-04-07,1827.85
1557,2014-04-09,1822.95
1558,2014-04-10,1822.8
1559,2014-04-11,1824.45
1560,2014-04-15,1812.35
1561,2014-04-16,1776.7
1562,2014-04-17,1762.15
1563,2014-04-21,1767.1
1564,2014-04-22,1773.9
1565,2014-04-23,1738.35
1566,2014-04-25,1765.0
1567,2014-04-28,1775.75
1568,2014-04-29,1779.05
1569,2014-04-30,1757.2
1570,2014-05-02,1739.1
1571,2014-05-05,1760.15
1572,2014-05-06,1744.25
1573,2014-05-07,1731.95
1574,2014-05-08,1724.2
1575,2014-05-09,1721.4
1576,2014-05-12,1733.7
1577,2014-05-13,1797.95
1578,2014-05-14,1797.85
1579,2014-05-15,1805.95
1580,2014-05-16,1784.35
1581,2014-05-19,1821.5
1582,2014-05-20,1827.25
1583,2014-05-21,1915.85
1584,2014-05-22,1941.1
1585,2014-05-23,1948.1
1586,2014-05-26,1940.8
1587,2014-05-27,1904.1
1588,2014-05-28,1919.6
1589,2014-05-29,1907.8
1590,2014-05-30,1935.1
1591,2014-06-02,1957.85
1592,2014-06-03,1993.35
1593,2014-06-04,1974.85
1594,2014-06-05,1993.7
1595,2014-06-06,2014.55
1596,2014-06-09,2036.85
1597,2014-06-10,2117.5
1598,2014-06-11,2089.05
1599,2014-06-12,2039.6
1600,2014-06-13,2016.25
1601,2014-06-16,1963.45
1602,2014-06-17,1965.15
1603,2014-06-18,1980.25
1604,2014-06-19,2016.65
1605,2014-06-20,2006.95
1606,2014-06-23,2030.0
1607,2014-06-24,2047.05
1608,2014-06-25,2038.6
1609,2014-06-26,2044.95
1610,2014-06-27,2091.35
1611,2014-06-30,2088.5
1612,2014-07-01,2118.15
1613,2014-07-02,2148.1
1614,2014-07-03,2140.35
1615,2014-07-04,2118.95
1616,2014-07-07,2136.95
1617,2014-07-08,2131.4
1618,2014-07-09,2054.85
1619,2014-07-10,2028.0
1620,2014-07-11,2045.35
1621,2014-07-14,2065.1
1622,2014-07-15,2043.9
1623,2014-07-16,2050.8
1624,2014-07-17,2087.9
1625,2014-07-18,2075.55
1626,2014-07-21,2074.5
1627,2014-07-22,2107.75
1628,2014-07-23,2101.85
1629,2014-07-24,2077.8
1630,2014-07-25,2062.55
1631,2014-07-28,2009.45
1632,2014-07-30,1975.5
1633,2014-07-31,2018.75
1634,2014-08-01,2007.4
1635,2014-08-04,1996.55
1636,2014-08-05,2014.2
1637,2014-08-06,1986.45
1638,2014-08-07,1965.95
1639,2014-08-08,1960.65
1640,2014-08-11,1936.2
1641,2014-08-12,1928.8
1642,2014-08-13,1921.5
1643,2014-08-14,1861.5
1644,2014-08-18,1886.75
1645,2014-08-19,1907.5
1646,2014-08-20,1923.3
1647,2014-08-21,1965.6
1648,2014-08-22,1961.45
1649,2014-08-25,1936.1
1650,2014-08-26,1913.85
1651,2014-08-27,1911.45
1652,2014-08-28,1903.6
1653,2014-09-01,1893.95
1654,2014-09-02,1925.0
1655,2014-09-03,1940.6
1656,2014-09-04,1938.05
1657,2014-09-05,1943.1
1658,2014-09-08,1947.05
1659,2014-09-09,1940.65
1660,2014-09-10,1934.65
1661,2014-09-11,1990.3
1662,2014-09-12,1953.35
1663,2014-09-15,1949.8
1664,2014-09-16,1980.0
1665,2014-09-17,1956.65
1666,2014-09-18,1946.0
1667,2014-09-19,2025.35
1668,2014-09-22,2034.3
1669,2014-09-23,2005.4
1670,2014-09-24,1975.05
1671,2014-09-25,1970.05
1672,2014-09-26,1963.7
1673,2014-09-29,1969.55
1674,2014-09-30,1986.0
1675,2014-10-01,2035.0
1676,2014-10-07,2011.7
1677,2014-10-08,1982.8
1678,2014-10-09,2000.55
1679,2014-10-10,2051.5
1680,2014-10-13,2025.8
1681,2014-10-14,2027.35
1682,2014-10-16,2021.05
1683,2014-10-17,2009.25
1684,2014-10-20,2057.75
1685,2014-10-21,2067.5
1686,2014-10-22,2102.0
1687,2014-10-23,2129.0
1688,2014-10-27,2126.05
1689,2014-10-28,2092.6
1690,2014-10-29,2113.55
1691,2014-10-30,2124.2
1692,2014-10-31,2141.4
1693,2014-11-03,2154.15
1694,2014-11-05,2187.2
1695,2014-11-07,2221.8
1696,2014-11-10,2270.55
1697,2014-11-11,2256.0
1698,2014-11-12,2274.45
1699,2014-11-13,2275.85
1700,2014-11-14,2258.05
1701,2014-11-17,2267.75
1702,2014-11-18,2308.9
1703,2014-11-19,2336.2
1704,2014-11-20,2332.8
1705,2014-11-21,2283.5
1706,2014-11-24,2307.95
1707,2014-11-25,2348.35
1708,2014-11-26,2328.55
1709,2014-11-27,2295.95
1710,2014-11-28,2295.95
1711,2014-12-01,2325.3
1712,2014-12-02,2310.65
1713,2014-12-03,2347.5
1714,2014-12-04,2366.45
1715,2014-12-05,2357.25
1716,2014-12-08,2366.05
1717,2014-12-09,2385.75
1718,2014-12-10,2321.7
1719,2014-12-11,2375.45
1720,2014-12-12,2369.75
1721,2014-12-15,2279.85
1722,2014-12-16,2303.1
1723,2014-12-17,2288.95
1724,2014-12-18,2295.8
1725,2014-12-19,2351.75
1726,2014-12-22,2324.8
1727,2014-12-23,2344.9
1728,2014-12-24,2351.25
1729,2014-12-26,2370.6
1730,2014-12-29,2356.35
1731,2014-12-30,2368.35
1732,2014-12-31,2368.4
1733,2015-01-01,2390.3
1734,2015-01-02,2380.5
1735,2015-01-05,2382.35
1736,2015-01-06,2360.5
1737,2015-01-07,2294.95
1738,2015-01-08,2289.15
1739,2015-01-09,2306.2
1740,2015-01-12,2278.6
1741,2015-01-13,2304.85
1742,2015-01-14,2298.85
1743,2015-01-15,2295.7
1744,2015-01-16,2318.4
1745,2015-01-19,2417.4
1746,2015-01-20,2402.45
1747,2015-01-21,2435.9
1748,2015-01-22,2400.15
1749,2015-01-23,2433.95
1750,2015-01-27,2398.0
1751,2015-01-28,2397.4
1752,2015-01-29,2400.95
1753,2015-01-30,2394.55
1754,2015-02-02,2356.55
1755,2015-02-03,2350.5
1756,2015-02-04,2360.7
1757,2015-02-05,2316.4
1758,2015-02-06,2295.4
1759,2015-02-09,2281.6
1760,2015-02-10,2254.65
1761,2015-02-11,2272.45
1762,2015-02-12,2271.65
1763,2015-02-13,2325.4
1764,2015-02-16,2350.25
1765,2015-02-18,2322.4
1766,2015-02-19,2330.55
1767,2015-02-20,2306.15
1768,2015-02-23,2317.55
1769,2015-02-24,2270.55
1770,2015-02-25,2298.45
1771,2015-02-26,2271.35
1772,2015-02-27,2248.45
1773,2015-02-28,2257.05
1774,2015-03-02,2240.2
1775,2015-03-03,2246.4
1776,2015-03-04,2272.75
1777,2015-03-05,2229.9
1778,2015-03-09,2229.25
1779,2015-03-10,2196.0
1780,2015-03-11,2219.85
1781,2015-03-12,2222.3
1782,2015-03-13,2263.7
1783,2015-03-16,2208.9
1784,2015-03-17,2235.45
1785,2015-03-18,2259.9
1786,2015-03-19,2288.7
1787,2015-03-20,2262.35
1788,2015-03-23,2228.95
1789,2015-03-24,2194.8
1790,2015-03-25,2202.35
1791,2015-03-26,2171.9
1792,2015-03-27,2161.6
1793,2015-03-30,2147.55
1794,2015-03-31,2188.95
1795,2015-04-01,2182.6
1796,2015-04-06,2202.0
1797,2015-04-07,2184.25
1798,2015-04-08,2171.4
1799,2015-04-09,2191.6
1800,2015-04-10,2251.8
1801,2015-04-13,2257.7
1802,2015-04-15,2241.75
1803,2015-04-16,2241.5
1804,2015-04-17,2207.45
1805,2015-04-20,2189.4
1806,2015-04-21,2133.9
1807,2015-04-22,2128.65
1808,2015-04-23,2135.75
1809,2015-04-24,2141.65
1810,2015-04-27,2098.45
1811,2015-04-28,2082.8
1812,2015-04-29,2079.35
1813,2015-04-30,2077.45
1814,2015-05-04,2060.3
1815,2015-05-05,2101.55
1816,2015-05-06,2070.4
1817,2015-05-07,2020.8
1818,2015-05-08,2040.5
1819,2015-05-11,2058.4
1820,2015-05-12,2088.25
1821,2015-05-13,2039.2
1822,2015-05-14,2012.85
1823,2015-05-15,2023.65
1824,2015-05-18,2009.3
1825,2015-05-19,2076.7
1826,2015-05-20,2095.6
1827,2015-05-21,2097.75
1828,2015-05-22,2097.65
1829,2015-05-25,2087.25
1830,2015-05-26,2089.45
1831,2015-05-27,2090.5
1832,2015-05-28,2110.95
1833,2015-05-29,2113.1
1834,2015-06-01,2101.9
1835,2015-06-02,2088.7
1836,2015-06-03,2099.05
1837,2015-06-04,2068.25
1838,2015-06-05,2089.05
1839,2015-06-08,2122.1
1840,2015-06-09,2074.75
1841,2015-06-10,2081.15
1842,2015-06-11,2100.95
1843,2015-06-12,2074.75
1844,2015-06-15,2081.3
1845,2015-06-16,2110.45
1846,2015-06-17,2150.0
1847,2015-06-18,2165.75
1848,2015-06-19,2177.9
1849,2015-06-22,2176.9
1850,2015-06-23,2173.05
1851,2015-06-24,2188.85
1852,2015-06-25,2190.55
1853,2015-06-26,2207.5
1854,2015-06-29,2151.5
1855,2015-06-30,2178.45
1856,2015-07-01,2242.65
1857,2015-07-02,2230.15
1858,2015-07-03,2260.5
1859,2015-07-06,2234.9
1860,2015-07-07,2292.5
1861,2015-07-08,2252.25
1862,2015-07-09,2225.65
1863,2015-07-10,2192.1
1864,2015-07-13,2231.05
1865,2015-07-14,2289.8
1866,2015-07-15,2306.95
1867,2015-07-16,2325.25
1868,2015-07-17,2347.85
1869,2015-07-20,2343.2
1870,2015-07-21,2365.1
1871,2015-07-22,2380.25
1872,2015-07-23,2438.55
1873,2015-07-24,2406.7
1874,2015-07-27,2385.4
1875,2015-07-28,2396.65
1876,2015-07-29,2383.15
1877,2015-07-30,2449.35
1878,2015-07-31,2436.25
1879,2015-08-03,2456.8
1880,2015-08-04,2495.0
1881,2015-08-05,2501.15
1882,2015-08-06,2524.4
1883,2015-08-07,2519.45
1884,2015-08-10,2491.95
1885,2015-08-11,2483.7
1886,2015-08-12,2489.7
1887,2015-08-13,2437.05
1888,2015-08-14,2423.15
1889,2015-08-17,2489.2
1890,2015-08-18,2476.1
1891,2015-08-19,2473.7
1892,2015-08-20,2467.05
1893,2015-08-21,2388.6
1894,2015-08-24,2268.95
1895,2015-08-25,2198.05
1896,2015-08-26,2186.75
1897,2015-08-27,2274.65
1898,2015-08-28,2320.55
1899,2015-08-31,2333.15
1900,2015-09-01,2311.0
1901,2015-09-02,2277.35
1902,2015-09-03,2270.15
1903,2015-09-04,2280.9
1904,2015-09-07,2245.45
1905,2015-09-08,2233.85
1906,2015-09-09,2295.5
1907,2015-09-10,2310.35
1908,2015-09-11,2347.4
1909,2015-09-14,2347.4
1910,2015-09-15,2359.2
1911,2015-09-16,2354.55
1912,2015-09-18,2374.35
1913,2015-09-21,2371.7
1914,2015-09-22,2404.45
1915,2015-09-23,2317.55
1916,2015-09-24,2360.45
1917,2015-09-28,2407.85
1918,2015-09-29,2315.3
1919,2015-09-30,2381.75
1920,2015-10-01,2390.3
1921,2015-10-05,2434.25
1922,2015-10-06,2441.35
1923,2015-10-07,2415.05
1924,2015-10-08,2413.25
1925,2015-10-09,2430.9
1926,2015-10-12,2423.3
1927,2015-10-13,2420.5
1928,2015-10-14,2408.65
1929,2015-10-15,2369.25
1930,2015-10-16,2477.55
1931,2015-10-19,2490.2
1932,2015-10-20,2533.8
1933,2015-10-21,2545.45
1934,2015-10-23,2569.1
1935,2015-10-26,2539.8
1936,2015-10-27,2477.75
1937,2015-10-28,2482.05
1938,2015-10-29,2470.9
1939,2015-10-30,2439.2
1940,2015-11-02,2420.5
1941,2015-11-03,2428.95
1942,2015-11-04,2426.3
1943,2015-11-05,2427.55
1944,2015-11-06,2386.4
1945,2015-11-09,2306.95
1946,2015-11-10,2303.4
1947,2015-11-11,2332.0
1948,2015-11-13,2315.05
1949,2015-11-16,2270.4
1950,2015-11-17,2300.4
1951,2015-11-18,2298.65
1952,2015-11-19,2290.45
1953,2015-11-20,2343.8
1954,2015-11-23,2360.4
1955,2015-11-24,2396.55
1956,2015-11-26,2367.15
1957,2015-11-27,2415.5
1958,2015-11-30,2423.15
1959,2015-12-01,2439.4
1960,2015-12-02,2480.6
1961,2015-12-03,2457.9
1962,2015-12-04,2446.4
1963,2015-12-07,2401.0
1964,2015-12-08,2396.65
1965,2015-12-09,2398.8
1966,2015-12-10,2366.65
1967,2015-12-11,2402.05
1968,2015-12-14,2379.7
1969,2015-12-15,2421.75
1970,2015-12-16,2448.55
1971,2015-12-17,2450.45
1972,2015-12-18,2491.95
1973,2015-12-21,2488.65
1974,2015-12-22,2525.35
1975,2015-12-23,2526.9
1976,2015-12-24,2532.75
1977,2015-12-28,2529.85
1978,2015-12-29,2538.25
1979,2015-12-30,2554.4
1980,2015-12-31,2603.45
1981,2016-01-01,2634.05
1982,2016-01-04,2618.65
1983,2016-01-05,2589.15
1984,2016-01-06,2594.4
1985,2016-01-07,2562.05
1986,2016-01-08,2542.55
1987,2016-01-11,2481.15
1988,2016-01-12,2515.75
1989,2016-01-13,2508.3
1990,2016-01-14,2482.8
1991,2016-01-15,2516.9
1992,2016-01-18,2393.45
1993,2016-01-19,2342.35
1994,2016-01-20,2335.2
1995,2016-01-21,2294.05
1996,2016-01-22,2322.5
1997,2016-01-25,2370.0
1998,2016-01-27,2365.2
1999,2016-01-28,2352.9
2000,2016-01-29,2394.7
2001,2016-02-01,2484.25
2002,2016-02-02,2453.6
2003,2016-02-03,2360.1
2004,2016-02-04,2397.55
2005,2016-02-05,2340.6
2006,2016-02-08,2374.3
2007,2016-02-09,2347.5
2008,2016-02-10,2311.0
2009,2016-02-11,2261.35
2010,2016-02-12,2179.15
2011,2016-02-15,2194.25
2012,2016-02-16,2264.4
2013,2016-02-17,2180.85
2014,2016-02-18,2215.8
2015,2016-02-19,2208.65
2016,2016-02-22,2253.35
2017,2016-02-23,2273.4
2018,2016-02-24,2233.45
2019,2016-02-25,2232.9
2020,2016-02-26,2214.9
2021,2016-02-29,2198.05
2022,2016-03-01,2181.95
2023,2016-03-02,2295.0
2024,2016-03-03,2334.8
2025,2016-03-04,2316.5
2026,2016-03-08,2317.85
2027,2016-03-09,2280.2
2028,2016-03-10,2327.3
2029,2016-03-11,2306.85
2030,2016-03-14,2333.15
2031,2016-03-15,2339.05
2032,2016-03-16,2277.65
2033,2016-03-17,2309.35
2034,2016-03-18,2310.2
2035,2016-03-21,2314.8
2036,2016-03-22,2324.5
2037,2016-03-23,2322.2
2038,2016-03-28,2334.6
2039,2016-03-29,2294.1
2040,2016-03-30,2292.5
2041,2016-03-31,2291.05
2042,2016-04-01,2312.1
2043,2016-04-04,2327.4
2044,2016-04-05,2349.3
2045,2016-04-06,2294.6
2046,2016-04-07,2321.9
2047,2016-04-08,2280.8
2048,2016-04-11,2295.1
2049,2016-04-12,2308.6
2050,2016-04-13,2374.1
2051,2016-04-18,2364.0
2052,2016-04-20,2404.65
2053,2016-04-21,2383.25
2054,2016-04-22,2368.0
2055,2016-04-25,2377.75
2056,2016-04-26,2369.45
2057,2016-04-27,2415.05
2058,2016-04-28,2406.4
2059,2016-04-29,2381.35
2060,2016-05-02,2420.25
2061,2016-05-03,2428.25
2062,2016-05-04,2432.2
2063,2016-05-05,2379.3
2064,2016-05-06,2362.3
2065,2016-05-09,2373.0
2066,2016-05-10,2439.45
2067,2016-05-11,2421.05
2068,2016-05-12,2541.5
2069,2016-05-13,2546.2
2070,2016-05-16,2573.2
2071,2016-05-17,2572.9
2072,2016-05-18,2570.75
2073,2016-05-19,2541.25
2074,2016-05-20,2487.8
2075,2016-05-23,2511.9
2076,2016-05-24,2479.65
2077,2016-05-25,2504.65
2078,2016-05-26,2496.7
2079,2016-05-27,2528.65
2080,2016-05-30,2557.95
2081,2016-05-31,2543.4
2082,2016-06-01,2544.75
2083,2016-06-02,2554.9
2084,2016-06-03,2576.6
2085,2016-06-06,2557.6
2086,2016-06-07,2550.55
2087,2016-06-08,2587.3
2088,2016-06-09,2591.55
2089,2016-06-10,2592.0
2090,2016-06-13,2567.75
2091,2016-06-14,2607.85
2092,2016-06-15,2602.1
2093,2016-06-16,2600.85
2094,2016-06-17,2591.55
2095,2016-06-20,2562.7
2096,2016-06-21,2591.85
2097,2016-06-22,2580.25
2098,2016-06-23,2577.1
2099,2016-06-24,2515.65
2100,2016-06-27,2514.3
2101,2016-06-28,2524.3
2102,2016-06-29,2553.55
2103,2016-06-30,2582.2
2104,2016-07-01,2645.25
2105,2016-07-04,2645.6
2106,2016-07-05,2660.9
2107,2016-07-07,2667.55
2108,2016-07-08,2651.7
2109,2016-07-11,2671.5
2110,2016-07-12,2652.55
2111,2016-07-13,2650.05
2112,2016-07-14,2604.45
2113,2016-07-15,2678.45
2114,2016-07-18,2670.9
2115,2016-07-19,2652.45
2116,2016-07-20,2660.5
2117,2016-07-21,2652.95
2118,2016-07-22,2649.25
2119,2016-07-25,2685.25
2120,2016-07-26,2727.05
2121,2016-07-27,2765.5
2122,2016-07-28,2751.9
2123,2016-07-29,2768.2
2124,2016-08-01,2810.35
2125,2016-08-02,2843.0
2126,2016-08-03,2815.5
2127,2016-08-04,2815.45
2128,2016-08-05,2788.35
2129,2016-08-08,2854.4
2130,2016-08-09,2830.1
2131,2016-08-10,2861.15
2132,2016-08-11,2845.55
2133,2016-08-12,2806.55
2134,2016-08-16,2797.35
2135,2016-08-17,2822.15
2136,2016-08-18,2833.25
2137,2016-08-19,2853.05
2138,2016-08-22,2829.4
2139,2016-08-23,2834.8
2140,2016-08-24,2866.3
2141,2016-08-25,2895.45
2142,2016-08-26,2863.5
2143,2016-08-29,2842.15
2144,2016-08-30,2932.25
2145,2016-08-31,2911.3
2146,2016-09-01,2981.05
2147,2016-09-02,2948.85
2148,2016-09-06,2945.7
2149,2016-09-07,2958.25
2150,2016-09-08,2960.9
2151,2016-09-09,2977.45
2152,2016-09-12,2905.55
2153,2016-09-14,2838.45
2154,2016-09-15,2873.5
2155,2016-09-16,2956.6
2156,2016-09-19,2909.35
2157,2016-09-20,2916.75
2158,2016-09-21,2926.6
2159,2016-09-22,2951.5
2160,2016-09-23,2946.5
2161,2016-09-26,2926.55
2162,2016-09-27,2948.55
2163,2016-09-28,2939.1
2164,2016-09-29,3024.7
2165,2016-09-30,2941.3
2166,2016-10-03,3000.65
2167,2016-10-04,3141.8
2168,2016-10-05,3098.4
2169,2016-10-06,3099.1
2170,2016-10-07,3065.6
2171,2016-10-10,3119.65
2172,2016-10-13,3127.1
2173,2016-10-14,3040.25
2174,2016-10-17,2974.65
2175,2016-10-18,2873.25
2176,2016-10-19,2933.6
2177,2016-10-20,2925.8
2178,2016-10-21,2957.05
2179,2016-10-24,2966.8
2180,2016-10-25,2944.75
2181,2016-10-26,2931.35
2182,2016-10-27,2945.7
2183,2016-10-28,2890.0
2184,2016-10-30,2960.0
2185,2016-11-01,2965.55
2186,2016-11-02,2872.4
2187,2016-11-03,2859.2
2188,2016-11-04,2845.4
2189,2016-11-07,2857.0
2190,2016-11-08,2871.15
2191,2016-11-09,2669.95
2192,2016-11-10,2865.4
2193,2016-11-11,2838.65
2194,2016-11-15,2745.45
2195,2016-11-16,2657.3
2196,2016-11-17,2699.85
2197,2016-11-18,2664.3
2198,2016-11-21,2602.45
2199,2016-11-22,2545.45
2200,2016-11-23,2574.4
2201,2016-11-24,2594.6
2202,2016-11-25,2560.95
2203,2016-11-28,2570.6
2204,2016-11-29,2616.15
2205,2016-11-30,2639.5
2206,2016-12-01,2632.1
2207,2016-12-02,2626.6
2208,2016-12-05,2567.55
2209,2016-12-06,2592.55
2210,2016-12-07,2585.95
2211,2016-12-08,2576.25
2212,2016-12-09,2626.2
2213,2016-12-12,2649.65
2214,2016-12-13,2611.5
2215,2016-12-14,2607.95
2216,2016-12-15,2554.5
2217,2016-12-16,2577.1
2218,2016-12-19,2577.1
2219,2016-12-20,2558.7
2220,2016-12-21,2586.7
2221,2016-12-22,2551.4
2222,2016-12-23,2538.6
2223,2016-12-26,2540.3
2224,2016-12-27,2494.25
2225,2016-12-28,2527.45
2226,2016-12-29,2549.15
2227,2016-12-30,2587.15
2228,2017-01-02,2617.45
2229,2017-01-03,2628.65
2230,2017-01-04,2681.1
2231,2017-01-05,2699.8
2232,2017-01-06,2728.8
2233,2017-01-09,2691.5
2234,2017-01-10,2696.75
2235,2017-01-11,2715.1
2236,2017-01-12,2759.0
2237,2017-01-13,2757.2
2238,2017-01-16,2749.85
2239,2017-01-17,2756.3
2240,2017-01-18,2757.65
2241,2017-01-19,2762.7
2242,2017-01-20,2754.3
2243,2017-01-23,2712.35
2244,2017-01-24,2761.15
2245,2017-01-25,2772.2
2246,2017-01-27,2803.2
2247,2017-01-30,2817.0
2248,2017-01-31,2806.7
2249,2017-02-01,2777.8
2250,2017-02-02,2840.65
2251,2017-02-03,2881.1
2252,2017-02-06,2925.85
2253,2017-02-07,2946.15
2254,2017-02-08,2940.65
2255,2017-02-09,2976.8
2256,2017-02-10,3028.9
2257,2017-02-13,3018.65
2258,2017-02-14,3021.95
2259,2017-02-15,2990.7
2260,2017-02-16,2976.15
2261,2017-02-17,3009.7
2262,2017-02-20,2993.0
2263,2017-02-21,3013.75
2264,2017-02-22,3016.8
2265,2017-02-23,2997.85
2266,2017-02-27,2984.4
2267,2017-02-28,2976.55
2268,2017-03-01,3004.2
2269,2017-03-02,3010.25
2270,2017-03-03,2950.8
2271,2017-03-06,2979.65
2272,2017-03-07,3008.15
2273,2017-03-08,3024.45
2274,2017-03-09,3035.7
2275,2017-03-10,3056.15
2276,2017-03-14,3100.35
2277,2017-03-15,3078.6
2278,2017-03-16,3116.4
2279,2017-03-17,3123.1
2280,2017-03-20,3095.1
2281,2017-03-21,3096.3
2282,2017-03-22,3084.1
2283,2017-03-23,3084.4
2284,2017-03-24,3106.75
2285,2017-03-27,3090.6
2286,2017-03-28,3099.85
2287,2017-03-29,3143.75
2288,2017-03-30,3151.3
2289,2017-03-31,3159.2
2290,2017-04-03,3178.95
2291,2017-04-05,3179.3
2292,2017-04-06,3213.2
2293,2017-04-07,3223.9
2294,2017-04-10,3198.4
2295,2017-04-11,3229.85
2296,2017-04-12,3213.2
2297,2017-04-13,3180.7
2298,2017-04-17,3151.9
2299,2017-04-18,3168.5
2300,2017-04-19,3153.2
2301,2017-04-20,3209.85
2302,2017-04-21,3271.65
2303,2017-04-24,3279.1
2304,2017-04-25,3258.65
2305,2017-04-26,3270.35
2306,2017-04-27,3254.15
2307,2017-04-28,3266.25
2308,2017-05-02,3261.0
2309,2017-05-03,3273.25
2310,2017-05-04,3230.2
2311,2017-05-05,3192.95
2312,2017-05-08,3127.4
2313,2017-05-09,3122.05
2314,2017-05-10,3104.3
2315,2017-05-11,3202.75
2316,2017-05-12,3277.05
2317,2017-05-15,3225.65
2318,2017-05-16,3236.0
2319,2017-05-17,3225.5
2320,2017-05-18,3196.0
2321,2017-05-19,3178.8
2322,2017-05-22,3155.65
2323,2017-05-23,3138.75
2324,2017-05-24,3083.6
2325,2017-05-25,3020.6
2326,2017-05-26,3029.85
2327,2017-05-29,3092.7
2328,2017-05-30,3070.95
2329,2017-05-31,3084.55
2330,2017-06-01,3071.5
2331,2017-06-02,3107.3
2332,2017-06-05,3119.0
2333,2017-06-06,3119.4
2334,2017-06-07,3081.35
2335,2017-06-08,3093.25
2336,2017-06-09,3101.3
2337,2017-06-12,3103.85
2338,2017-06-13,3096.05
2339,2017-06-14,3084.95
2340,2017-06-15,3088.05
2341,2017-06-16,3082.15
2342,2017-06-19,3117.5
2343,2017-06-20,3122.2
2344,2017-06-21,3080.85
2345,2017-06-22,3098.05
2346,2017-06-23,3088.2
2347,2017-06-27,3037.75
2348,2017-06-28,2948.65
2349,2017-06-29,2952.9
2350,2017-06-30,2962.2
2351,2017-07-03,2992.85
2352,2017-07-04,2995.3
2353,2017-07-05,2990.85
2354,2017-07-06,3036.5
2355,2017-07-07,3023.95
2356,2017-07-10,3053.3
2357,2017-07-11,3050.3
2358,2017-07-12,3029.4
2359,2017-07-13,3047.3
2360,2017-07-14,3078.6
2361,2017-07-17,3083.8
2362,2017-07-18,3079.15
2363,2017-07-19,3086.45
2364,2017-07-20,3150.95
2365,2017-07-21,3128.35
2366,2017-07-24,3166.05
2367,2017-07-25,3168.0
2368,2017-07-26,3121.7
2369,2017-07-27,3091.35
2370,2017-07-28,3091.75
2371,2017-07-31,3108.95
2372,2017-08-01,3110.6
2373,2017-08-02,3119.75
2374,2017-08-03,3100.25
2375,2017-08-04,3094.1
2376,2017-08-07,3089.75
2377,2017-08-08,3062.75
2378,2017-08-09,3046.8
2379,2017-08-10,3004.1
2380,2017-08-11,2880.95
2381,2017-08-14,2906.5
2382,2017-08-16,2968.2
2383,2017-08-17,2966.4
2384,2017-08-18,2975.6
2385,2017-08-21,2957.45
2386,2017-08-22,2942.6
2387,2017-08-23,2931.75
2388,2017-08-24,2952.4
2389,2017-08-28,2950.75
2390,2017-08-29,2955.5
2391,2017-08-30,2951.6
2392,2017-08-31,2960.3
2393,2017-09-01,2978.85
2394,2017-09-04,3029.8
2395,2017-09-05,3055.4
2396,2017-09-06,3046.2
2397,2017-09-07,3070.65
2398,2017-09-08,3065.9
2399,2017-09-11,3058.8
2400,2017-09-12,3072.95
2401,2017-09-13,3100.45
2402,2017-09-14,3096.8
2403,2017-09-15,3085.75
2404,2017-09-18,3112.25
2405,2017-09-19,3167.65
2406,2017-09-20,3163.15
2407,2017-09-21,3166.8
2408,2017-09-22,3089.8
2409,2017-09-25,3032.4
2410,2017-09-26,3013.25
2411,2017-09-27,3027.7
2412,2017-09-28,2974.25
2413,2017-09-29,2976.25
2414,2017-10-03,3008.3
2415,2017-10-04,2990.95
2416,2017-10-05,2998.25
2417,2017-10-06,3018.7
2418,2017-10-09,3040.45
2419,2017-10-10,3064.75
2420,2017-10-11,3071.8
2421,2017-10-12,3020.65
2422,2017-10-13,3025.15
2423,2017-10-16,3016.1
2424,2017-10-17,3016.95
2425,2017-10-18,2951.8
2426,2017-10-19,2973.15
2427,2017-10-23,2956.9
2428,2017-10-24,2966.25
2429,2017-10-25,3088.15
2430,2017-10-26,3082.7
2431,2017-10-27,3112.95
2432,2017-10-30,3158.3
2433,2017-10-31,3158.05
2434,2017-11-01,3165.2
2435,2017-11-02,3143.95
2436,2017-11-03,3154.15
2437,2017-11-06,3195.25
2438,2017-11-07,3203.65
2439,2017-11-08,3174.05
2440,2017-11-09,3172.95
2441,2017-11-10,3170.45
2442,2017-11-13,3190.7
2443,2017-11-14,3167.4
2444,2017-11-15,3159.35
2445,2017-11-16,3131.55
2446,2017-11-17,3153.55
2447,2017-11-20,3134.25
2448,2017-11-21,3138.05
2449,2017-11-22,3168.9
2450,2017-11-23,3245.15
2451,2017-11-24,3239.05
2452,2017-11-27,3252.9
2453,2017-11-28,3335.85
2454,2017-11-29,3358.95
2455,2017-11-30,3330.9
2456,2017-12-01,3340.3
2457,2017-12-04,3284.15
2458,2017-12-05,3260.0
2459,2017-12-06,3278.85
2460,2017-12-07,3287.7
2461,2017-12-08,3334.55
2462,2017-12-11,3327.9
2463,2017-12-12,3337.5
2464,2017-12-13,3316.95
2465,2017-12-14,3327.0
2466,2017-12-15,3357.1
2467,2017-12-18,3331.2
2468,2017-12-19,3367.35
2469,2017-12-20,3378.6
2470,2017-12-21,3415.2
2471,2017-12-22,3446.15
2472,2017-12-26,3449.7
2473,2017-12-27,3472.8
2474,2017-12-28,3492.45
2475,2017-12-29,3482.8
2476,2018-01-01,3471.4
2477,2018-01-02,3477.6
2478,2018-01-03,3477.9
2479,2018-01-04,3476.95
2480,2018-01-05,3485.85
2481,2018-01-08,3543.45
2482,2018-01-09,3577.6
2483,2018-01-10,3538.0
2484,2018-01-11,3523.05
2485,2018-01-12,3548.75
2486,2018-01-15,3621.3
2487,2018-01-16,3662.35
2488,2018-01-17,3627.45
2489,2018-01-18,3605.3
2490,2018-01-19,3502.35
2491,2018-01-22,3544.05
2492,2018-01-23,3557.5
2493,2018-01-24,3551.3
2494,2018-01-25,3541.6
2495,2018-01-29,3530.05
2496,2018-01-30,3537.05
2497,2018-01-31,3490.5
2498,2018-02-01,3515.3
2499,2018-02-02,3435.3
2500,2018-02-05,3288.35
2501,2018-02-06,3220.35
2502,2018-02-07,3341.5
2503,2018-02-08,3353.0
2504,2018-02-09,3341.95
2505,2018-02-12,3417.2
2506,2018-02-14,3436.75
2507,2018-02-15,3410.4
2508,2018-02-16,3396.9
2509,2018-02-19,3320.9
2510,2018-02-20,3284.3
2511,2018-02-21,3318.3
2512,2018-02-22,3301.95
2513,2018-02-23,3300.7
2514,2018-02-26,3331.95
2515,2018-02-27,3387.25
2516,2018-02-28,3322.2
2517,2018-03-01,3304.55
2518,2018-03-05,3262.0
2519,2018-03-06,3252.95
2520,2018-03-07,3250.65
2521,2018-03-08,3249.6
2522,2018-03-09,3262.6
2523,2018-03-12,3294.9
2524,2018-03-13,3274.2
2525,2018-03-14,3281.1
2526,2018-03-15,3368.45
2527,2018-03-16,3331.1
2528,2018-03-19,3323.8
2529,2018-03-20,3271.25
2530,2018-03-21,3303.25
2531,2018-03-22,3271.75
2532,2018-03-23,3174.2
2533,2018-03-26,3229.65
2534,2018-03-27,3351.25
2535,2018-03-28,3328.9
2536,2018-04-02,3307.1
2537,2018-04-03,3331.35
2538,2018-04-04,3380.45
2539,2018-04-05,3332.25
2540,2018-04-06,3364.45
2541,2018-04-09,3369.75
2542,2018-04-10,3356.65
2543,2018-04-11,3335.7
2544,2018-04-12,3349.0
2545,2018-04-13,3348.9
2546,2018-04-16,3334.1
2547,2018-04-17,3374.6
2548,2018-04-18,3356.95
2549,2018-04-19,3411.85
2550,2018-04-20,3402.85
2551,2018-04-23,3386.35
2552,2018-04-24,3408.9
2553,2018-04-25,3338.6
2554,2018-04-26,3328.3
2555,2018-04-27,3341.15
2556,2018-04-30,3348.5
2557,2018-05-02,3379.95
2558,2018-05-03,3351.65
2559,2018-05-04,3348.2
2560,2018-05-07,3345.15
2561,2018-05-08,3383.4
2562,2018-05-09,3352.05
2563,2018-05-10,3344.15
2564,2018-05-11,3282.6
2565,2018-05-14,3319.05
2566,2018-05-15,3286.4
2567,2018-05-16,3255.2
2568,2018-05-17,3295.15
2569,2018-05-18,3261.35
2570,2018-05-21,3216.55
2571,2018-05-22,3154.2
2572,2018-05-23,3208.9
2573,2018-05-24,3179.4
2574,2018-05-25,3190.9
2575,2018-05-28,3246.45
2576,2018-05-29,3267.45
2577,2018-05-30,3208.0
2578,2018-05-31,3223.25
2579,2018-06-01,3177.3
2580,2018-06-04,3177.85
2581,2018-06-05,3152.8
2582,2018-06-06,3090.6
2583,2018-06-07,3135.35
2584,2018-06-08,3142.95
2585,2018-06-11,3203.85
2586,2018-06-12,3234.9
2587,2018-06-13,3235.7
2588,2018-06-14,3218.8
2589,2018-06-15,3197.15
2590,2018-06-18,3179.1
2591,2018-06-19,3159.1
2592,2018-06-20,3135.5
2593,2018-06-21,3133.7
2594,2018-06-22,3151.8
2595,2018-06-25,3147.65
2596,2018-06-26,3092.95
2597,2018-06-27,3103.7
2598,2018-06-28,3048.7
2599,2018-06-29,3014.85
2600,2018-07-02,3031.9
2601,2018-07-03,2991.7
2602,2018-07-04,3014.95
2603,2018-07-05,3011.7
2604,2018-07-06,3006.15
2605,2018-07-09,3010.7
2606,2018-07-10,3019.55
2607,2018-07-11,3007.25
2608,2018-07-12,3012.15
2609,2018-07-13,2986.8
2610,2018-07-16,2863.2
2611,2018-07-17,2796.35
2612,2018-07-18,2841.8
2613,2018-07-19,2838.85
2614,2018-07-20,2817.35
2615,2018-07-23,2817.05
2616,2018-07-24,2835.8
2617,2018-07-25,2896.95
2618,2018-07-26,2846.45
2619,2018-07-27,2840.85
2620,2018-07-30,2835.2
2621,2018-07-31,2844.05
2622,2018-08-01,2842.8
2623,2018-08-02,2848.35
2624,2018-08-03,2851.5
2625,2018-08-06,2879.65
2626,2018-08-07,2893.75
2627,2018-08-08,2931.45
2628,2018-08-09,2931.25
2629,2018-08-10,2933.65
2630,2018-08-13,2891.55
2631,2018-08-14,2821.8
2632,2018-08-16,2846.75
2633,2018-08-17,2831.3
2634,2018-08-20,2864.45
2635,2018-08-21,2866.75
2636,2018-08-23,2904.05
2637,2018-08-24,2866.6
2638,2018-08-27,2891.55
2639,2018-08-28,2883.3
2640,2018-08-29,2869.05
2641,2018-08-30,2849.1
2642,2018-08-31,2864.95
2643,2018-09-03,2856.75
2644,2018-09-04,2858.95
2645,2018-09-05,2765.05
2646,2018-09-06,2728.1
2647,2018-09-07,2696.75
2648,2018-09-10,2708.0
2649,2018-09-11,2727.8
2650,2018-09-12,2682.55
2651,2018-09-14,2696.35
2652,2018-09-17,2706.9
2653,2018-09-18,2707.4
2654,2018-09-19,2667.25
2655,2018-09-21,2623.9
2656,2018-09-24,2595.6
2657,2018-09-25,2510.65
2658,2018-09-26,2536.1
2659,2018-09-27,2514.95
2660,2018-09-28,2500.15
2661,2018-10-01,2447.5
2662,2018-10-03,2488.85
2663,2018-10-04,2454.25
2664,2018-10-05,2454.65
2665,2018-10-08,2356.85
2666,2018-10-09,2365.15
2667,2018-10-10,2403.1
2668,2018-10-11,2460.75
2669,2018-10-12,2558.5
2670,2018-10-15,2588.45
2671,2018-10-16,2626.4
2672,2018-10-17,2632.75
2673,2018-10-19,2553.5
2674,2018-10-22,2508.4
2675,2018-10-23,2428.5
2676,2018-10-24,2451.25
2677,2018-10-25,2406.05
2678,2018-10-26,2371.15
2679,2018-10-29,2366.55
2680,2018-10-30,2421.3
2681,2018-10-31,2468.0
2682,2018-11-01,2485.5
2683,2018-11-02,2510.8
2684,2018-11-05,2468.9
2685,2018-11-06,2453.9
2686,2018-11-07,2472.9
2687,2018-11-09,2466.9
2688,2018-11-12,2480.0
2689,2018-11-13,2426.15
2690,2018-11-14,2442.25
2691,2018-11-15,2426.55
2692,2018-11-16,2434.35
2693,2018-11-19,2457.15
2694,2018-11-20,2454.95
2695,2018-11-21,2457.2
2696,2018-11-22,2438.2
2697,2018-11-26,2490.55
2698,2018-11-27,2465.8
2699,2018-11-28,2477.65
2700,2018-11-29,2538.85
2701,2018-11-30,2558.15
2702,2018-12-03,2564.95
2703,2018-12-04,2535.2
2704,2018-12-05,2527.7
2705,2018-12-06,2491.5
2706,2018-12-07,2475.3
2707,2018-12-10,2466.7
2708,2018-12-11,2434.05
2709,2018-12-12,2505.25
2710,2018-12-13,2541.05
2711,2018-12-14,2552.0
2712,2018-12-17,2551.1
2713,2018-12-18,2580.45
2714,2018-12-19,2492.8
2715,2018-12-20,2513.3
2716,2018-12-21,2521.05
2717,2018-12-24,2478.7
2718,2018-12-26,2409.4
2719,2018-12-27,2481.95
2720,2018-12-28,2503.05
2721,2018-12-31,2563.9
2722,2019-01-01,2571.6
2723,2019-01-02,2561.25
2724,2019-01-03,2552.15
2725,2019-01-04,2499.05
2726,2019-01-07,2539.1
2727,2019-01-08,2529.2
2728,2019-01-09,2509.45
2729,2019-01-10,2498.65
2730,2019-01-11,2505.25
2731,2019-01-14,2495.75
2732,2019-01-15,2481.0
2733,2019-01-16,2535.8
2734,2019-01-17,2486.25
2735,2019-01-18,2434.4
2736,2019-01-21,2402.45
2737,2019-01-22,2375.6
2738,2019-01-23,2345.45
2739,2019-01-24,2381.65
2740,2019-01-25,2391.15
2741,2019-01-28,2079.35
2742,2019-01-29,2136.55
2743,2019-01-30,2168.05
2744,2019-01-31,2202.75
2745,2019-02-01,2170.05
2746,2019-02-04,2070.75
2747,2019-02-05,2055.05
2748,2019-02-06,2124.25
2749,2019-02-07,2203.75
2750,2019-02-08,2245.4
2751,2019-02-11,2228.15
2752,2019-02-12,2249.8
2753,2019-02-13,2276.5
2754,2019-02-14,2266.1
2755,2019-02-15,2354.9
2756,2019-02-18,2305.85
2757,2019-02-19,2325.35
2758,2019-02-20,2363.95
2759,2019-02-21,2363.65
2760,2019-02-22,2377.5
2761,2019-02-25,2396.65
2762,2019-02-26,2366.5
2763,2019-02-27,2477.9
2764,2019-02-28,2467.6
2765,2019-03-01,2472.5
2766,2019-03-05,2549.25
2767,2019-03-06,2574.3
2768,2019-03-07,2549.65
2769,2019-03-08,2488.6
2770,2019-03-11,2481.6
2771,2019-03-12,2499.85
2772,2019-03-13,2530.45
2773,2019-03-14,2504.55
2774,2019-03-15,2500.55
2775,2019-03-18,2518.6
2776,2019-03-19,2540.0
2777,2019-03-20,2522.2
2778,2019-03-22,2473.05
2779,2019-03-25,2388.1
2780,2019-03-26,2350.7
2781,2019-03-27,2376.6
2782,2019-03-28,2397.35
2783,2019-03-29,2481.25
2784,2019-04-01,2503.95
2785,2019-04-02,2465.25
2786,2019-04-03,2471.3
2787,2019-04-04,2396.6
2788,2019-04-05,2442.35
2789,2019-04-08,2447.9
2790,2019-04-09,2422.25
2791,2019-04-10,2408.85
2792,2019-04-11,2412.75
2793,2019-04-12,2408.85
2794,2019-04-15,2448.95
2795,2019-04-16,2438.25
2796,2019-04-18,2442.95
2797,2019-04-22,2378.0
2798,2019-04-23,2369.85
2799,2019-04-24,2371.15
2800,2019-04-25,2402.95
2801,2019-04-26,2391.9
2802,2019-04-30,2379.1
2803,2019-05-02,2412.35
2804,2019-05-03,2374.7
2805,2019-05-06,2331.9
2806,2019-05-07,2303.75
2807,2019-05-08,2230.25
2808,2019-05-09,2149.4
2809,2019-05-10,2224.5
2810,2019-05-13,2227.45
2811,2019-05-14,2141.15
2812,2019-05-15,2156.3
2813,2019-05-16,2079.15
2814,2019-05-17,2125.9
2815,2019-05-20,2263.95
2816,2019-05-21,2231.2
2817,2019-05-22,2182.15
2818,2019-05-23,2204.15
2819,2019-05-24,2201.0
2820,2019-05-27,2211.45
2821,2019-05-28,2224.95
2822,2019-05-29,2240.85
2823,2019-05-30,2225.35
2824,2019-05-31,2235.9
2825,2019-06-03,2213.25
2826,2019-06-04,2195.7
2827,2019-06-06,2155.4
2828,2019-06-07,2135.75
2829,2019-06-10,2149.8
2830,2019-06-11,2103.2
2831,2019-06-12,2115.8
2832,2019-06-13,2103.2
2833,2019-06-14,2127.35
2834,2019-06-17,2088.15
2835,2019-06-18,2053.9
2836,2019-06-19,2057.55
2837,2019-06-20,2055.55
2838,2019-06-21,2067.9
2839,2019-06-24,2053.55
2840,2019-06-25,2028.8
2841,2019-06-26,2039.55
2842,2019-06-27,2051.6
2843,2019-06-28,2044.25
2844,2019-07-01,2042.25
2845,2019-07-02,2092.15
2846,2019-07-03,2085.3
2847,2019-07-04,2121.8
2848,2019-07-05,2107.3
2849,2019-07-08,2051.0
2850,2019-07-09,1984.95
2851,2019-07-10,1986.3
2852,2019-07-11,1988.9
2853,2019-07-12,2062.8
2854,2019-07-15,2063.9
2855,2019-07-16,2051.6
2856,2019-07-17,2054.95
2857,2019-07-18,2066.15
2858,2019-07-19,2077.6
2859,2019-07-22,2011.75
2860,2019-07-23,2054.4
2861,2019-07-24,2072.25
2862,2019-07-25,2085.6
2863,2019-07-26,2104.9
2864,2019-07-29,2136.65
2865,2019-07-30,2063.5
2866,2019-07-31,2010.35
2867,2019-08-01,1940.05
2868,2019-08-02,1884.3
2869,2019-08-05,1852.8
2870,2019-08-06,1791.8
2871,2019-08-07,1790.65
2872,2019-08-08,1810.4
2873,2019-08-09,1852.55
2874,2019-08-13,1822.65
2875,2019-08-14,1824.15
2876,2019-08-16,1856.8
2877,2019-08-19,1862.2
2878,2019-08-20,1872.7
2879,2019-08-21,1858.85
2880,2019-08-22,1832.6
2881,2019-08-23,1779.7
2882,2019-08-26,1878.45
2883,2019-08-27,1916.8
2884,2019-08-28,1915.4
2885,2019-08-29,1922.6
2886,2019-08-30,1898.8
2887,2019-09-03,1900.45
2888,2019-09-04,1865.45
2889,2019-09-05,1856.25
2890,2019-09-06,1897.95
2891,2019-09-09,1906.55
2892,2019-09-11,1919.55
2893,2019-09-12,1914.4
2894,2019-09-13,1909.95
2895,2019-09-16,1906.8
2896,2019-09-17,1929.15
2897,2019-09-18,1885.7
2898,2019-09-19,1866.75
2899,2019-09-20,1788.1
2900,2019-09-23,1878.25
2901,2019-09-24,1866.95
2902,2019-09-25,1880.0
2903,2019-09-26,1828.3
2904,2019-09-27,1857.05
2905,2019-09-30,1833.1
2906,2019-10-01,1809.15
2907,2019-10-03,1726.5
2908,2019-10-04,1773.6
2909,2019-10-07,1669.4
2910,2019-10-09,1723.65
2911,2019-10-10,1727.35
2912,2019-10-11,1714.9
2913,2019-10-14,1717.3
2914,2019-10-15,1707.05
2915,2019-10-16,1744.95
2916,2019-10-17,1764.45
2917,2019-10-18,1747.2
2918,2019-10-22,1767.0
2919,2019-10-23,1760.65
2920,2019-10-24,1750.65
2921,2019-10-25,1729.15
2922,2019-10-27,1749.35
2923,2019-10-29,1744.05
2924,2019-10-30,1747.6
2925,2019-10-31,1739.3
2926,2019-11-01,1794.1
2927,2019-11-04,1915.8
2928,2019-11-05,1868.7
2929,2019-11-06,1840.05
2930,2019-11-07,1840.85
2931,2019-11-08,1842.05
2932,2019-11-11,1825.45
2933,2019-11-13,1865.75
2934,2019-11-14,1800.95
2935,2019-11-15,1800.45
2936,2019-11-18,1816.4
2937,2019-11-19,1817.95
2938,2019-11-20,1817.8
2939,2019-11-21,1939.65
2940,2019-11-22,1949.85
2941,2019-11-25,1978.95
2942,2019-11-26,1958.2
2943,2019-11-27,1878.0
2944,2019-11-28,1875.5
2945,2019-11-29,1887.8
2946,2019-12-02,1837.35
2947,2019-12-03,1837.3
2948,2019-12-04,1783.0
2949,2019-12-05,1809.1
2950,2019-12-06,1849.85
2951,2019-12-09,1795.2
2952,2019-12-10,1780.0
2953,2019-12-11,1750.85
2954,2019-12-12,1755.35
2955,2019-12-13,1760.9
2956,2019-12-16,1777.9
2957,2019-12-17,1756.9
2958,2019-12-18,1774.35
2959,2019-12-19,1768.65
2960,2019-12-20,1770.15
2961,2019-12-23,1789.45
2962,2019-12-24,1805.1
2963,2019-12-26,1797.15
2964,2019-12-27,1803.6
2965,2019-12-30,1817.35
2966,2019-12-31,1830.65
2967,2020-01-01,1809.6
2968,2020-01-02,1777.95
2969,2020-01-03,1799.3
2970,2020-01-06,1763.05
2971,2020-01-07,1728.1
2972,2020-01-08,1716.2
2973,2020-01-09,1749.1
2974,2020-01-10,1773.6
2975,2020-01-13,1777.25
2976,2020-01-14,1788.6
2977,2020-01-15,1831.2
2978,2020-01-16,1839.8
2979,2020-01-17,1862.2
2980,2020-01-20,1873.35
2981,2020-01-21,1828.6
2982,2020-01-22,1867.95
2983,2020-01-23,1896.75
2984,2020-01-24,1871.8
2985,2020-01-27,1886.5
2986,2020-01-28,1884.1
2987,2020-01-29,1870.0
2988,2020-01-30,1868.2
2989,2020-01-31,1853.2
2990,2020-02-01,1828.55
2991,2020-02-03,1760.55
2992,2020-02-04,1792.95
2993,2020-02-05,1794.85
2994,2020-02-06,1774.75
2995,2020-02-07,1794.4
2996,2020-02-10,1822.1
2997,2020-02-11,1809.25
2998,2020-02-12,1836.65
2999,2020-02-13,1830.95
3000,2020-02-14,1843.75
3001,2020-02-17,1836.45
3002,2020-02-18,1840.2
3003,2020-02-19,1857.5
3004,2020-02-20,1882.95
3005,2020-02-24,1862.55
3006,2020-02-25,1836.8
3007,2020-02-26,1805.1
3008,2020-02-27,1807.85
3009,2020-02-28,1714.5
3010,2020-03-02,1700.25
3011,2020-03-03,1611.05
3012,2020-03-04,1649.4
3013,2020-03-05,1628.45
3014,2020-03-06,1538.25
3015,2020-03-09,1490.1
3016,2020-03-11,1415.25
3017,2020-03-12,1358.05
3018,2020-03-13,1184.45
3019,2020-03-16,1214.45
3020,2020-03-17,1201.35
3021,2020-03-18,1156.15
3022,2020-03-19,1072.7
3023,2020-03-20,1087.9
3024,2020-03-23,1038.45
3025,2020-03-24,1030.35
3026,2020-03-25,1013.25
3027,2020-03-26,1065.7
3028,2020-03-27,1086.2
3029,2020-03-30,1030.7
3030,2020-03-31,1040.95
3031,2020-04-01,1045.1
3032,2020-04-03,1011.3
3033,2020-04-07,1024.25
3034,2020-04-08,1033.15
3035,2020-04-09,1086.85
3036,2020-04-13,1096.2
3037,2020-04-15,1082.55
3038,2020-04-16,1068.9
3039,2020-04-17,1136.45
3040,2020-04-20,1162.3
3041,2020-04-21,1107.55
3042,2020-04-22,1093.25
3043,2020-04-23,1179.15
3044,2020-04-24,1153.9
3045,2020-04-27,1146.95
3046,2020-04-28,1137.8
3047,2020-04-29,1146.55
3048,2020-04-30,1185.15
3049,2020-05-04,1126.25
3050,2020-05-05,1125.55
3051,2020-05-06,1109.0
3052,2020-05-07,1092.2
3053,2020-05-08,1122.3
3054,2020-05-11,1123.1
3055,2020-05-12,1135.75
3056,2020-05-13,1193.2
3057,2020-05-14,1160.15
3058,2020-05-15,1155.25
3059,2020-05-18,1133.85
3060,2020-05-19,1071.85
3061,2020-05-20,1079.7
3062,2020-05-21,1109.7
3063,2020-05-22,1128.85
3064,2020-05-26,1147.3
3065,2020-05-27,1137.3
3066,2020-05-28,1141.65
3067,2020-05-29,1164.6
3068,2020-06-01,1194.5
3069,2020-06-02,1229.65
3070,2020-06-03,1284.0
3071,2020-06-04,1275.0
3072,2020-06-05,1340.1
3073,2020-06-08,1434.05
3074,2020-06-09,1365.45
3075,2020-06-10,1322.15
3076,2020-06-11,1320.8
3077,2020-06-12,1239.0
3078,2020-06-15,1302.9
3079,2020-06-16,1341.4
3080,2020-06-17,1324.0
3081,2020-06-18,1348.7
3082,2020-06-19,1382.85
3083,2020-06-22,1407.95
3084,2020-06-23,1432.85
3085,2020-06-24,1472.15
3086,2020-06-25,1383.3
3087,2020-06-26,1411.45
3088,2020-06-29,1379.9
3089,2020-06-30,1363.45
3090,2020-07-01,1335.5
3091,2020-07-02,1387.1
3092,2020-07-03,1387.3
3093,2020-07-06,1381.95
3094,2020-07-07,1376.6
3095,2020-07-08,1394.8
3096,2020-07-09,1379.65
3097,2020-07-10,1370.9
3098,2020-07-13,1381.95
3099,2020-07-14,1372.6
3100,2020-07-15,1387.2
3101,2020-07-16,1347.2
3102,2020-07-17,1322.85
3103,2020-07-20,1350.55
3104,2020-07-21,1354.6
3105,2020-07-22,1371.35
3106,2020-07-23,1371.25
3107,2020-07-24,1361.2
3108,2020-07-27,1351.45
3109,2020-07-28,1337.6
3110,2020-07-29,1332.15
3111,2020-07-30,1293.85
3112,2020-07-31,1300.7
3113,2020-08-03,1280.65
3114,2020-08-04,1276.55
3115,2020-08-05,1331.05
3116,2020-08-06,1344.85
3117,2020-08-07,1341.2
3118,2020-08-10,1340.25
3119,2020-08-11,1346.4
3120,2020-08-12,1364.85
3121,2020-08-13,1407.2
3122,2020-08-14,1431.6
3123,2020-08-17,1418.65
3124,2020-08-18,1444.65
3125,2020-08-19,1482.7
3126,2020-08-20,1538.5
3127,2020-08-21,1609.75
3128,2020-08-24,1592.0
3129,2020-08-25,1591.25
3130,2020-08-26,1604.0
3131,2020-08-27,1642.55
3132,2020-08-28,1654.1
3133,2020-08-31,1648.2
3134,2020-09-01,1574.05
3135,2020-09-02,1593.0
3136,2020-09-03,1655.6
3137,2020-09-04,1619.0
3138,2020-09-07,1655.15
3139,2020-09-08,1658.55
3140,2020-09-09,1592.75
3141,2020-09-10,1636.8
3142,2020-09-11,1640.35
3143,2020-09-14,1652.75
3144,2020-09-15,1668.95
3145,2020-09-16,1661.45
3146,2020-09-17,1620.65
3147,2020-09-18,1646.15
3148,2020-09-21,1646.1
3149,2020-09-22,1558.25
3150,2020-09-23,1534.0
3151,2020-09-24,1441.5
3152,2020-09-25,1453.25
3153,2020-09-28,1514.6
3154,2020-09-29,1570.9
3155,2020-09-30,1557.85
3156,2020-10-01,1604.3
