,Date,NIFTY FMCG
0,2008-01-01,
1,2008-01-02,
2,2008-01-03,
3,2008-01-04,
4,2008-01-07,
5,2008-01-08,
6,2008-01-09,
7,2008-01-10,
8,2008-01-11,
9,2008-01-14,
10,2008-01-15,
11,2008-01-16,
12,2008-01-17,
13,2008-01-18,
14,2008-01-21,
15,2008-01-22,
16,2008-01-23,
17,2008-01-24,
18,2008-01-25,
19,2008-01-28,
20,2008-01-29,
21,2008-01-30,
22,2008-01-31,
23,2008-02-01,
24,2008-02-04,
25,2008-02-05,
26,2008-02-06,
27,2008-02-07,
28,2008-02-08,
29,2008-02-11,
30,2008-02-12,
31,2008-02-13,
32,2008-02-14,
33,2008-02-15,
34,2008-02-18,
35,2008-02-19,
36,2008-02-20,
37,2008-02-21,
38,2008-02-22,
39,2008-02-25,
40,2008-02-26,
41,2008-02-27,
42,2008-02-28,
43,2008-02-29,
44,2008-03-03,
45,2008-03-04,
46,2008-03-05,
47,2008-03-07,
48,2008-03-10,
49,2008-03-11,
50,2008-03-12,
51,2008-03-13,
52,2008-03-14,
53,2008-03-17,
54,2008-03-18,
55,2008-03-19,
56,2008-03-24,
57,2008-03-25,
58,2008-03-26,
59,2008-03-27,
60,2008-03-28,
61,2008-03-31,
62,2008-04-01,
63,2008-04-02,
64,2008-04-03,
65,2008-04-04,
66,2008-04-07,
67,2008-04-08,
68,2008-04-09,
69,2008-04-10,
70,2008-04-11,
71,2008-04-15,
72,2008-04-16,
73,2008-04-17,
74,2008-04-21,
75,2008-04-22,
76,2008-04-23,
77,2008-04-24,
78,2008-04-25,
79,2008-04-28,
80,2008-04-29,
81,2008-04-30,
82,2008-05-02,
83,2008-05-05,
84,2008-05-06,
85,2008-05-07,
86,2008-05-08,
87,2008-05-09,
88,2008-05-12,
89,2008-05-13,
90,2008-05-14,
91,2008-05-15,
92,2008-05-16,
93,2008-05-20,
94,2008-05-21,
95,2008-05-22,
96,2008-05-23,
97,2008-05-26,
98,2008-05-27,
99,2008-05-28,
100,2008-05-29,
101,2008-05-30,
102,2008-06-02,
103,2008-06-03,
104,2008-06-04,
105,2008-06-05,
106,2008-06-06,
107,2008-06-09,
108,2008-06-10,
109,2008-06-11,
110,2008-06-12,
111,2008-06-13,
112,2008-06-16,
113,2008-06-17,
114,2008-06-18,
115,2008-06-19,
116,2008-06-20,
117,2008-06-23,
118,2008-06-24,
119,2008-06-25,
120,2008-06-26,
121,2008-06-27,
122,2008-06-30,
123,2008-07-01,
124,2008-07-02,
125,2008-07-03,
126,2008-07-04,
127,2008-07-07,
128,2008-07-08,
129,2008-07-09,
130,2008-07-10,
131,2008-07-11,
132,2008-07-14,
133,2008-07-15,
134,2008-07-16,
135,2008-07-17,
136,2008-07-18,
137,2008-07-21,
138,2008-07-22,
139,2008-07-23,
140,2008-07-24,
141,2008-07-25,
142,2008-07-28,
143,2008-07-29,
144,2008-07-30,
145,2008-07-31,
146,2008-08-01,
147,2008-08-04,
148,2008-08-05,
149,2008-08-06,
150,2008-08-07,
151,2008-08-08,
152,2008-08-11,
153,2008-08-12,
154,2008-08-13,
155,2008-08-14,
156,2008-08-18,
157,2008-08-19,
158,2008-08-20,
159,2008-08-21,
160,2008-08-22,
161,2008-08-25,
162,2008-08-26,
163,2008-08-27,
164,2008-08-28,
165,2008-08-29,
166,2008-09-01,
167,2008-09-02,
168,2008-09-04,
169,2008-09-05,
170,2008-09-08,
171,2008-09-09,
172,2008-09-10,
173,2008-09-11,
174,2008-09-12,
175,2008-09-15,
176,2008-09-16,
177,2008-09-17,
178,2008-09-18,
179,2008-09-19,
180,2008-09-22,
181,2008-09-23,
182,2008-09-24,
183,2008-09-25,
184,2008-09-26,
185,2008-09-29,
186,2008-09-30,
187,2008-10-01,
188,2008-10-03,
189,2008-10-06,
190,2008-10-07,
191,2008-10-08,
192,2008-10-10,
193,2008-10-13,
194,2008-10-14,
195,2008-10-15,
196,2008-10-16,
197,2008-10-17,
198,2008-10-20,
199,2008-10-21,
200,2008-10-22,
201,2008-10-23,
202,2008-10-24,
203,2008-10-27,
204,2008-10-28,
205,2008-10-29,
206,2008-10-31,
207,2008-11-03,
208,2008-11-04,
209,2008-11-05,
210,2008-11-06,
211,2008-11-07,
212,2008-11-10,
213,2008-11-11,
214,2008-11-12,
215,2008-11-14,
216,2008-11-17,
217,2008-11-18,
218,2008-11-19,
219,2008-11-20,
220,2008-11-21,
221,2008-11-24,
222,2008-11-25,
223,2008-11-26,
224,2008-11-28,
225,2008-12-01,
226,2008-12-02,
227,2008-12-03,
228,2008-12-04,
229,2008-12-05,
230,2008-12-08,
231,2008-12-10,
232,2008-12-11,
233,2008-12-12,
234,2008-12-15,
235,2008-12-16,
236,2008-12-17,
237,2008-12-18,
238,2008-12-19,
239,2008-12-22,
240,2008-12-23,
241,2008-12-24,
242,2008-12-26,
243,2008-12-29,
244,2008-12-30,
245,2008-12-31,
246,2009-01-01,
247,2009-01-02,
248,2009-01-05,
249,2009-01-06,
250,2009-01-07,
251,2009-01-09,
252,2009-01-12,
253,2009-01-13,
254,2009-01-14,
255,2009-01-15,
256,2009-01-16,
257,2009-01-19,
258,2009-01-20,
259,2009-01-21,
260,2009-01-22,
261,2009-01-23,
262,2009-01-27,
263,2009-01-28,
264,2009-01-29,
265,2009-01-30,
266,2009-02-02,
267,2009-02-03,
268,2009-02-04,
269,2009-02-05,
270,2009-02-06,
271,2009-02-09,
272,2009-02-10,
273,2009-02-11,
274,2009-02-12,
275,2009-02-13,
276,2009-02-16,
277,2009-02-17,
278,2009-02-18,
279,2009-02-19,
280,2009-02-20,
281,2009-02-24,
282,2009-02-25,
283,2009-02-26,
284,2009-02-27,
285,2009-03-02,
286,2009-03-03,
287,2009-03-04,
288,2009-03-05,
289,2009-03-06,
290,2009-03-09,
291,2009-03-12,
292,2009-03-13,
293,2009-03-16,
294,2009-03-17,
295,2009-03-18,
296,2009-03-19,
297,2009-03-20,
298,2009-03-23,
299,2009-03-24,
300,2009-03-25,
301,2009-03-26,
302,2009-03-27,
303,2009-03-30,
304,2009-03-31,
305,2009-04-01,
306,2009-04-02,
307,2009-04-06,
308,2009-04-08,
309,2009-04-09,
310,2009-04-13,
311,2009-04-15,
312,2009-04-16,
313,2009-04-17,
314,2009-04-20,
315,2009-04-21,
316,2009-04-22,
317,2009-04-23,
318,2009-04-24,
319,2009-04-27,
320,2009-04-28,
321,2009-04-29,
322,2009-05-04,
323,2009-05-05,
324,2009-05-06,
325,2009-05-07,
326,2009-05-08,
327,2009-05-11,
328,2009-05-12,
329,2009-05-13,
330,2009-05-14,
331,2009-05-15,
332,2009-05-18,
333,2009-05-19,
334,2009-05-20,
335,2009-05-21,
336,2009-05-22,
337,2009-05-25,
338,2009-05-26,
339,2009-05-27,
340,2009-05-28,
341,2009-05-29,
342,2009-06-01,
343,2009-06-02,
344,2009-06-03,
345,2009-06-04,
346,2009-06-05,
347,2009-06-08,
348,2009-06-09,
349,2009-06-10,
350,2009-06-11,
351,2009-06-12,
352,2009-06-15,
353,2009-06-16,
354,2009-06-17,
355,2009-06-18,
356,2009-06-19,
357,2009-06-22,
358,2009-06-23,
359,2009-06-24,
360,2009-06-25,
361,2009-06-26,
362,2009-06-29,
363,2009-06-30,
364,2009-07-01,
365,2009-07-02,
366,2009-07-03,
367,2009-07-06,
368,2009-07-07,
369,2009-07-08,
370,2009-07-09,
371,2009-07-10,
372,2009-07-13,
373,2009-07-14,
374,2009-07-15,
375,2009-07-16,
376,2009-07-17,
377,2009-07-20,
378,2009-07-21,
379,2009-07-22,
380,2009-07-23,
381,2009-07-24,
382,2009-07-27,
383,2009-07-28,
384,2009-07-29,
385,2009-07-30,
386,2009-07-31,
387,2009-08-03,
388,2009-08-04,
389,2009-08-05,
390,2009-08-06,
391,2009-08-07,
392,2009-08-10,
393,2009-08-11,
394,2009-08-12,
395,2009-08-13,
396,2009-08-14,
397,2009-08-17,
398,2009-08-18,
399,2009-08-19,
400,2009-08-20,
401,2009-08-21,
402,2009-08-24,
403,2009-08-25,
404,2009-08-26,
405,2009-08-27,
406,2009-08-28,
407,2009-08-31,
408,2009-09-01,
409,2009-09-02,
410,2009-09-03,
411,2009-09-04,
412,2009-09-07,
413,2009-09-08,
414,2009-09-09,
415,2009-09-10,
416,2009-09-11,
417,2009-09-14,
418,2009-09-15,
419,2009-09-16,
420,2009-09-17,
421,2009-09-18,
422,2009-09-22,
423,2009-09-23,
424,2009-09-24,
425,2009-09-25,
426,2009-09-29,
427,2009-09-30,
428,2009-10-01,
429,2009-10-05,
430,2009-10-06,
431,2009-10-07,
432,2009-10-08,
433,2009-10-09,
434,2009-10-12,
435,2009-10-14,
436,2009-10-15,
437,2009-10-16,
438,2009-10-17,
439,2009-10-20,
440,2009-10-21,
441,2009-10-22,
442,2009-10-23,
443,2009-10-26,
444,2009-10-27,
445,2009-10-28,
446,2009-10-29,
447,2009-10-30,
448,2009-11-03,
449,2009-11-04,
450,2009-11-05,
451,2009-11-06,
452,2009-11-09,
453,2009-11-10,
454,2009-11-11,
455,2009-11-12,
456,2009-11-13,
457,2009-11-16,
458,2009-11-17,
459,2009-11-18,
460,2009-11-19,
461,2009-11-20,
462,2009-11-23,
463,2009-11-24,
464,2009-11-25,
465,2009-11-26,
466,2009-11-27,
467,2009-11-30,
468,2009-12-01,
469,2009-12-02,
470,2009-12-03,
471,2009-12-04,
472,2009-12-07,
473,2009-12-08,
474,2009-12-09,
475,2009-12-10,
476,2009-12-11,
477,2009-12-14,
478,2009-12-15,
479,2009-12-16,
480,2009-12-17,
481,2009-12-18,
482,2009-12-21,
483,2009-12-22,
484,2009-12-23,
485,2009-12-24,
486,2009-12-29,
487,2009-12-30,
488,2009-12-31,
489,2010-01-04,
490,2010-01-05,
491,2010-01-06,
492,2010-01-07,
493,2010-01-08,
494,2010-01-11,
495,2010-01-12,
496,2010-01-13,
497,2010-01-14,
498,2010-01-15,
499,2010-01-18,
500,2010-01-19,
501,2010-01-20,
502,2010-01-21,
503,2010-01-22,
504,2010-01-25,
505,2010-01-27,
506,2010-01-28,
507,2010-01-29,
508,2010-02-01,
509,2010-02-02,
510,2010-02-03,
511,2010-02-04,
512,2010-02-05,
513,2010-02-06,
514,2010-02-08,
515,2010-02-09,
516,2010-02-10,
517,2010-02-11,
518,2010-02-15,
519,2010-02-16,
520,2010-02-17,
521,2010-02-18,
522,2010-02-19,
523,2010-02-22,
524,2010-02-23,
525,2010-02-24,
526,2010-02-25,
527,2010-02-26,
528,2010-03-02,
529,2010-03-03,
530,2010-03-04,
531,2010-03-05,
532,2010-03-08,
533,2010-03-09,
534,2010-03-10,
535,2010-03-11,
536,2010-03-12,
537,2010-03-15,
538,2010-03-16,
539,2010-03-17,
540,2010-03-18,
541,2010-03-19,
542,2010-03-22,
543,2010-03-23,
544,2010-03-25,
545,2010-03-26,
546,2010-03-29,
547,2010-03-30,
548,2010-03-31,
549,2010-04-01,
550,2010-04-05,
551,2010-04-06,
552,2010-04-07,
553,2010-04-08,
554,2010-04-09,
555,2010-04-12,
556,2010-04-13,
557,2010-04-15,
558,2010-04-16,
559,2010-04-19,
560,2010-04-20,
561,2010-04-21,
562,2010-04-22,
563,2010-04-23,
564,2010-04-26,
565,2010-04-27,
566,2010-04-28,
567,2010-04-29,
568,2010-04-30,
569,2010-05-03,
570,2010-05-04,
571,2010-05-05,
572,2010-05-06,
573,2010-05-07,
574,2010-05-10,
575,2010-05-11,
576,2010-05-12,
577,2010-05-13,
578,2010-05-14,
579,2010-05-17,
580,2010-05-18,
581,2010-05-19,
582,2010-05-20,
583,2010-05-21,
584,2010-05-24,
585,2010-05-25,
586,2010-05-26,
587,2010-05-27,
588,2010-05-28,
589,2010-05-31,
590,2010-06-01,
591,2010-06-02,
592,2010-06-03,
593,2010-06-04,
594,2010-06-07,
595,2010-06-08,
596,2010-06-09,
597,2010-06-10,
598,2010-06-11,
599,2010-06-14,
600,2010-06-15,
601,2010-06-16,
602,2010-06-17,
603,2010-06-18,
604,2010-06-21,
605,2010-06-22,
606,2010-06-23,
607,2010-06-24,
608,2010-06-25,
609,2010-06-28,
610,2010-06-29,
611,2010-06-30,
612,2010-07-01,
613,2010-07-02,
614,2010-07-05,
615,2010-07-06,
616,2010-07-07,
617,2010-07-08,
618,2010-07-09,
619,2010-07-12,
620,2010-07-13,
621,2010-07-14,
622,2010-07-15,
623,2010-07-16,
624,2010-07-19,
625,2010-07-20,
626,2010-07-21,
627,2010-07-22,
628,2010-07-23,
629,2010-07-26,
630,2010-07-27,
631,2010-07-28,
632,2010-07-29,
633,2010-07-30,
634,2010-08-02,
635,2010-08-03,
636,2010-08-04,
637,2010-08-05,
638,2010-08-06,
639,2010-08-09,
640,2010-08-10,
641,2010-08-11,
642,2010-08-12,
643,2010-08-13,
644,2010-08-16,
645,2010-08-17,
646,2010-08-18,
647,2010-08-19,
648,2010-08-20,
649,2010-08-23,
650,2010-08-24,
651,2010-08-25,
652,2010-08-26,
653,2010-08-27,
654,2010-08-30,
655,2010-08-31,
656,2010-09-01,
657,2010-09-02,
658,2010-09-03,
659,2010-09-06,
660,2010-09-07,
661,2010-09-08,
662,2010-09-09,
663,2010-09-13,
664,2010-09-14,
665,2010-09-15,
666,2010-09-16,
667,2010-09-17,
668,2010-09-20,
669,2010-09-21,
670,2010-09-22,
671,2010-09-23,
672,2010-09-24,
673,2010-09-27,
674,2010-09-28,
675,2010-09-29,
676,2010-09-30,
677,2010-10-01,
678,2010-10-04,
679,2010-10-05,
680,2010-10-06,
681,2010-10-07,
682,2010-10-08,
683,2010-10-11,
684,2010-10-12,
685,2010-10-13,
686,2010-10-14,
687,2010-10-15,
688,2010-10-18,
689,2010-10-19,
690,2010-10-20,
691,2010-10-21,
692,2010-10-22,
693,2010-10-25,
694,2010-10-26,
695,2010-10-27,
696,2010-10-28,
697,2010-10-29,
698,2010-11-01,
699,2010-11-02,
700,2010-11-03,
701,2010-11-04,
702,2010-11-05,
703,2010-11-08,
704,2010-11-09,
705,2010-11-10,
706,2010-11-11,
707,2010-11-12,
708,2010-11-15,
709,2010-11-16,
710,2010-11-18,
711,2010-11-19,
712,2010-11-22,
713,2010-11-23,
714,2010-11-24,
715,2010-11-25,
716,2010-11-26,
717,2010-11-29,
718,2010-11-30,
719,2010-12-01,
720,2010-12-02,
721,2010-12-03,
722,2010-12-06,
723,2010-12-07,
724,2010-12-08,
725,2010-12-09,
726,2010-12-10,
727,2010-12-13,
728,2010-12-14,
729,2010-12-15,
730,2010-12-16,
731,2010-12-20,
732,2010-12-21,
733,2010-12-22,
734,2010-12-23,
735,2010-12-24,
736,2010-12-27,
737,2010-12-28,
738,2010-12-29,
739,2010-12-30,
740,2010-12-31,
741,2011-01-03,
742,2011-01-04,
743,2011-01-05,
744,2011-01-06,
745,2011-01-07,
746,2011-01-10,
747,2011-01-11,
748,2011-01-12,
749,2011-01-13,
750,2011-01-14,
751,2011-01-17,
752,2011-01-18,
753,2011-01-19,
754,2011-01-20,
755,2011-01-21,
756,2011-01-24,
757,2011-01-25,
758,2011-01-27,
759,2011-01-28,
760,2011-01-31,8707.95
761,2011-02-01,8625.6
762,2011-02-02,8491.25
763,2011-02-03,8411.1
764,2011-02-04,8495.85
765,2011-02-07,8332.6
766,2011-02-08,8356.05
767,2011-02-09,8248.4
768,2011-02-10,8167.65
769,2011-02-11,8214.95
770,2011-02-14,8191.35
771,2011-02-15,8430.1
772,2011-02-16,8345.15
773,2011-02-17,8427.6
774,2011-02-18,8466.75
775,2011-02-21,8413.35
776,2011-02-22,8459.6
777,2011-02-23,8421.35
778,2011-02-24,8332.4
779,2011-02-25,8202.55
780,2011-02-28,8348.25
781,2011-03-01,8789.95
782,2011-03-03,8895.05
783,2011-03-04,9000.5
784,2011-03-07,8882.8
785,2011-03-08,8911.15
786,2011-03-09,8903.85
787,2011-03-10,8842.65
788,2011-03-11,8804.4
789,2011-03-14,8850.15
790,2011-03-15,8828.4
791,2011-03-16,8798.6
792,2011-03-17,8749.1
793,2011-03-18,8726.75
794,2011-03-21,8672.3
795,2011-03-22,8653.7
796,2011-03-23,8683.05
797,2011-03-24,8787.2
798,2011-03-25,8851.15
799,2011-03-28,8905.8
800,2011-03-29,9029.3
801,2011-03-30,9033.35
802,2011-03-31,9026.35
803,2011-04-01,9180.95
804,2011-04-04,9231.4
805,2011-04-05,9273.8
806,2011-04-06,9249.75
807,2011-04-07,9260.85
808,2011-04-08,9262.55
809,2011-04-11,9286.55
810,2011-04-13,9280.75
811,2011-04-15,9501.3
812,2011-04-18,9497.5
813,2011-04-19,9413.4
814,2011-04-20,9380.25
815,2011-04-21,9579.85
816,2011-04-25,9521.75
817,2011-04-26,9535.4
818,2011-04-27,9540.25
819,2011-04-28,9604.65
820,2011-04-29,9465.9
821,2011-05-02,9612.5
822,2011-05-03,9506.65
823,2011-05-04,9362.05
824,2011-05-05,9350.9
825,2011-05-06,9178.55
826,2011-05-09,9267.75
827,2011-05-10,9386.25
828,2011-05-11,9457.5
829,2011-05-12,9486.05
830,2011-05-13,9411.05
831,2011-05-16,9643.8
832,2011-05-17,9516.8
833,2011-05-18,9577.35
834,2011-05-19,9642.85
835,2011-05-20,9653.45
836,2011-05-23,9574.15
837,2011-05-24,9625.1
838,2011-05-25,9508.0
839,2011-05-26,9554.3
840,2011-05-27,9553.0
841,2011-05-30,9607.55
842,2011-05-31,9610.45
843,2011-06-01,9875.75
844,2011-06-02,9848.2
845,2011-06-03,9960.85
846,2011-06-06,9900.45
847,2011-06-07,9823.6
848,2011-06-08,9843.55
849,2011-06-09,9935.05
850,2011-06-10,9830.0
851,2011-06-13,9802.0
852,2011-06-14,9813.5
853,2011-06-15,9923.95
854,2011-06-16,9958.75
855,2011-06-17,9909.25
856,2011-06-20,9901.9
857,2011-06-21,9713.2
858,2011-06-22,9642.35
859,2011-06-23,9560.7
860,2011-06-24,9772.9
861,2011-06-27,9864.5
862,2011-06-28,9909.3
863,2011-06-29,9943.0
864,2011-06-30,10197.15
865,2011-07-01,10462.2
866,2011-07-04,10379.75
867,2011-07-05,10295.6
868,2011-07-06,10141.6
869,2011-07-07,10186.4
870,2011-07-08,10446.95
871,2011-07-11,10320.1
872,2011-07-12,10328.25
873,2011-07-13,10333.05
874,2011-07-14,10390.4
875,2011-07-15,10343.3
876,2011-07-18,10320.75
877,2011-07-19,10329.75
878,2011-07-20,10384.35
879,2011-07-21,10381.25
880,2011-07-22,10475.4
881,2011-07-25,10459.35
882,2011-07-26,10397.3
883,2011-07-27,10280.75
884,2011-07-28,10167.35
885,2011-07-29,10345.3
886,2011-08-01,10490.35
887,2011-08-02,10416.55
888,2011-08-03,10249.35
889,2011-08-04,10286.6
890,2011-08-05,9966.35
891,2011-08-08,9856.2
892,2011-08-09,9727.3
893,2011-08-10,10067.3
894,2011-08-11,9950.1
895,2011-08-12,10039.1
896,2011-08-16,10066.15
897,2011-08-17,10006.8
898,2011-08-18,10171.7
899,2011-08-19,10039.75
900,2011-08-22,9926.3
901,2011-08-23,10077.05
902,2011-08-24,10111.75
903,2011-08-25,10090.0
904,2011-08-26,10103.55
905,2011-08-29,9926.35
906,2011-08-30,10124.45
907,2011-09-02,10271.35
908,2011-09-05,10149.5
909,2011-09-06,10116.65
910,2011-09-07,10148.35
911,2011-09-08,10115.9
912,2011-09-09,10100.8
913,2011-09-12,9999.1
914,2011-09-13,10065.25
915,2011-09-14,10065.05
916,2011-09-15,10256.85
917,2011-09-16,10158.3
918,2011-09-19,10025.3
919,2011-09-20,9942.6
920,2011-09-21,10042.7
921,2011-09-22,9961.9
922,2011-09-23,9692.9
923,2011-09-26,9782.45
924,2011-09-27,9645.9
925,2011-09-28,9835.95
926,2011-09-29,9851.7
927,2011-09-30,10039.4
928,2011-10-03,9857.4
929,2011-10-04,9751.2
930,2011-10-05,9646.65
931,2011-10-07,9815.45
932,2011-10-10,9864.1
933,2011-10-11,10000.8
934,2011-10-12,9949.9
935,2011-10-13,10080.45
936,2011-10-14,10047.05
937,2011-10-17,10161.6
938,2011-10-18,10153.75
939,2011-10-19,10149.4
940,2011-10-20,10196.6
941,2011-10-21,10170.75
942,2011-10-24,10098.4
943,2011-10-25,10256.05
944,2011-10-26,10406.4
945,2011-10-28,10520.25
946,2011-10-31,10587.6
947,2011-11-01,10599.5
948,2011-11-02,10549.5
949,2011-11-03,10562.75
950,2011-11-04,10608.5
951,2011-11-08,10587.55
952,2011-11-09,10643.1
953,2011-11-11,10736.65
954,2011-11-14,10768.95
955,2011-11-15,10713.7
956,2011-11-16,10580.75
957,2011-11-17,10640.85
958,2011-11-18,10440.85
959,2011-11-21,10269.25
960,2011-11-22,10322.65
961,2011-11-23,10098.7
962,2011-11-24,9982.0
963,2011-11-25,9950.05
964,2011-11-28,9990.9
965,2011-11-29,10114.9
966,2011-11-30,10123.0
967,2011-12-01,10396.35
968,2011-12-02,10348.25
969,2011-12-05,10446.4
970,2011-12-07,10425.65
971,2011-12-08,10447.6
972,2011-12-09,10207.45
973,2011-12-12,10194.45
974,2011-12-13,10058.7
975,2011-12-14,10127.55
976,2011-12-15,10135.65
977,2011-12-16,10197.05
978,2011-12-19,10015.9
979,2011-12-20,10139.5
980,2011-12-21,10208.95
981,2011-12-22,10222.05
982,2011-12-23,10385.3
983,2011-12-26,10354.95
984,2011-12-27,10444.65
985,2011-12-28,10446.35
986,2011-12-29,10282.2
987,2011-12-30,10246.75
988,2012-01-02,10236.75
989,2012-01-03,10153.3
990,2012-01-04,10246.35
991,2012-01-05,10134.35
992,2012-01-06,10111.75
993,2012-01-07,10218.35
994,2012-01-09,10183.2
995,2012-01-10,10189.15
996,2012-01-11,10305.55
997,2012-01-12,10239.4
998,2012-01-13,10311.75
999,2012-01-16,10345.55
1000,2012-01-17,10419.5
1001,2012-01-18,10463.6
1002,2012-01-19,10490.45
1003,2012-01-20,10475.6
1004,2012-01-23,10221.55
1005,2012-01-24,10350.2
1006,2012-01-25,10349.1
1007,2012-01-27,10465.05
1008,2012-01-30,10253.0
1009,2012-01-31,10255.7
1010,2012-02-01,10315.05
1011,2012-02-02,10345.6
1012,2012-02-03,10316.1
1013,2012-02-06,10528.6
1014,2012-02-07,10513.55
1015,2012-02-08,10500.0
1016,2012-02-09,10455.55
1017,2012-02-10,10525.2
1018,2012-02-13,10501.55
1019,2012-02-14,10470.95
1020,2012-02-15,10511.25
1021,2012-02-16,10517.9
1022,2012-02-17,10513.25
1023,2012-02-21,10554.7
1024,2012-02-22,10572.65
1025,2012-02-23,10529.3
1026,2012-02-24,10612.8
1027,2012-02-27,10662.4
1028,2012-02-28,10653.9
1029,2012-02-29,10656.1
1030,2012-03-01,10555.1
1031,2012-03-02,10520.85
1032,2012-03-03,10466.8
1033,2012-03-05,10459.05
1034,2012-03-06,10471.45
1035,2012-03-07,10569.25
1036,2012-03-09,10629.85
1037,2012-03-12,10629.2
1038,2012-03-13,10578.8
1039,2012-03-14,10735.7
1040,2012-03-15,10781.45
1041,2012-03-16,10683.4
1042,2012-03-19,10923.0
1043,2012-03-20,11025.75
1044,2012-03-21,11135.75
1045,2012-03-22,11241.7
1046,2012-03-23,11105.05
1047,2012-03-26,11180.9
1048,2012-03-27,11205.7
1049,2012-03-28,11355.7
1050,2012-03-29,11283.8
1051,2012-03-30,11298.0
1052,2012-04-02,11430.25
1053,2012-04-03,11484.25
1054,2012-04-04,11445.35
1055,2012-04-09,11391.75
1056,2012-04-10,11384.3
1057,2012-04-11,11556.35
1058,2012-04-12,11557.15
1059,2012-04-13,11779.65
1060,2012-04-16,11806.1
1061,2012-04-17,12083.1
1062,2012-04-18,12133.0
1063,2012-04-19,12072.1
1064,2012-04-20,12145.8
1065,2012-04-23,12180.05
1066,2012-04-24,12073.5
1067,2012-04-25,12102.05
1068,2012-04-26,12160.05
1069,2012-04-27,12201.55
1070,2012-04-28,12156.35
1071,2012-04-30,12208.75
1072,2012-05-02,12207.75
1073,2012-05-03,12177.7
1074,2012-05-04,12095.05
1075,2012-05-07,11873.2
1076,2012-05-08,11897.95
1077,2012-05-09,11666.0
1078,2012-05-10,11979.45
1079,2012-05-11,11905.8
1080,2012-05-14,11772.5
1081,2012-05-15,11729.25
1082,2012-05-16,11635.85
1083,2012-05-17,11617.85
1084,2012-05-18,11703.75
1085,2012-05-21,11933.9
1086,2012-05-22,11845.45
1087,2012-05-23,11624.05
1088,2012-05-24,11671.85
1089,2012-05-25,11695.1
1090,2012-05-28,11699.25
1091,2012-05-29,11806.05
1092,2012-05-30,11659.8
1093,2012-05-31,11572.3
1094,2012-06-01,11635.6
1095,2012-06-04,11635.25
1096,2012-06-05,11532.15
1097,2012-06-06,11387.85
1098,2012-06-07,11768.7
1099,2012-06-08,11817.85
1100,2012-06-11,11875.6
1101,2012-06-12,11864.55
1102,2012-06-13,12009.3
1103,2012-06-14,12141.0
1104,2012-06-15,12155.8
1105,2012-06-18,12278.65
1106,2012-06-19,12072.75
1107,2012-06-20,12273.1
1108,2012-06-21,12219.65
1109,2012-06-22,12388.2
1110,2012-06-25,12380.1
1111,2012-06-26,12353.95
1112,2012-06-27,12324.05
1113,2012-06-28,12352.5
1114,2012-06-29,12510.5
1115,2012-07-02,12729.45
1116,2012-07-03,12454.0
1117,2012-07-04,12403.8
1118,2012-07-05,12340.35
1119,2012-07-06,12478.0
1120,2012-07-09,12491.4
1121,2012-07-10,12476.7
1122,2012-07-11,12628.0
1123,2012-07-12,12497.3
1124,2012-07-13,12473.0
1125,2012-07-16,12504.2
1126,2012-07-17,12516.05
1127,2012-07-18,12640.25
1128,2012-07-19,12618.3
1129,2012-07-20,12570.25
1130,2012-07-23,12545.6
1131,2012-07-24,12537.0
1132,2012-07-25,12674.75
1133,2012-07-26,12786.65
1134,2012-07-27,12713.9
1135,2012-07-30,12767.65
1136,2012-07-31,12859.7
1137,2012-08-01,12880.15
1138,2012-08-02,12973.1
1139,2012-08-03,12980.15
1140,2012-08-06,13031.3
1141,2012-08-07,12968.05
1142,2012-08-08,13028.5
1143,2012-08-09,13072.7
1144,2012-08-10,13226.7
1145,2012-08-13,13332.35
1146,2012-08-14,13385.9
1147,2012-08-16,13384.6
1148,2012-08-17,13130.0
1149,2012-08-21,13303.5
1150,2012-08-22,13325.45
1151,2012-08-23,13370.15
1152,2012-08-24,13448.9
1153,2012-08-27,13498.85
1154,2012-08-28,13529.75
1155,2012-08-29,13641.5
1156,2012-08-30,13667.25
1157,2012-08-31,13772.4
1158,2012-09-03,13694.95
1159,2012-09-04,13650.65
1160,2012-09-05,13673.3
1161,2012-09-06,13774.4
1162,2012-09-07,13653.35
1163,2012-09-08,13650.3
1164,2012-09-10,13729.1
1165,2012-09-11,13688.1
1166,2012-09-12,13762.9
1167,2012-09-13,13818.1
1168,2012-09-14,14000.35
1169,2012-09-17,13897.45
1170,2012-09-18,13337.55
1171,2012-09-20,13327.5
1172,2012-09-21,13431.95
1173,2012-09-24,13573.95
1174,2012-09-25,13372.05
1175,2012-09-26,13671.2
1176,2012-09-27,13745.65
1177,2012-09-28,13930.35
1178,2012-10-01,14095.35
1179,2012-10-03,14171.4
1180,2012-10-04,14204.4
1181,2012-10-05,14396.05
1182,2012-10-08,14408.1
1183,2012-10-09,14445.85
1184,2012-10-10,14550.0
1185,2012-10-11,14532.95
1186,2012-10-12,14743.4
1187,2012-10-15,14698.95
1188,2012-10-16,14757.95
1189,2012-10-17,14791.7
1190,2012-10-18,14853.1
1191,2012-10-19,14931.35
1192,2012-10-22,15078.0
1193,2012-10-23,15032.55
1194,2012-10-25,14930.3
1195,2012-10-26,14890.4
1196,2012-10-29,14635.5
1197,2012-10-30,14580.15
1198,2012-10-31,14572.35
1199,2012-11-01,14460.2
1200,2012-11-02,14497.6
1201,2012-11-05,14544.4
1202,2012-11-06,14663.85
1203,2012-11-07,14703.6
1204,2012-11-08,14685.7
1205,2012-11-09,14750.0
1206,2012-11-12,14731.75
1207,2012-11-13,14896.55
1208,2012-11-15,14877.05
1209,2012-11-16,14736.45
1210,2012-11-19,14493.4
1211,2012-11-20,14702.15
1212,2012-11-21,14611.8
1213,2012-11-22,14857.15
1214,2012-11-23,14915.95
1215,2012-11-26,14946.9
1216,2012-11-27,15092.25
1217,2012-11-29,15404.25
1218,2012-11-30,15533.15
1219,2012-12-03,15537.95
1220,2012-12-04,15472.75
1221,2012-12-05,15517.9
1222,2012-12-06,15572.3
1223,2012-12-07,15608.25
1224,2012-12-10,15587.25
1225,2012-12-11,15675.25
1226,2012-12-12,15802.25
1227,2012-12-13,15744.75
1228,2012-12-14,15282.9
1229,2012-12-17,15308.15
1230,2012-12-18,15304.2
1231,2012-12-19,15316.85
1232,2012-12-20,15255.85
1233,2012-12-21,15231.15
1234,2012-12-24,15264.95
1235,2012-12-26,15221.8
1236,2012-12-27,15370.15
1237,2012-12-28,15152.55
1238,2012-12-31,15200.85
1239,2013-01-01,15194.55
1240,2013-01-02,15283.1
1241,2013-01-03,15253.25
1242,2013-01-04,15216.4
1243,2013-01-07,15182.55
1244,2013-01-08,14956.95
1245,2013-01-09,15124.35
1246,2013-01-10,14938.15
1247,2013-01-11,14914.35
1248,2013-01-14,14597.1
1249,2013-01-15,14745.6
1250,2013-01-16,14880.4
1251,2013-01-17,14778.65
1252,2013-01-18,14853.35
1253,2013-01-21,14860.85
1254,2013-01-22,14989.05
1255,2013-01-23,14654.75
1256,2013-01-24,14785.55
1257,2013-01-25,14952.4
1258,2013-01-28,15061.05
1259,2013-01-29,15023.5
1260,2013-01-30,15161.8
1261,2013-01-31,15194.35
1262,2013-02-01,15262.35
1263,2013-02-04,15309.25
1264,2013-02-05,15181.25
1265,2013-02-06,15100.8
1266,2013-02-07,15070.35
1267,2013-02-08,15056.05
1268,2013-02-11,15037.4
1269,2013-02-12,14915.55
1270,2013-02-13,15024.7
1271,2013-02-14,14907.55
1272,2013-02-15,14936.6
1273,2013-02-18,14975.6
1274,2013-02-19,15037.05
1275,2013-02-20,15189.85
1276,2013-02-21,15068.9
1277,2013-02-22,14859.25
1278,2013-02-25,14694.15
1279,2013-02-26,14643.65
1280,2013-02-27,14590.9
1281,2013-02-28,14711.0
1282,2013-03-01,14620.9
1283,2013-03-04,14618.4
1284,2013-03-05,14624.15
1285,2013-03-06,14796.95
1286,2013-03-07,14481.45
1287,2013-03-08,14712.8
1288,2013-03-11,14900.8
1289,2013-03-12,14902.2
1290,2013-03-13,14954.75
1291,2013-03-14,15048.7
1292,2013-03-15,15131.45
1293,2013-03-18,15077.0
1294,2013-03-19,15342.75
1295,2013-03-20,15163.85
1296,2013-03-21,15259.75
1297,2013-03-22,15188.7
1298,2013-03-25,15165.15
1299,2013-03-26,15078.05
1300,2013-03-28,15269.35
1301,2013-04-01,15310.3
1302,2013-04-02,15297.15
1303,2013-04-03,15282.05
1304,2013-04-04,15239.2
1305,2013-04-05,15042.1
1306,2013-04-08,14852.35
1307,2013-04-09,14980.8
1308,2013-04-10,14839.35
1309,2013-04-11,14752.2
1310,2013-04-12,14732.85
1311,2013-04-15,14968.5
1312,2013-04-16,15140.3
1313,2013-04-17,15435.05
1314,2013-04-18,15593.45
1315,2013-04-22,15680.2
1316,2013-04-23,15799.85
1317,2013-04-25,15731.55
1318,2013-04-26,15779.85
1319,2013-04-29,15724.7
1320,2013-04-30,16458.45
1321,2013-05-02,16769.4
1322,2013-05-03,16967.3
1323,2013-05-06,16868.15
1324,2013-05-07,16792.3
1325,2013-05-08,17158.6
1326,2013-05-09,17384.25
1327,2013-05-10,17322.4
1328,2013-05-11,17596.4
1329,2013-05-13,17659.2
1330,2013-05-14,17216.35
1331,2013-05-15,17201.6
1332,2013-05-16,17316.05
1333,2013-05-17,17275.1
1334,2013-05-20,17240.4
1335,2013-05-21,17136.8
1336,2013-05-22,17015.7
1337,2013-05-23,17137.7
1338,2013-05-24,17138.05
1339,2013-05-27,17126.6
1340,2013-05-28,17265.95
1341,2013-05-29,17460.25
1342,2013-05-30,17524.45
1343,2013-05-31,17792.4
1344,2013-06-03,17512.4
1345,2013-06-04,17405.85
1346,2013-06-05,17419.2
1347,2013-06-06,17366.35
1348,2013-06-07,17340.05
1349,2013-06-10,17341.05
1350,2013-06-11,17294.2
1351,2013-06-12,17214.0
1352,2013-06-13,16948.7
1353,2013-06-14,16965.2
1354,2013-06-17,17081.9
1355,2013-06-18,17091.4
1356,2013-06-19,17044.85
1357,2013-06-20,16963.4
1358,2013-06-21,16716.2
1359,2013-06-24,16628.55
1360,2013-06-25,16392.25
1361,2013-06-26,16497.4
1362,2013-06-27,16689.85
1363,2013-06-28,16613.5
1364,2013-07-01,16715.95
1365,2013-07-02,16949.45
1366,2013-07-03,16870.65
1367,2013-07-04,17022.25
1368,2013-07-05,17737.55
1369,2013-07-08,17573.1
1370,2013-07-09,17729.35
1371,2013-07-10,17806.7
1372,2013-07-11,17888.0
1373,2013-07-12,17964.1
1374,2013-07-15,17918.45
1375,2013-07-16,17894.75
1376,2013-07-17,18396.1
1377,2013-07-18,19008.8
1378,2013-07-19,19179.85
1379,2013-07-22,19032.5
1380,2013-07-23,19174.05
1381,2013-07-24,19381.25
1382,2013-07-25,19277.9
1383,2013-07-26,18717.65
1384,2013-07-29,18621.25
1385,2013-07-30,18173.7
1386,2013-07-31,17848.5
1387,2013-08-01,17502.25
1388,2013-08-02,17492.45
1389,2013-08-05,17191.65
1390,2013-08-06,17235.85
1391,2013-08-07,16979.9
1392,2013-08-08,16688.8
1393,2013-08-12,16953.0
1394,2013-08-13,17229.4
1395,2013-08-14,17294.95
1396,2013-08-16,17305.2
1397,2013-08-19,16675.4
1398,2013-08-20,16206.1
1399,2013-08-21,16533.7
1400,2013-08-22,15779.1
1401,2013-08-23,16115.4
1402,2013-08-26,16262.6
1403,2013-08-27,16140.5
1404,2013-08-28,15660.85
1405,2013-08-29,15767.3
1406,2013-08-30,16072.1
1407,2013-09-02,16343.45
1408,2013-09-03,16883.45
1409,2013-09-04,16185.15
1410,2013-09-05,16410.5
1411,2013-09-06,16646.8
1412,2013-09-10,16845.05
1413,2013-09-11,17566.6
1414,2013-09-12,17452.0
1415,2013-09-13,17544.05
1416,2013-09-16,17478.55
1417,2013-09-17,17292.75
1418,2013-09-18,17556.8
1419,2013-09-19,18013.15
1420,2013-09-20,18274.15
1421,2013-09-23,17966.7
1422,2013-09-24,17803.6
1423,2013-09-25,17928.9
1424,2013-09-26,17695.25
1425,2013-09-27,17898.15
1426,2013-09-30,17788.9
1427,2013-10-01,17656.55
1428,2013-10-03,17790.75
1429,2013-10-04,17544.15
1430,2013-10-07,17549.0
1431,2013-10-08,17685.65
1432,2013-10-09,17763.5
1433,2013-10-10,17804.5
1434,2013-10-11,17897.7
1435,2013-10-14,17723.85
1436,2013-10-15,17549.45
1437,2013-10-17,17582.6
1438,2013-10-18,17828.3
1439,2013-10-21,18099.6
1440,2013-10-22,17749.25
1441,2013-10-23,17819.4
1442,2013-10-24,17881.35
1443,2013-10-25,17942.65
1444,2013-10-28,17695.2
1445,2013-10-29,17244.8
1446,2013-10-30,17435.15
1447,2013-10-31,17498.5
1448,2013-11-01,17529.6
1449,2013-11-03,17500.45
1450,2013-11-05,17402.65
1451,2013-11-06,17045.2
1452,2013-11-07,16968.05
1453,2013-11-08,16913.25
1454,2013-11-11,16803.65
1455,2013-11-12,16685.95
1456,2013-11-13,16727.7
1457,2013-11-14,16507.6
1458,2013-11-18,16668.7
1459,2013-11-19,17074.65
1460,2013-11-20,16976.9
1461,2013-11-21,16764.3
1462,2013-11-22,16590.9
1463,2013-11-25,16541.9
1464,2013-11-26,16745.45
1465,2013-11-27,16577.4
1466,2013-11-28,16808.25
1467,2013-11-29,16766.05
1468,2013-12-02,17036.35
1469,2013-12-03,17029.95
1470,2013-12-04,16874.95
1471,2013-12-05,16799.2
1472,2013-12-06,16505.25
1473,2013-12-09,16763.45
1474,2013-12-10,16568.75
1475,2013-12-11,16716.6
1476,2013-12-12,16818.9
1477,2013-12-13,16656.05
1478,2013-12-16,16600.75
1479,2013-12-17,16582.2
1480,2013-12-18,16611.9
1481,2013-12-19,16740.45
1482,2013-12-20,16638.3
1483,2013-12-23,16677.4
1484,2013-12-24,16841.6
1485,2013-12-26,16829.9
1486,2013-12-27,16894.35
1487,2013-12-30,16977.25
1488,2013-12-31,17066.95
1489,2014-01-01,17054.6
1490,2014-01-02,17036.6
1491,2014-01-03,16712.5
1492,2014-01-06,16805.75
1493,2014-01-07,16847.45
1494,2014-01-08,16835.3
1495,2014-01-09,16834.6
1496,2014-01-10,16818.85
1497,2014-01-13,17003.85
1498,2014-01-14,17005.35
1499,2014-01-15,16969.3
1500,2014-01-16,17086.55
1501,2014-01-17,16958.05
1502,2014-01-20,16923.3
1503,2014-01-21,17135.55
1504,2014-01-22,17078.0
1505,2014-01-23,17036.5
1506,2014-01-24,17056.15
1507,2014-01-27,16731.05
1508,2014-01-28,16841.85
1509,2014-01-29,16936.95
1510,2014-01-30,16740.0
1511,2014-01-31,16784.6
1512,2014-02-03,16793.2
1513,2014-02-04,16633.25
1514,2014-02-05,16770.3
1515,2014-02-06,16727.6
1516,2014-02-07,17019.1
1517,2014-02-10,16824.1
1518,2014-02-11,16803.05
1519,2014-02-12,16839.5
1520,2014-02-13,16685.8
1521,2014-02-14,16525.05
1522,2014-02-17,16603.2
1523,2014-02-18,16561.0
1524,2014-02-19,16543.05
1525,2014-02-20,16448.45
1526,2014-02-21,16414.4
1527,2014-02-24,16510.6
1528,2014-02-25,16609.5
1529,2014-02-26,16714.45
1530,2014-02-28,16780.1
1531,2014-03-03,16859.8
1532,2014-03-04,16880.25
1533,2014-03-05,17009.4
1534,2014-03-06,17039.5
1535,2014-03-07,17026.2
1536,2014-03-10,17130.35
1537,2014-03-11,17120.8
1538,2014-03-12,17094.0
1539,2014-03-13,17321.55
1540,2014-03-14,17305.5
1541,2014-03-18,17520.7
1542,2014-03-19,17780.35
1543,2014-03-20,17913.8
1544,2014-03-21,17958.5
1545,2014-03-22,17984.35
1546,2014-03-24,18000.4
1547,2014-03-25,18041.15
1548,2014-03-26,18224.6
1549,2014-03-27,18093.15
1550,2014-03-28,18250.25
1551,2014-03-31,18230.35
1552,2014-04-01,18119.2
1553,2014-04-02,18153.6
1554,2014-04-03,17816.95
1555,2014-04-04,17940.35
1556,2014-04-07,17824.55
1557,2014-04-09,17848.15
1558,2014-04-10,17969.95
1559,2014-04-11,17809.25
1560,2014-04-15,17898.25
1561,2014-04-16,17874.4
1562,2014-04-17,18023.25
1563,2014-04-21,18214.25
1564,2014-04-22,18180.5
1565,2014-04-23,18151.0
1566,2014-04-25,18186.95
1567,2014-04-28,17842.5
1568,2014-04-29,17678.2
1569,2014-04-30,17565.15
1570,2014-05-02,17611.05
1571,2014-05-05,17538.5
1572,2014-05-06,17685.85
1573,2014-05-07,17705.5
1574,2014-05-08,17655.65
1575,2014-05-09,17511.3
1576,2014-05-12,17626.85
1577,2014-05-13,18158.75
1578,2014-05-14,18288.9
1579,2014-05-15,18433.5
1580,2014-05-16,18629.5
1581,2014-05-19,18306.0
1582,2014-05-20,17577.65
1583,2014-05-21,17533.5
1584,2014-05-22,17723.15
1585,2014-05-23,17941.65
1586,2014-05-26,17879.95
1587,2014-05-27,17748.3
1588,2014-05-28,17750.3
1589,2014-05-29,17759.9
1590,2014-05-30,17699.1
1591,2014-06-02,17872.0
1592,2014-06-03,17600.95
1593,2014-06-04,17580.3
1594,2014-06-05,17553.95
1595,2014-06-06,17887.4
1596,2014-06-09,18098.25
1597,2014-06-10,18050.2
1598,2014-06-11,18110.05
1599,2014-06-12,17913.5
1600,2014-06-13,18053.5
1601,2014-06-16,17929.05
1602,2014-06-17,17931.2
1603,2014-06-18,17900.2
1604,2014-06-19,17833.35
1605,2014-06-20,17811.5
1606,2014-06-23,17824.8
1607,2014-06-24,17103.45
1608,2014-06-25,17254.65
1609,2014-06-26,17232.65
1610,2014-06-27,17204.7
1611,2014-06-30,17305.15
1612,2014-07-01,17517.55
1613,2014-07-02,17569.6
1614,2014-07-03,17740.8
1615,2014-07-04,17806.0
1616,2014-07-07,17869.3
1617,2014-07-08,17883.6
1618,2014-07-09,17849.35
1619,2014-07-10,17921.35
1620,2014-07-11,18082.35
1621,2014-07-14,18160.5
1622,2014-07-15,18051.8
1623,2014-07-16,17980.1
1624,2014-07-17,18046.8
1625,2014-07-18,18085.75
1626,2014-07-21,18151.85
1627,2014-07-22,18344.75
1628,2014-07-23,18493.4
1629,2014-07-24,18498.35
1630,2014-07-25,18625.9
1631,2014-07-28,18652.05
1632,2014-07-30,18896.25
1633,2014-07-31,18828.5
1634,2014-08-01,18724.5
1635,2014-08-04,18721.05
1636,2014-08-05,18816.2
1637,2014-08-06,18773.4
1638,2014-08-07,18576.75
1639,2014-08-08,18450.7
1640,2014-08-11,18620.55
1641,2014-08-12,18604.45
1642,2014-08-13,18598.2
1643,2014-08-14,18934.5
1644,2014-08-18,18934.35
1645,2014-08-19,18889.2
1646,2014-08-20,18999.05
1647,2014-08-21,18748.65
1648,2014-08-22,18835.1
1649,2014-08-25,18801.3
1650,2014-08-26,18932.15
1651,2014-08-27,19170.4
1652,2014-08-28,19192.55
1653,2014-09-01,19399.25
1654,2014-09-02,19177.8
1655,2014-09-03,19327.6
1656,2014-09-04,19166.75
1657,2014-09-05,19207.1
1658,2014-09-08,19250.35
1659,2014-09-09,19269.85
1660,2014-09-10,19478.1
1661,2014-09-11,19244.5
1662,2014-09-12,19316.25
1663,2014-09-15,19450.75
1664,2014-09-16,19348.15
1665,2014-09-17,19416.85
1666,2014-09-18,19429.3
1667,2014-09-19,19554.75
1668,2014-09-22,19477.05
1669,2014-09-23,19892.25
1670,2014-09-24,19839.85
1671,2014-09-25,20217.55
1672,2014-09-26,19974.65
1673,2014-09-29,19850.15
1674,2014-09-30,19626.65
1675,2014-10-01,19853.0
1676,2014-10-07,19577.55
1677,2014-10-08,19531.25
1678,2014-10-09,19587.0
1679,2014-10-10,19544.75
1680,2014-10-13,19046.55
1681,2014-10-14,18947.8
1682,2014-10-16,18760.6
1683,2014-10-17,18934.15
1684,2014-10-20,19109.4
1685,2014-10-21,19047.85
1686,2014-10-22,19184.7
1687,2014-10-23,19183.45
1688,2014-10-27,19290.45
1689,2014-10-28,18984.05
1690,2014-10-29,19089.5
1691,2014-10-30,19152.25
1692,2014-10-31,19372.7
1693,2014-11-03,19450.7
1694,2014-11-05,19406.8
1695,2014-11-07,19518.55
1696,2014-11-10,19527.5
1697,2014-11-11,20085.5
1698,2014-11-12,19931.0
1699,2014-11-13,20190.5
1700,2014-11-14,20121.4
1701,2014-11-17,20145.6
1702,2014-11-18,20141.95
1703,2014-11-19,20155.55
1704,2014-11-20,20140.95
1705,2014-11-21,20171.5
1706,2014-11-24,20181.1
1707,2014-11-25,20268.25
1708,2014-11-26,19786.25
1709,2014-11-27,19917.45
1710,2014-11-28,20029.05
1711,2014-12-01,19993.1
1712,2014-12-02,20226.0
1713,2014-12-03,20327.6
1714,2014-12-04,20618.4
1715,2014-12-05,20964.85
1716,2014-12-08,21289.25
1717,2014-12-09,21389.4
1718,2014-12-10,21226.95
1719,2014-12-11,21128.2
1720,2014-12-12,21092.35
1721,2014-12-15,21000.4
1722,2014-12-16,20723.6
1723,2014-12-17,20077.95
1724,2014-12-18,20236.3
1725,2014-12-19,20271.25
1726,2014-12-22,19994.15
1727,2014-12-23,20272.5
1728,2014-12-24,20301.25
1729,2014-12-26,20129.75
1730,2014-12-29,19943.75
1731,2014-12-30,20107.65
1732,2014-12-31,20083.65
1733,2015-01-01,20085.95
1734,2015-01-02,20065.8
1735,2015-01-05,20176.25
1736,2015-01-06,20169.7
1737,2015-01-07,19784.05
1738,2015-01-08,19947.85
1739,2015-01-09,20295.1
1740,2015-01-12,20332.6
1741,2015-01-13,20563.45
1742,2015-01-14,20628.45
1743,2015-01-15,20733.1
1744,2015-01-16,20837.15
1745,2015-01-19,21009.6
1746,2015-01-20,20749.1
1747,2015-01-21,21176.3
1748,2015-01-22,20696.5
1749,2015-01-23,20801.1
1750,2015-01-27,20767.35
1751,2015-01-28,20963.0
1752,2015-01-29,21035.9
1753,2015-01-30,21303.1
1754,2015-02-02,21095.35
1755,2015-02-03,20886.0
1756,2015-02-04,21132.35
1757,2015-02-05,20976.8
1758,2015-02-06,21011.3
1759,2015-02-09,21187.55
1760,2015-02-10,20975.9
1761,2015-02-11,21143.3
1762,2015-02-12,21331.75
1763,2015-02-13,21284.4
1764,2015-02-16,21606.7
1765,2015-02-18,21846.45
1766,2015-02-19,22220.2
1767,2015-02-20,21937.85
1768,2015-02-23,22150.85
1769,2015-02-24,21982.8
1770,2015-02-25,22333.8
1771,2015-02-26,22260.75
1772,2015-02-27,22057.8
1773,2015-02-28,22102.0
1774,2015-03-02,21025.15
1775,2015-03-03,20689.1
1776,2015-03-04,20814.3
1777,2015-03-05,20819.7
1778,2015-03-09,20893.7
1779,2015-03-10,20968.25
1780,2015-03-11,20848.3
1781,2015-03-12,20817.8
1782,2015-03-13,21190.05
1783,2015-03-16,20733.65
1784,2015-03-17,20611.7
1785,2015-03-18,20777.4
1786,2015-03-19,20719.35
1787,2015-03-20,20453.75
1788,2015-03-23,20007.65
1789,2015-03-24,19973.55
1790,2015-03-25,20016.25
1791,2015-03-26,19908.2
1792,2015-03-27,19839.45
1793,2015-03-30,19642.65
1794,2015-03-31,19937.1
1795,2015-04-01,19887.5
1796,2015-04-06,20062.95
1797,2015-04-07,20647.5
1798,2015-04-08,20813.6
1799,2015-04-09,21133.8
1800,2015-04-10,21137.95
1801,2015-04-13,21238.65
1802,2015-04-15,21533.85
1803,2015-04-16,21406.95
1804,2015-04-17,21330.45
1805,2015-04-20,21298.65
1806,2015-04-21,20665.6
1807,2015-04-22,20441.85
1808,2015-04-23,20575.4
1809,2015-04-24,20544.8
1810,2015-04-27,20617.2
1811,2015-04-28,20212.65
1812,2015-04-29,19979.7
1813,2015-04-30,19729.8
1814,2015-05-04,19606.65
1815,2015-05-05,19861.7
1816,2015-05-06,19960.2
1817,2015-05-07,19492.0
1818,2015-05-08,19708.1
1819,2015-05-11,19967.5
1820,2015-05-12,19845.1
1821,2015-05-13,19737.85
1822,2015-05-14,19806.75
1823,2015-05-15,19890.15
1824,2015-05-18,20044.0
1825,2015-05-19,20262.6
1826,2015-05-20,20265.55
1827,2015-05-21,20302.0
1828,2015-05-22,20193.15
1829,2015-05-25,19964.8
1830,2015-05-26,19826.95
1831,2015-05-27,19660.25
1832,2015-05-28,19831.35
1833,2015-05-29,19901.75
1834,2015-06-01,20033.8
1835,2015-06-02,20304.0
1836,2015-06-03,19584.3
1837,2015-06-04,19177.65
1838,2015-06-05,19070.5
1839,2015-06-08,19364.85
1840,2015-06-09,18979.65
1841,2015-06-10,18994.5
1842,2015-06-11,19073.3
1843,2015-06-12,18813.15
1844,2015-06-15,18833.05
1845,2015-06-16,18932.85
1846,2015-06-17,18978.65
1847,2015-06-18,19262.35
1848,2015-06-19,19258.3
1849,2015-06-22,19423.7
1850,2015-06-23,19686.55
1851,2015-06-24,19777.3
1852,2015-06-25,19726.8
1853,2015-06-26,19765.35
1854,2015-06-29,19470.15
1855,2015-06-30,19806.55
1856,2015-07-01,20170.7
1857,2015-07-02,20147.45
1858,2015-07-03,20132.25
1859,2015-07-06,20085.05
1860,2015-07-07,20381.6
1861,2015-07-08,20251.05
1862,2015-07-09,20177.4
1863,2015-07-10,20012.5
1864,2015-07-13,19985.65
1865,2015-07-14,20134.3
1866,2015-07-15,20180.6
1867,2015-07-16,20298.05
1868,2015-07-17,20491.85
1869,2015-07-20,20584.65
1870,2015-07-21,20528.9
1871,2015-07-22,20108.15
1872,2015-07-23,20340.1
1873,2015-07-24,20296.7
1874,2015-07-27,20208.7
1875,2015-07-28,20152.25
1876,2015-07-29,20187.05
1877,2015-07-30,20045.05
1878,2015-07-31,20620.95
1879,2015-08-03,20942.8
1880,2015-08-04,21014.45
1881,2015-08-05,20987.7
1882,2015-08-06,21128.55
1883,2015-08-07,20880.85
1884,2015-08-10,20936.55
1885,2015-08-11,20809.15
1886,2015-08-12,20662.5
1887,2015-08-13,20392.75
1888,2015-08-14,20336.7
1889,2015-08-17,20411.2
1890,2015-08-18,20374.05
1891,2015-08-19,20261.75
1892,2015-08-20,20350.9
1893,2015-08-21,20565.05
1894,2015-08-24,20199.6
1895,2015-08-25,19902.65
1896,2015-08-26,19807.1
1897,2015-08-27,19999.3
1898,2015-08-28,20311.6
1899,2015-08-31,20141.4
1900,2015-09-01,19961.25
1901,2015-09-02,19924.6
1902,2015-09-03,19882.2
1903,2015-09-04,19886.85
1904,2015-09-07,19665.45
1905,2015-09-08,19385.75
1906,2015-09-09,19359.15
1907,2015-09-10,19166.95
1908,2015-09-11,19410.45
1909,2015-09-14,19454.8
1910,2015-09-15,19501.5
1911,2015-09-16,19786.2
1912,2015-09-18,19881.45
1913,2015-09-21,19416.25
1914,2015-09-22,19440.2
1915,2015-09-23,18995.75
1916,2015-09-24,19248.35
1917,2015-09-28,19555.2
1918,2015-09-29,19343.95
1919,2015-09-30,19636.9
1920,2015-10-01,19970.5
1921,2015-10-05,20105.0
1922,2015-10-06,20280.1
1923,2015-10-07,20661.05
1924,2015-10-08,20751.4
1925,2015-10-09,20535.4
1926,2015-10-12,20525.45
1927,2015-10-13,20358.9
1928,2015-10-14,20401.5
1929,2015-10-15,20302.6
1930,2015-10-16,20433.7
1931,2015-10-19,20436.0
1932,2015-10-20,20634.1
1933,2015-10-21,20566.85
1934,2015-10-23,20623.5
1935,2015-10-26,20875.4
1936,2015-10-27,20762.75
1937,2015-10-28,20796.7
1938,2015-10-29,20854.45
1939,2015-10-30,20696.35
1940,2015-11-02,20085.25
1941,2015-11-03,20282.2
1942,2015-11-04,20314.5
1943,2015-11-05,20224.5
1944,2015-11-06,20193.45
1945,2015-11-09,19937.05
1946,2015-11-10,20409.6
1947,2015-11-11,20335.55
1948,2015-11-13,20015.0
1949,2015-11-16,19879.65
1950,2015-11-17,20152.15
1951,2015-11-18,20537.55
1952,2015-11-19,20523.85
1953,2015-11-20,20690.85
1954,2015-11-23,20415.45
1955,2015-11-24,20244.45
1956,2015-11-26,20229.95
1957,2015-11-27,20461.2
1958,2015-11-30,20399.45
1959,2015-12-01,20404.2
1960,2015-12-02,20575.55
1961,2015-12-03,20540.9
1962,2015-12-04,20235.55
1963,2015-12-07,20080.05
1964,2015-12-08,19430.6
1965,2015-12-09,19672.65
1966,2015-12-10,19487.9
1967,2015-12-11,19635.5
1968,2015-12-14,19589.0
1969,2015-12-15,19714.0
1970,2015-12-16,19991.65
1971,2015-12-17,19775.85
1972,2015-12-18,19972.5
1973,2015-12-21,19944.15
1974,2015-12-22,20088.1
1975,2015-12-23,20008.3
1976,2015-12-24,20077.5
1977,2015-12-28,20037.85
1978,2015-12-29,20175.75
1979,2015-12-30,20114.4
1980,2015-12-31,20064.4
1981,2016-01-01,20181.5
1982,2016-01-04,20112.0
1983,2016-01-05,20087.35
1984,2016-01-06,20120.5
1985,2016-01-07,19600.45
1986,2016-01-08,19337.75
1987,2016-01-11,19203.9
1988,2016-01-12,19320.85
1989,2016-01-13,19433.8
1990,2016-01-14,19290.65
1991,2016-01-15,19397.45
1992,2016-01-18,19040.35
1993,2016-01-19,19019.2
1994,2016-01-20,18877.7
1995,2016-01-21,18880.5
1996,2016-01-22,18621.15
1997,2016-01-25,18489.1
1998,2016-01-27,18591.15
1999,2016-01-28,18574.6
2000,2016-01-29,19044.6
2001,2016-02-01,19133.1
2002,2016-02-02,19301.3
2003,2016-02-03,19069.05
2004,2016-02-04,19299.05
2005,2016-02-05,19295.45
2006,2016-02-08,19532.5
2007,2016-02-09,19086.5
2008,2016-02-10,19019.0
2009,2016-02-11,18834.45
2010,2016-02-12,18259.25
2011,2016-02-15,18515.35
2012,2016-02-16,18509.6
2013,2016-02-17,18158.2
2014,2016-02-18,18413.45
2015,2016-02-19,18613.25
2016,2016-02-22,18526.4
2017,2016-02-23,18594.45
2018,2016-02-24,18300.65
2019,2016-02-25,18020.35
2020,2016-02-26,18258.75
2021,2016-02-29,18295.4
2022,2016-03-01,18630.55
2023,2016-03-02,19455.0
2024,2016-03-03,19412.2
2025,2016-03-04,19277.45
2026,2016-03-08,19147.9
2027,2016-03-09,19085.65
2028,2016-03-10,19236.7
2029,2016-03-11,19082.2
2030,2016-03-14,19451.25
2031,2016-03-15,19551.75
2032,2016-03-16,19149.2
2033,2016-03-17,19434.05
2034,2016-03-18,19513.75
2035,2016-03-21,19593.55
2036,2016-03-22,19827.2
2037,2016-03-23,19662.45
2038,2016-03-28,19720.6
2039,2016-03-29,19392.05
2040,2016-03-30,19431.45
2041,2016-03-31,19626.0
2042,2016-04-01,19672.25
2043,2016-04-04,19727.4
2044,2016-04-05,19788.5
2045,2016-04-06,19662.8
2046,2016-04-07,19695.8
2047,2016-04-08,19388.1
2048,2016-04-11,19477.6
2049,2016-04-12,19604.75
2050,2016-04-13,19722.9
2051,2016-04-18,20172.55
2052,2016-04-20,20252.85
2053,2016-04-21,20268.55
2054,2016-04-22,19930.85
2055,2016-04-25,19711.85
2056,2016-04-26,19464.3
2057,2016-04-27,19852.5
2058,2016-04-28,20058.95
2059,2016-04-29,19693.85
2060,2016-05-02,19687.55
2061,2016-05-03,19755.75
2062,2016-05-04,19426.05
2063,2016-05-05,19317.25
2064,2016-05-06,19323.5
2065,2016-05-09,19610.5
2066,2016-05-10,19770.6
2067,2016-05-11,19637.05
2068,2016-05-12,19754.4
2069,2016-05-13,19722.6
2070,2016-05-16,19650.35
2071,2016-05-17,20032.6
2072,2016-05-18,19846.1
2073,2016-05-19,20023.9
2074,2016-05-20,19710.7
2075,2016-05-23,20312.05
2076,2016-05-24,20214.6
2077,2016-05-25,20344.5
2078,2016-05-26,20650.8
2079,2016-05-27,20934.35
2080,2016-05-30,20745.35
2081,2016-05-31,20810.45
2082,2016-06-01,20618.15
2083,2016-06-02,20847.6
2084,2016-06-03,21008.1
2085,2016-06-06,20922.3
2086,2016-06-07,20971.75
2087,2016-06-08,21250.85
2088,2016-06-09,21245.0
2089,2016-06-10,20812.1
2090,2016-06-13,20575.55
2091,2016-06-14,20674.3
2092,2016-06-15,20772.3
2093,2016-06-16,20949.6
2094,2016-06-17,20921.9
2095,2016-06-20,21004.0
2096,2016-06-21,20975.55
2097,2016-06-22,20887.85
2098,2016-06-23,20895.55
2099,2016-06-24,20682.7
2100,2016-06-27,20803.9
2101,2016-06-28,21065.0
2102,2016-06-29,21515.4
2103,2016-06-30,21519.9
2104,2016-07-01,21517.7
2105,2016-07-04,22140.75
2106,2016-07-05,21755.5
2107,2016-07-07,21750.15
2108,2016-07-08,21963.45
2109,2016-07-11,22018.75
2110,2016-07-12,22174.75
2111,2016-07-13,22005.9
2112,2016-07-14,21959.4
2113,2016-07-15,22050.15
2114,2016-07-18,22065.0
2115,2016-07-19,21919.0
2116,2016-07-20,21868.35
2117,2016-07-21,22103.0
2118,2016-07-22,22129.95
2119,2016-07-25,21994.15
2120,2016-07-26,22141.4
2121,2016-07-27,22043.0
2122,2016-07-28,22008.6
2123,2016-07-29,22279.6
2124,2016-08-01,22267.15
2125,2016-08-02,22193.95
2126,2016-08-03,22639.95
2127,2016-08-04,22225.35
2128,2016-08-05,22106.3
2129,2016-08-08,22195.45
2130,2016-08-09,22214.45
2131,2016-08-10,22038.5
2132,2016-08-11,21866.3
2133,2016-08-12,22204.2
2134,2016-08-16,22426.0
2135,2016-08-17,22378.9
2136,2016-08-18,22370.75
2137,2016-08-19,22289.05
2138,2016-08-22,22277.0
2139,2016-08-23,22400.1
2140,2016-08-24,22173.7
2141,2016-08-25,22304.45
2142,2016-08-26,22316.45
2143,2016-08-29,22221.35
2144,2016-08-30,22254.1
2145,2016-08-31,22589.7
2146,2016-09-01,22666.85
2147,2016-09-02,22760.15
2148,2016-09-06,22817.95
2149,2016-09-07,23021.25
2150,2016-09-08,23036.7
2151,2016-09-09,23105.2
2152,2016-09-12,22467.9
2153,2016-09-14,22233.4
2154,2016-09-15,22366.2
2155,2016-09-16,22559.15
2156,2016-09-19,22841.7
2157,2016-09-20,22687.5
2158,2016-09-21,22487.5
2159,2016-09-22,22473.0
2160,2016-09-23,22392.1
2161,2016-09-26,22303.6
2162,2016-09-27,22027.65
2163,2016-09-28,21980.85
2164,2016-09-29,22024.9
2165,2016-09-30,21668.35
2166,2016-10-03,21733.75
2167,2016-10-04,21802.9
2168,2016-10-05,21772.2
2169,2016-10-06,21869.6
2170,2016-10-07,21713.25
2171,2016-10-10,21797.9
2172,2016-10-13,21638.0
2173,2016-10-14,21441.45
2174,2016-10-17,21447.7
2175,2016-10-18,21451.3
2176,2016-10-19,21751.45
2177,2016-10-20,21534.35
2178,2016-10-21,21426.0
2179,2016-10-24,21589.1
2180,2016-10-25,21632.05
2181,2016-10-26,21422.2
2182,2016-10-27,21441.8
2183,2016-10-28,21540.4
2184,2016-10-30,21620.35
2185,2016-11-01,21529.75
2186,2016-11-02,21189.15
2187,2016-11-03,21159.1
2188,2016-11-04,21844.7
2189,2016-11-07,21924.85
2190,2016-11-08,21944.6
2191,2016-11-09,20734.8
2192,2016-11-10,21774.85
2193,2016-11-11,21351.5
2194,2016-11-15,20814.3
2195,2016-11-16,20402.35
2196,2016-11-17,20010.5
2197,2016-11-18,20098.8
2198,2016-11-21,19983.8
2199,2016-11-22,19797.45
2200,2016-11-23,20023.3
2201,2016-11-24,19973.1
2202,2016-11-25,19940.6
2203,2016-11-28,20131.3
2204,2016-11-29,20411.65
2205,2016-11-30,20386.95
2206,2016-12-01,20523.4
2207,2016-12-02,20487.15
2208,2016-12-05,20224.7
2209,2016-12-06,20507.8
2210,2016-12-07,20371.05
2211,2016-12-08,20274.35
2212,2016-12-09,20528.6
2213,2016-12-12,20538.9
2214,2016-12-13,20453.55
2215,2016-12-14,20520.85
2216,2016-12-15,20219.0
2217,2016-12-16,20196.25
2218,2016-12-19,19950.4
2219,2016-12-20,20014.8
2220,2016-12-21,20023.05
2221,2016-12-22,19755.05
2222,2016-12-23,19736.6
2223,2016-12-26,19591.3
2224,2016-12-27,19671.9
2225,2016-12-28,20109.9
2226,2016-12-29,20270.4
2227,2016-12-30,20492.25
2228,2017-01-02,20793.35
2229,2017-01-03,20719.6
2230,2017-01-04,20862.15
2231,2017-01-05,20927.55
2232,2017-01-06,21085.65
2233,2017-01-09,20906.5
2234,2017-01-10,21019.65
2235,2017-01-11,21210.65
2236,2017-01-12,21227.2
2237,2017-01-13,21081.8
2238,2017-01-16,21214.7
2239,2017-01-17,21203.45
2240,2017-01-18,21446.45
2241,2017-01-19,21490.45
2242,2017-01-20,21623.9
2243,2017-01-23,21613.85
2244,2017-01-24,21871.3
2245,2017-01-25,21903.4
2246,2017-01-27,22135.35
2247,2017-01-30,21851.2
2248,2017-01-31,21812.45
2249,2017-02-01,21930.65
2250,2017-02-02,22582.8
2251,2017-02-03,22686.95
2252,2017-02-06,22758.65
2253,2017-02-07,23015.5
2254,2017-02-08,22832.05
2255,2017-02-09,22834.0
2256,2017-02-10,22921.5
2257,2017-02-13,22839.7
2258,2017-02-14,22633.1
2259,2017-02-15,22616.7
2260,2017-02-16,22547.75
2261,2017-02-17,22434.5
2262,2017-02-20,22388.45
2263,2017-02-21,22443.05
2264,2017-02-22,22537.85
2265,2017-02-23,22479.85
2266,2017-02-27,22435.7
2267,2017-02-28,22358.25
2268,2017-03-01,22378.35
2269,2017-03-02,22688.55
2270,2017-03-03,22294.15
2271,2017-03-06,22354.75
2272,2017-03-07,22417.45
2273,2017-03-08,22400.2
2274,2017-03-09,22440.7
2275,2017-03-10,22405.05
2276,2017-03-14,22567.35
2277,2017-03-15,22662.1
2278,2017-03-16,22930.85
2279,2017-03-17,23293.6
2280,2017-03-20,23577.6
2281,2017-03-21,23567.2
2282,2017-03-22,23573.85
2283,2017-03-23,23288.3
2284,2017-03-24,23393.7
2285,2017-03-27,23435.9
2286,2017-03-28,23467.0
2287,2017-03-29,23474.35
2288,2017-03-30,23711.8
2289,2017-03-31,23596.4
2290,2017-04-03,23641.25
2291,2017-04-05,23714.65
2292,2017-04-06,23530.35
2293,2017-04-07,23257.25
2294,2017-04-10,23338.0
2295,2017-04-11,23224.0
2296,2017-04-12,23612.5
2297,2017-04-13,23678.0
2298,2017-04-17,23399.7
2299,2017-04-18,23521.2
2300,2017-04-19,23486.6
2301,2017-04-20,23457.25
2302,2017-04-21,23637.0
2303,2017-04-24,23346.9
2304,2017-04-25,23427.45
2305,2017-04-26,23882.65
2306,2017-04-27,24329.7
2307,2017-04-28,24056.3
2308,2017-05-02,23764.25
2309,2017-05-03,23825.85
2310,2017-05-04,23703.55
2311,2017-05-05,23923.35
2312,2017-05-08,23685.25
2313,2017-05-09,23495.45
2314,2017-05-10,23585.25
2315,2017-05-11,24035.9
2316,2017-05-12,24063.15
2317,2017-05-15,24028.45
2318,2017-05-16,24137.55
2319,2017-05-17,24399.3
2320,2017-05-18,24082.15
2321,2017-05-19,24202.6
2322,2017-05-22,24707.5
2323,2017-05-23,25188.35
2324,2017-05-24,25024.45
2325,2017-05-25,25030.4
2326,2017-05-26,25150.9
2327,2017-05-29,25288.15
2328,2017-05-30,25786.55
2329,2017-05-31,25801.65
2330,2017-06-01,25857.35
2331,2017-06-02,26306.65
2332,2017-06-05,26233.65
2333,2017-06-06,26436.0
2334,2017-06-07,26137.3
2335,2017-06-08,26285.15
2336,2017-06-09,26151.45
2337,2017-06-12,25986.45
2338,2017-06-13,25907.25
2339,2017-06-14,25963.75
2340,2017-06-15,25902.65
2341,2017-06-16,25789.3
2342,2017-06-19,26056.8
2343,2017-06-20,26207.05
2344,2017-06-21,26097.15
2345,2017-06-22,26236.4
2346,2017-06-23,26136.05
2347,2017-06-27,26209.75
2348,2017-06-28,26172.75
2349,2017-06-29,26069.05
2350,2017-06-30,26070.7
2351,2017-07-03,27835.35
2352,2017-07-04,27859.95
2353,2017-07-05,27569.5
2354,2017-07-06,27510.0
2355,2017-07-07,27614.8
2356,2017-07-10,27422.15
2357,2017-07-11,27591.5
2358,2017-07-12,27297.65
2359,2017-07-13,27614.4
2360,2017-07-14,27995.9
2361,2017-07-17,27768.7
2362,2017-07-18,25885.7
2363,2017-07-19,25839.7
2364,2017-07-20,26048.6
2365,2017-07-21,25898.65
2366,2017-07-24,25865.3
2367,2017-07-25,26117.85
2368,2017-07-26,25983.7
2369,2017-07-27,26173.4
2370,2017-07-28,26211.25
2371,2017-07-31,26009.05
2372,2017-08-01,25705.75
2373,2017-08-02,25864.5
2374,2017-08-03,25485.75
2375,2017-08-04,25389.15
2376,2017-08-07,25549.25
2377,2017-08-08,25619.3
2378,2017-08-09,25291.0
2379,2017-08-10,25015.4
2380,2017-08-11,24739.95
2381,2017-08-14,24940.85
2382,2017-08-16,24984.9
2383,2017-08-17,25680.85
2384,2017-08-18,25397.95
2385,2017-08-21,25758.75
2386,2017-08-22,25708.1
2387,2017-08-23,25652.15
2388,2017-08-24,25607.9
2389,2017-08-28,25614.2
2390,2017-08-29,25728.85
2391,2017-08-30,25634.7
2392,2017-08-31,25818.5
2393,2017-09-01,25835.25
2394,2017-09-04,25888.8
2395,2017-09-05,25763.35
2396,2017-09-06,25664.1
2397,2017-09-07,25567.3
2398,2017-09-08,25360.4
2399,2017-09-11,25434.25
2400,2017-09-12,25692.35
2401,2017-09-13,25904.9
2402,2017-09-14,25729.95
2403,2017-09-15,25590.15
2404,2017-09-18,25622.2
2405,2017-09-19,25648.9
2406,2017-09-20,25744.65
2407,2017-09-21,25725.0
2408,2017-09-22,25447.3
2409,2017-09-25,25255.5
2410,2017-09-26,25093.4
2411,2017-09-27,25046.6
2412,2017-09-28,24664.0
2413,2017-09-29,24834.05
2414,2017-10-03,24764.9
2415,2017-10-04,24910.4
2416,2017-10-05,25156.25
2417,2017-10-06,25066.55
2418,2017-10-09,25271.4
2419,2017-10-10,25294.5
2420,2017-10-11,25269.95
2421,2017-10-12,25215.9
2422,2017-10-13,25443.8
2423,2017-10-16,25481.0
2424,2017-10-17,25643.05
2425,2017-10-18,25654.75
2426,2017-10-19,25745.3
2427,2017-10-23,25636.85
2428,2017-10-24,25542.05
2429,2017-10-25,25632.25
2430,2017-10-26,25758.0
2431,2017-10-27,25817.35
2432,2017-10-30,25837.15
2433,2017-10-31,25746.95
2434,2017-11-01,25784.5
2435,2017-11-02,26090.8
2436,2017-11-03,25939.0
2437,2017-11-06,25829.0
2438,2017-11-07,25872.2
2439,2017-11-08,25793.9
2440,2017-11-09,25905.1
2441,2017-11-10,25775.6
2442,2017-11-13,26015.65
2443,2017-11-14,25721.15
2444,2017-11-15,25564.45
2445,2017-11-16,25377.9
2446,2017-11-17,25682.0
2447,2017-11-20,25791.45
2448,2017-11-21,25894.95
2449,2017-11-22,25733.25
2450,2017-11-23,25847.05
2451,2017-11-24,25835.35
2452,2017-11-27,25923.1
2453,2017-11-28,25914.1
2454,2017-11-29,26019.35
2455,2017-11-30,25944.15
2456,2017-12-01,25886.75
2457,2017-12-04,25750.95
2458,2017-12-05,25788.2
2459,2017-12-06,25655.15
2460,2017-12-07,25578.3
2461,2017-12-08,25939.65
2462,2017-12-11,26623.45
2463,2017-12-12,26616.1
2464,2017-12-13,26286.55
2465,2017-12-14,26290.65
2466,2017-12-15,26539.5
2467,2017-12-18,26426.0
2468,2017-12-19,26483.6
2469,2017-12-20,26722.55
2470,2017-12-21,26878.75
2471,2017-12-22,26695.5
2472,2017-12-26,26724.85
2473,2017-12-27,26763.1
2474,2017-12-28,26755.5
2475,2017-12-29,26683.95
2476,2018-01-01,26885.6
2477,2018-01-02,26734.35
2478,2018-01-03,26606.95
2479,2018-01-04,26657.1
2480,2018-01-05,26730.4
2481,2018-01-08,26980.65
2482,2018-01-09,27150.75
2483,2018-01-10,27397.45
2484,2018-01-11,27186.8
2485,2018-01-12,27370.3
2486,2018-01-15,27238.85
2487,2018-01-16,27229.6
2488,2018-01-17,26906.15
2489,2018-01-18,27304.3
2490,2018-01-19,27539.3
2491,2018-01-22,27555.8
2492,2018-01-23,27673.7
2493,2018-01-24,27691.5
2494,2018-01-25,27866.15
2495,2018-01-29,27735.45
2496,2018-01-30,27503.4
2497,2018-01-31,27457.15
2498,2018-02-01,27190.45
2499,2018-02-02,27164.95
2500,2018-02-05,26898.15
2501,2018-02-06,26257.15
2502,2018-02-07,26984.8
2503,2018-02-08,26856.85
2504,2018-02-09,26460.15
2505,2018-02-12,26849.4
2506,2018-02-14,26900.0
2507,2018-02-15,26701.75
2508,2018-02-16,26890.75
2509,2018-02-19,26635.55
2510,2018-02-20,26411.9
2511,2018-02-21,26468.4
2512,2018-02-22,26530.3
2513,2018-02-23,26538.05
2514,2018-02-26,26677.85
2515,2018-02-27,26767.55
2516,2018-02-28,26592.55
2517,2018-03-01,26489.6
2518,2018-03-05,26434.8
2519,2018-03-06,26232.65
2520,2018-03-07,25887.1
2521,2018-03-08,26165.0
2522,2018-03-09,25993.0
2523,2018-03-12,26322.15
2524,2018-03-13,26694.95
2525,2018-03-14,26549.1
2526,2018-03-15,26479.0
2527,2018-03-16,26438.5
2528,2018-03-19,26127.85
2529,2018-03-20,25864.4
2530,2018-03-21,26117.8
2531,2018-03-22,26126.55
2532,2018-03-23,25749.2
2533,2018-03-26,25795.05
2534,2018-03-27,26300.45
2535,2018-03-28,26210.2
2536,2018-04-02,26169.35
2537,2018-04-03,26462.95
2538,2018-04-04,26551.35
2539,2018-04-05,26467.45
2540,2018-04-06,26747.05
2541,2018-04-09,26811.85
2542,2018-04-10,27188.55
2543,2018-04-11,27140.4
2544,2018-04-12,27168.5
2545,2018-04-13,27133.8
2546,2018-04-16,26932.4
2547,2018-04-17,27354.6
2548,2018-04-18,27650.45
2549,2018-04-19,28158.75
2550,2018-04-20,28055.1
2551,2018-04-23,28136.6
2552,2018-04-24,28130.0
2553,2018-04-25,28070.75
2554,2018-04-26,28102.65
2555,2018-04-27,28445.5
2556,2018-04-30,28483.15
2557,2018-05-02,28870.7
2558,2018-05-03,28797.15
2559,2018-05-04,28615.5
2560,2018-05-07,28286.35
2561,2018-05-08,28642.4
2562,2018-05-09,28481.5
2563,2018-05-10,28460.75
2564,2018-05-11,28342.15
2565,2018-05-14,28519.9
2566,2018-05-15,28546.3
2567,2018-05-16,28219.6
2568,2018-05-17,29002.25
2569,2018-05-18,28469.0
2570,2018-05-21,28911.6
2571,2018-05-22,28623.0
2572,2018-05-23,28589.15
2573,2018-05-24,28486.6
2574,2018-05-25,28453.35
2575,2018-05-28,28746.6
2576,2018-05-29,28726.55
2577,2018-05-30,28591.85
2578,2018-05-31,28756.65
2579,2018-06-01,28839.0
2580,2018-06-04,28669.95
2581,2018-06-05,28417.2
2582,2018-06-06,28378.1
2583,2018-06-07,28659.85
2584,2018-06-08,28843.05
2585,2018-06-11,28779.3
2586,2018-06-12,28844.9
2587,2018-06-13,29151.7
2588,2018-06-14,28863.5
2589,2018-06-15,28842.65
2590,2018-06-18,28807.45
2591,2018-06-19,28688.35
2592,2018-06-20,28684.2
2593,2018-06-21,28519.35
2594,2018-06-22,28295.05
2595,2018-06-25,28670.2
2596,2018-06-26,28494.05
2597,2018-06-27,28859.2
2598,2018-06-28,28590.9
2599,2018-06-29,28517.45
2600,2018-07-02,29025.3
2601,2018-07-03,28826.55
2602,2018-07-04,29014.3
2603,2018-07-05,29146.4
2604,2018-07-06,29385.7
2605,2018-07-09,29504.65
2606,2018-07-10,29674.1
2607,2018-07-11,29710.9
2608,2018-07-12,29862.75
2609,2018-07-13,29976.25
2610,2018-07-16,29655.3
2611,2018-07-17,29636.35
2612,2018-07-18,29400.8
2613,2018-07-19,29035.4
2614,2018-07-20,29236.25
2615,2018-07-23,29643.55
2616,2018-07-24,30041.15
2617,2018-07-25,30000.25
2618,2018-07-26,30050.35
2619,2018-07-27,30641.6
2620,2018-07-30,30787.75
2621,2018-07-31,30863.25
2622,2018-08-01,31085.85
2623,2018-08-02,31137.85
2624,2018-08-03,31162.3
2625,2018-08-06,31505.95
2626,2018-08-07,31304.2
2627,2018-08-08,31141.3
2628,2018-08-09,31376.0
2629,2018-08-10,31345.95
2630,2018-08-13,31354.7
2631,2018-08-14,31545.7
2632,2018-08-16,31701.65
2633,2018-08-17,31799.2
2634,2018-08-20,32422.0
2635,2018-08-21,32455.3
2636,2018-08-23,32457.6
2637,2018-08-24,32550.15
2638,2018-08-27,32508.05
2639,2018-08-28,32650.75
2640,2018-08-29,32519.2
2641,2018-08-30,32458.65
2642,2018-08-31,32984.35
2643,2018-09-03,33167.9
2644,2018-09-04,32033.85
2645,2018-09-05,31395.15
2646,2018-09-06,31299.3
2647,2018-09-07,31241.55
2648,2018-09-10,31305.5
2649,2018-09-11,30845.2
2650,2018-09-12,30147.5
2651,2018-09-14,30957.2
2652,2018-09-17,30824.8
2653,2018-09-18,30647.2
2654,2018-09-19,31027.75
2655,2018-09-21,30555.85
2656,2018-09-24,30510.35
2657,2018-09-25,29763.1
2658,2018-09-26,30352.85
2659,2018-09-27,29726.3
2660,2018-09-28,29808.1
2661,2018-10-01,29908.9
2662,2018-10-03,29916.35
2663,2018-10-04,29274.2
2664,2018-10-05,28457.3
2665,2018-10-08,27957.65
2666,2018-10-09,27882.95
2667,2018-10-10,27210.45
2668,2018-10-11,26954.7
2669,2018-10-12,27655.55
2670,2018-10-15,28329.3
2671,2018-10-16,28425.3
2672,2018-10-17,28680.45
2673,2018-10-19,28515.65
2674,2018-10-22,29062.3
2675,2018-10-23,28596.25
2676,2018-10-24,28680.75
2677,2018-10-25,28400.95
2678,2018-10-26,28485.7
2679,2018-10-29,28070.9
2680,2018-10-30,28247.4
2681,2018-10-31,28305.5
2682,2018-11-01,28628.25
2683,2018-11-02,28489.75
2684,2018-11-05,28929.3
2685,2018-11-06,28874.25
2686,2018-11-07,28759.0
2687,2018-11-09,28769.4
2688,2018-11-12,28783.0
2689,2018-11-13,28499.05
2690,2018-11-14,28892.6
2691,2018-11-15,29134.3
2692,2018-11-16,29099.95
2693,2018-11-19,29248.3
2694,2018-11-20,29660.2
2695,2018-11-21,29425.75
2696,2018-11-22,29385.65
2697,2018-11-26,29336.3
2698,2018-11-27,29938.15
2699,2018-11-28,29952.95
2700,2018-11-29,29863.05
2701,2018-11-30,30226.15
2702,2018-12-03,30312.0
2703,2018-12-04,30306.05
2704,2018-12-05,30056.95
2705,2018-12-06,29803.85
2706,2018-12-07,29606.15
2707,2018-12-10,29315.9
2708,2018-12-11,28974.65
2709,2018-12-12,29656.35
2710,2018-12-13,30286.95
2711,2018-12-14,30166.9
2712,2018-12-17,30477.6
2713,2018-12-18,30566.65
2714,2018-12-19,30720.3
2715,2018-12-20,30791.65
2716,2018-12-21,30798.0
2717,2018-12-24,30371.7
2718,2018-12-26,29841.2
2719,2018-12-27,30218.25
2720,2018-12-28,30354.75
2721,2018-12-31,30633.85
2722,2019-01-01,30579.1
2723,2019-01-02,30347.6
2724,2019-01-03,30187.8
2725,2019-01-04,30256.1
2726,2019-01-07,30440.9
2727,2019-01-08,30341.85
2728,2019-01-09,30404.7
2729,2019-01-10,30614.55
2730,2019-01-11,30704.45
2731,2019-01-14,30735.1
2732,2019-01-15,30797.2
2733,2019-01-16,30995.25
2734,2019-01-17,30822.3
2735,2019-01-18,30727.8
2736,2019-01-21,30626.7
2737,2019-01-22,30486.3
2738,2019-01-23,30620.0
2739,2019-01-24,30118.75
2740,2019-01-25,30125.8
2741,2019-01-28,29951.8
2742,2019-01-29,29561.55
2743,2019-01-30,29853.9
2744,2019-01-31,29571.8
2745,2019-02-01,29936.1
2746,2019-02-04,30233.0
2747,2019-02-05,30023.95
2748,2019-02-06,29883.35
2749,2019-02-07,30091.65
2750,2019-02-08,30163.2
2751,2019-02-11,29744.5
2752,2019-02-12,29767.6
2753,2019-02-13,29779.25
2754,2019-02-14,29423.8
2755,2019-02-15,29542.75
2756,2019-02-18,29238.35
2757,2019-02-19,28913.2
2758,2019-02-20,29124.35
2759,2019-02-21,29092.55
2760,2019-02-22,29214.6
2761,2019-02-25,29294.45
2762,2019-02-26,29171.0
2763,2019-02-27,29340.85
2764,2019-02-28,29375.15
2765,2019-03-01,29335.2
2766,2019-03-05,29559.35
2767,2019-03-06,29822.65
2768,2019-03-07,29812.0
2769,2019-03-08,29920.2
2770,2019-03-11,30069.2
2771,2019-03-12,30411.35
2772,2019-03-13,30578.85
2773,2019-03-14,30500.25
2774,2019-03-15,30538.2
2775,2019-03-18,30105.5
2776,2019-03-19,30244.6
2777,2019-03-20,30491.75
2778,2019-03-22,30363.6
2779,2019-03-25,30065.8
2780,2019-03-26,29959.6
2781,2019-03-27,30012.95
2782,2019-03-28,29952.6
2783,2019-03-29,30430.45
2784,2019-04-01,30402.6
2785,2019-04-02,30237.15
2786,2019-04-03,30140.0
2787,2019-04-04,29980.6
2788,2019-04-05,30057.6
2789,2019-04-08,29934.65
2790,2019-04-09,29834.0
2791,2019-04-10,30052.3
2792,2019-04-11,30034.0
2793,2019-04-12,30205.4
2794,2019-04-15,30670.35
2795,2019-04-16,30643.2
2796,2019-04-18,30785.65
2797,2019-04-22,30539.65
2798,2019-04-23,30459.8
2799,2019-04-24,30493.45
2800,2019-04-25,30686.95
2801,2019-04-26,30446.1
2802,2019-04-30,30442.45
2803,2019-05-02,30349.5
2804,2019-05-03,30026.0
2805,2019-05-06,29677.05
2806,2019-05-07,29742.45
2807,2019-05-08,29480.7
2808,2019-05-09,29296.05
2809,2019-05-10,29505.3
2810,2019-05-13,29295.95
2811,2019-05-14,29105.3
2812,2019-05-15,29361.0
2813,2019-05-16,29258.8
2814,2019-05-17,29251.7
2815,2019-05-20,30447.05
2816,2019-05-21,30557.65
2817,2019-05-22,30459.65
2818,2019-05-23,30609.65
2819,2019-05-24,29889.8
2820,2019-05-27,29994.05
2821,2019-05-28,30194.45
2822,2019-05-29,30073.6
2823,2019-05-30,30055.7
2824,2019-05-31,30060.95
2825,2019-06-03,30019.95
2826,2019-06-04,30254.1
2827,2019-06-06,30313.1
2828,2019-06-07,30098.1
2829,2019-06-10,30161.4
2830,2019-06-11,30459.55
2831,2019-06-12,30351.0
2832,2019-06-13,30351.5
2833,2019-06-14,30313.95
2834,2019-06-17,30019.4
2835,2019-06-18,29706.3
2836,2019-06-19,29657.5
2837,2019-06-20,29467.15
2838,2019-06-21,29642.8
2839,2019-06-24,29440.7
2840,2019-06-25,29424.85
2841,2019-06-26,29508.05
2842,2019-06-27,29591.25
2843,2019-06-28,29544.2
2844,2019-07-01,29630.1
2845,2019-07-02,29663.35
2846,2019-07-03,29776.35
2847,2019-07-04,29830.45
2848,2019-07-05,29940.2
2849,2019-07-08,29931.8
2850,2019-07-09,29539.9
2851,2019-07-10,29322.25
2852,2019-07-11,29201.2
2853,2019-07-12,29269.05
2854,2019-07-15,29288.95
2855,2019-07-16,29101.0
2856,2019-07-17,29367.95
2857,2019-07-18,29620.5
2858,2019-07-19,29665.25
2859,2019-07-22,29039.05
2860,2019-07-23,28783.0
2861,2019-07-24,28970.6
2862,2019-07-25,29012.4
2863,2019-07-26,28970.55
2864,2019-07-29,29126.6
2865,2019-07-30,28981.2
2866,2019-07-31,28828.3
2867,2019-08-01,29011.65
2868,2019-08-02,28846.8
2869,2019-08-05,28832.05
2870,2019-08-06,28687.7
2871,2019-08-07,28861.35
2872,2019-08-08,28914.9
2873,2019-08-09,29219.85
2874,2019-08-13,29285.55
2875,2019-08-14,28771.65
2876,2019-08-16,28822.5
2877,2019-08-19,28950.1
2878,2019-08-20,28861.05
2879,2019-08-21,28704.3
2880,2019-08-22,28422.8
2881,2019-08-23,28349.5
2882,2019-08-26,28526.95
2883,2019-08-27,28813.05
2884,2019-08-28,28873.4
2885,2019-08-29,28707.85
2886,2019-08-30,28869.95
2887,2019-09-03,29116.45
2888,2019-09-04,28812.9
2889,2019-09-05,28693.45
2890,2019-09-06,28751.3
2891,2019-09-09,28679.75
2892,2019-09-11,28830.9
2893,2019-09-12,28824.4
2894,2019-09-13,28614.65
2895,2019-09-16,28496.45
2896,2019-09-17,28768.5
2897,2019-09-18,28764.9
2898,2019-09-19,28794.8
2899,2019-09-20,28660.35
2900,2019-09-23,30449.3
2901,2019-09-24,31197.65
2902,2019-09-25,31249.15
2903,2019-09-26,30914.75
2904,2019-09-27,30977.0
2905,2019-09-30,31089.2
2906,2019-10-01,31130.25
2907,2019-10-03,30819.6
2908,2019-10-04,30921.45
2909,2019-10-07,30347.15
2910,2019-10-09,30249.55
2911,2019-10-10,30245.8
2912,2019-10-11,30222.9
2913,2019-10-14,30585.5
2914,2019-10-15,30783.5
2915,2019-10-16,30945.6
2916,2019-10-17,30928.5
2917,2019-10-18,31313.05
2918,2019-10-22,31462.4
2919,2019-10-23,31739.7
2920,2019-10-24,32026.2
2921,2019-10-25,32172.15
2922,2019-10-27,31879.85
2923,2019-10-29,31828.7
2924,2019-10-30,32229.85
2925,2019-10-31,32310.1
2926,2019-11-01,32396.1
2927,2019-11-04,32541.1
2928,2019-11-05,32257.0
2929,2019-11-06,32360.6
2930,2019-11-07,32587.8
2931,2019-11-08,32489.55
2932,2019-11-11,31928.4
2933,2019-11-13,31913.9
2934,2019-11-14,31587.0
2935,2019-11-15,31447.15
2936,2019-11-18,31342.95
2937,2019-11-19,31241.1
2938,2019-11-20,31009.3
2939,2019-11-21,31128.75
2940,2019-11-22,30964.15
2941,2019-11-25,30798.9
2942,2019-11-26,31137.8
2943,2019-11-27,31120.4
2944,2019-11-28,31277.6
2945,2019-11-29,31243.25
2946,2019-12-02,30977.0
2947,2019-12-03,30898.2
2948,2019-12-04,30629.85
2949,2019-12-05,30739.6
2950,2019-12-06,30854.75
2951,2019-12-09,30562.0
2952,2019-12-10,30424.0
2953,2019-12-11,30072.8
2954,2019-12-12,30155.6
2955,2019-12-13,30380.0
2956,2019-12-16,30459.8
2957,2019-12-17,30115.65
2958,2019-12-18,30186.85
2959,2019-12-19,30341.05
2960,2019-12-20,30372.15
2961,2019-12-23,30392.15
2962,2019-12-24,30241.95
2963,2019-12-26,30218.85
2964,2019-12-27,30147.4
2965,2019-12-30,30206.4
2966,2019-12-31,30254.75
2967,2020-01-01,30202.75
2968,2020-01-02,30271.3
2969,2020-01-03,30302.15
2970,2020-01-06,30024.75
2971,2020-01-07,29903.05
2972,2020-01-08,29685.15
2973,2020-01-09,30071.4
2974,2020-01-10,30244.55
2975,2020-01-13,30455.75
2976,2020-01-14,30798.55
2977,2020-01-15,31133.4
2978,2020-01-16,31255.9
2979,2020-01-17,31372.25
2980,2020-01-20,31369.65
2981,2020-01-21,31358.35
2982,2020-01-22,31270.7
2983,2020-01-23,31147.0
2984,2020-01-24,31223.05
2985,2020-01-27,31373.25
2986,2020-01-28,31210.55
2987,2020-01-29,31150.45
2988,2020-01-30,31419.2
2989,2020-01-31,31099.25
2990,2020-02-01,30865.05
2991,2020-02-03,30049.3
2992,2020-02-04,30614.05
2993,2020-02-05,30885.2
2994,2020-02-06,31055.4
2995,2020-02-07,30806.5
2996,2020-02-10,30863.7
2997,2020-02-11,30856.25
2998,2020-02-12,30494.95
2999,2020-02-13,30968.35
3000,2020-02-14,31036.9
3001,2020-02-17,30660.35
3002,2020-02-18,30463.0
3003,2020-02-19,30529.4
3004,2020-02-20,30807.75
3005,2020-02-24,30545.5
3006,2020-02-25,30295.8
3007,2020-02-26,30155.1
3008,2020-02-27,29993.4
3009,2020-02-28,29468.4
3010,2020-03-02,29610.15
3011,2020-03-03,29350.45
3012,2020-03-04,29563.15
3013,2020-03-05,29333.25
3014,2020-03-06,28988.2
3015,2020-03-09,28466.25
3016,2020-03-11,27697.95
3017,2020-03-12,27305.85
3018,2020-03-13,24896.85
3019,2020-03-16,25586.4
3020,2020-03-17,24850.5
3021,2020-03-18,25269.25
3022,2020-03-19,23695.9
3023,2020-03-20,24198.2
3024,2020-03-23,23950.55
3025,2020-03-24,24123.3
3026,2020-03-25,23804.85
3027,2020-03-26,24727.15
3028,2020-03-27,26382.25
3029,2020-03-30,25218.5
3030,2020-03-31,26472.75
3031,2020-04-01,27346.95
3032,2020-04-03,26716.5
3033,2020-04-07,27491.6
3034,2020-04-08,28600.25
3035,2020-04-09,29500.75
3036,2020-04-13,28913.3
3037,2020-04-15,28979.6
3038,2020-04-16,29563.45
3039,2020-04-17,30202.75
3040,2020-04-20,29490.25
3041,2020-04-21,28134.3
3042,2020-04-22,28453.35
3043,2020-04-23,29278.45
3044,2020-04-24,28736.45
3045,2020-04-27,28805.2
3046,2020-04-28,29208.9
3047,2020-04-29,28887.5
3048,2020-04-30,29078.45
3049,2020-05-04,28197.45
3050,2020-05-05,27815.7
3051,2020-05-06,27061.5
3052,2020-05-07,26402.25
3053,2020-05-08,26809.4
3054,2020-05-11,26895.65
3055,2020-05-12,26571.05
3056,2020-05-13,27761.9
3057,2020-05-14,26618.1
3058,2020-05-15,26969.4
3059,2020-05-18,27057.5
3060,2020-05-19,26895.2
3061,2020-05-20,26995.1
3062,2020-05-21,27366.5
3063,2020-05-22,27843.25
3064,2020-05-26,28071.7
3065,2020-05-27,28226.25
3066,2020-05-28,28223.1
3067,2020-05-29,28374.75
3068,2020-06-01,29579.45
3069,2020-06-02,29751.55
3070,2020-06-03,29704.1
3071,2020-06-04,29573.25
3072,2020-06-05,29789.35
3073,2020-06-08,29891.3
3074,2020-06-09,29507.25
3075,2020-06-10,29645.2
3076,2020-06-11,29552.1
3077,2020-06-12,28356.65
3078,2020-06-15,29187.5
3079,2020-06-16,29081.2
3080,2020-06-17,28517.9
3081,2020-06-18,28402.3
3082,2020-06-19,28784.1
3083,2020-06-22,28961.05
3084,2020-06-23,28993.35
3085,2020-06-24,29568.2
3086,2020-06-25,29378.25
3087,2020-06-26,30369.75
3088,2020-06-29,30035.3
3089,2020-06-30,30170.45
3090,2020-07-01,30093.9
3091,2020-07-02,30352.5
3092,2020-07-03,30501.95
3093,2020-07-06,30724.8
3094,2020-07-07,30772.85
3095,2020-07-08,30574.25
3096,2020-07-09,30785.7
3097,2020-07-10,30618.2
3098,2020-07-13,31011.9
3099,2020-07-14,31192.35
3100,2020-07-15,31038.1
3101,2020-07-16,31195.15
3102,2020-07-17,31217.3
3103,2020-07-20,31571.4
3104,2020-07-21,31626.8
3105,2020-07-22,31420.85
3106,2020-07-23,31177.9
3107,2020-07-24,31009.95
3108,2020-07-27,31129.45
3109,2020-07-28,30891.0
3110,2020-07-29,30818.1
3111,2020-07-30,31104.45
3112,2020-07-31,30734.8
3113,2020-08-03,30892.8
3114,2020-08-04,30903.5
3115,2020-08-05,31050.3
3116,2020-08-06,31010.25
3117,2020-08-07,31329.65
3118,2020-08-10,31597.05
3119,2020-08-11,31730.1
3120,2020-08-12,31690.3
3121,2020-08-13,31680.8
3122,2020-08-14,31763.35
3123,2020-08-17,31428.95
3124,2020-08-18,31626.75
3125,2020-08-19,31738.45
3126,2020-08-20,31445.6
3127,2020-08-21,31690.25
3128,2020-08-24,31692.25
3129,2020-08-25,31700.65
3130,2020-08-26,31528.0
3131,2020-08-27,31602.05
3132,2020-08-28,31410.8
3133,2020-08-31,31457.85
3134,2020-09-01,30727.5
3135,2020-09-02,31099.4
3136,2020-09-03,31155.6
3137,2020-09-04,30969.8
3138,2020-09-07,30897.7
3139,2020-09-08,31001.65
3140,2020-09-09,30534.6
3141,2020-09-10,30757.15
3142,2020-09-11,30736.5
3143,2020-09-14,31151.85
3144,2020-09-15,30846.25
3145,2020-09-16,30748.3
3146,2020-09-17,30822.7
3147,2020-09-18,30730.1
3148,2020-09-21,30491.75
3149,2020-09-22,29564.6
3150,2020-09-23,29426.0
3151,2020-09-24,29200.4
3152,2020-09-25,29371.9
3153,2020-09-28,29754.95
3154,2020-09-29,30026.1
3155,2020-09-30,29507.9
3156,2020-10-01,30149.15
