,Date,NIFTY BANK
0,2008-01-01,9819.5
1,2008-01-02,10103.35
2,2008-01-03,10164.0
3,2008-01-04,10288.05
4,2008-01-07,9983.1
5,2008-01-08,10463.85
6,2008-01-09,10355.05
7,2008-01-10,10442.3
8,2008-01-11,10295.7
9,2008-01-14,10614.85
10,2008-01-15,10680.0
11,2008-01-16,10390.45
12,2008-01-17,10404.7
13,2008-01-18,10168.25
14,2008-01-21,9671.4
15,2008-01-22,8663.7
16,2008-01-23,9021.5
17,2008-01-24,9369.1
18,2008-01-25,9170.35
19,2008-01-28,9748.35
20,2008-01-29,9933.2
21,2008-01-30,9635.35
22,2008-01-31,9442.2
23,2008-02-01,9320.25
24,2008-02-04,9444.4
25,2008-02-05,9577.3
26,2008-02-06,9169.55
27,2008-02-07,9225.3
28,2008-02-08,8976.6
29,2008-02-11,8841.2
30,2008-02-12,8586.0
31,2008-02-13,8598.25
32,2008-02-14,8911.6
33,2008-02-15,9059.2
34,2008-02-18,9411.25
35,2008-02-19,9438.2
36,2008-02-20,9215.45
37,2008-02-21,9143.8
38,2008-02-22,8922.15
39,2008-02-25,8715.8
40,2008-02-26,8704.35
41,2008-02-27,8808.65
42,2008-02-28,8683.85
43,2008-02-29,8535.85
44,2008-03-03,8460.6
45,2008-03-04,8032.95
46,2008-03-05,7696.8
47,2008-03-07,7474.3
48,2008-03-10,7163.5
49,2008-03-11,7186.1
50,2008-03-12,7533.5
51,2008-03-13,7226.8
52,2008-03-14,6914.15
53,2008-03-17,6956.0
54,2008-03-18,6493.35
55,2008-03-19,6718.3
56,2008-03-24,6461.65
57,2008-03-25,6804.25
58,2008-03-26,7151.65
59,2008-03-27,7075.9
60,2008-03-28,7022.05
61,2008-03-31,6970.55
62,2008-04-01,6706.7
63,2008-04-02,6690.8
64,2008-04-03,6769.9
65,2008-04-04,6754.05
66,2008-04-07,6485.4
67,2008-04-08,6843.0
68,2008-04-09,6839.25
69,2008-04-10,7090.6
70,2008-04-11,6935.8
71,2008-04-15,6773.3
72,2008-04-16,6979.85
73,2008-04-17,7045.4
74,2008-04-21,7174.45
75,2008-04-22,7402.8
76,2008-04-23,7518.8
77,2008-04-24,7408.35
78,2008-04-25,7409.5
79,2008-04-28,7643.35
80,2008-04-29,7580.05
81,2008-04-30,7765.25
82,2008-05-02,7774.1
83,2008-05-05,7879.65
84,2008-05-06,7842.9
85,2008-05-07,7787.85
86,2008-05-08,7671.85
87,2008-05-09,7530.9
88,2008-05-12,7274.7
89,2008-05-13,7384.8
90,2008-05-14,7288.25
91,2008-05-15,7325.15
92,2008-05-16,7559.15
93,2008-05-20,7616.85
94,2008-05-21,7425.35
95,2008-05-22,7283.6
96,2008-05-23,7170.4
97,2008-05-26,6899.9
98,2008-05-27,6832.45
99,2008-05-28,6595.05
100,2008-05-29,6826.5
101,2008-05-30,6608.6
102,2008-06-02,6577.3
103,2008-06-03,6265.65
104,2008-06-04,6311.25
105,2008-06-05,6151.35
106,2008-06-06,6205.55
107,2008-06-09,5960.9
108,2008-06-10,5910.3
109,2008-06-11,5857.55
110,2008-06-12,5796.65
111,2008-06-13,5976.5
112,2008-06-16,6030.6
113,2008-06-17,6127.25
114,2008-06-18,6441.5
115,2008-06-19,6159.35
116,2008-06-20,6003.3
117,2008-06-23,5686.55
118,2008-06-24,5644.15
119,2008-06-25,5382.3
120,2008-06-26,5536.15
121,2008-06-27,5343.9
122,2008-06-30,5214.1
123,2008-07-01,5042.1
124,2008-07-02,4725.0
125,2008-07-03,4993.5
126,2008-07-04,4834.0
127,2008-07-07,5009.1
128,2008-07-08,4951.55
129,2008-07-09,5214.6
130,2008-07-10,5251.45
131,2008-07-11,5361.4
132,2008-07-14,5179.95
133,2008-07-15,5124.85
134,2008-07-16,4837.6
135,2008-07-17,4906.35
136,2008-07-18,5109.3
137,2008-07-21,5448.2
138,2008-07-22,5594.8
139,2008-07-23,6033.05
140,2008-07-24,6445.3
141,2008-07-25,6044.6
142,2008-07-28,5900.3
143,2008-07-29,5767.0
144,2008-07-30,5522.75
145,2008-07-31,5762.4
146,2008-08-01,5655.35
147,2008-08-04,5932.45
148,2008-08-05,5888.85
149,2008-08-06,6544.75
150,2008-08-07,6281.5
151,2008-08-08,6295.7
152,2008-08-11,6574.5
153,2008-08-12,6650.2
154,2008-08-13,6403.85
155,2008-08-14,6305.1
156,2008-08-18,5999.15
157,2008-08-19,5928.95
158,2008-08-20,6039.9
159,2008-08-21,6001.65
160,2008-08-22,5671.6
161,2008-08-25,5897.2
162,2008-08-26,5801.1
163,2008-08-27,5978.9
164,2008-08-28,5817.8
165,2008-08-29,5828.0
166,2008-09-01,6070.9
167,2008-09-02,6139.45
168,2008-09-04,6439.85
169,2008-09-05,6318.25
170,2008-09-08,6608.0
171,2008-09-09,6469.95
172,2008-09-10,6401.4
173,2008-09-11,6342.8
174,2008-09-12,6405.65
175,2008-09-15,6006.7
176,2008-09-16,5783.7
177,2008-09-17,6169.95
178,2008-09-18,5692.65
179,2008-09-19,6281.55
180,2008-09-22,6396.2
181,2008-09-23,6147.5
182,2008-09-24,6091.65
183,2008-09-25,6131.55
184,2008-09-26,6070.6
185,2008-09-29,5863.05
186,2008-09-30,5447.65
187,2008-10-01,5875.55
188,2008-10-03,5920.7
189,2008-10-06,5702.85
190,2008-10-07,5713.25
191,2008-10-08,5336.0
192,2008-10-10,4890.0
193,2008-10-13,5034.65
194,2008-10-14,5694.15
195,2008-10-15,5452.45
196,2008-10-16,5222.0
197,2008-10-17,5557.95
198,2008-10-20,5237.6
199,2008-10-21,5373.65
200,2008-10-22,5339.25
201,2008-10-23,4904.55
202,2008-10-24,4769.7
203,2008-10-27,4280.55
204,2008-10-28,4346.75
205,2008-10-29,4451.7
206,2008-10-31,4364.35
207,2008-11-03,4791.8
208,2008-11-04,4884.3
209,2008-11-05,5355.45
210,2008-11-06,4949.75
211,2008-11-07,4894.25
212,2008-11-10,5097.85
213,2008-11-11,5207.8
214,2008-11-12,4875.1
215,2008-11-14,4866.5
216,2008-11-17,4736.25
217,2008-11-18,4474.5
218,2008-11-19,4366.0
219,2008-11-20,4078.1
220,2008-11-21,4083.5
221,2008-11-24,4274.3
222,2008-11-25,4289.4
223,2008-11-26,4086.5
224,2008-11-28,4148.75
225,2008-12-01,4317.8
226,2008-12-02,3989.0
227,2008-12-03,4161.95
228,2008-12-04,4224.95
229,2008-12-05,4442.95
230,2008-12-08,4502.05
231,2008-12-10,4517.65
232,2008-12-11,4557.05
233,2008-12-12,4502.55
234,2008-12-15,4714.95
235,2008-12-16,4698.5
236,2008-12-17,4868.5
237,2008-12-18,4785.2
238,2008-12-19,5091.15
239,2008-12-22,5119.25
240,2008-12-23,4986.55
241,2008-12-24,4824.95
242,2008-12-26,4964.35
243,2008-12-29,4774.7
244,2008-12-30,4988.4
245,2008-12-31,5094.35
246,2009-01-01,5019.2
247,2009-01-02,5154.2
248,2009-01-05,5273.45
249,2009-01-06,5333.5
250,2009-01-07,5416.35
251,2009-01-09,4891.8
252,2009-01-12,4862.0
253,2009-01-13,4700.25
254,2009-01-14,4684.3
255,2009-01-15,4598.4
256,2009-01-16,4528.9
257,2009-01-19,4585.7
258,2009-01-20,4495.0
259,2009-01-21,4347.6
260,2009-01-22,4326.25
261,2009-01-23,4270.7
262,2009-01-27,4167.65
263,2009-01-28,4220.5
264,2009-01-29,4345.45
265,2009-01-30,4289.65
266,2009-02-02,4403.9
267,2009-02-03,4266.05
268,2009-02-04,4296.3
269,2009-02-05,4278.5
270,2009-02-06,4275.65
271,2009-02-09,4365.55
272,2009-02-10,4475.15
273,2009-02-11,4425.3
274,2009-02-12,4476.05
275,2009-02-13,4511.35
276,2009-02-16,4538.6
277,2009-02-17,4303.4
278,2009-02-18,4101.35
279,2009-02-19,4075.85
280,2009-02-20,4013.85
281,2009-02-24,3923.85
282,2009-02-25,3929.85
283,2009-02-26,3896.05
284,2009-02-27,3823.25
285,2009-03-02,3831.25
286,2009-03-03,3682.1
287,2009-03-04,3671.2
288,2009-03-05,3635.55
289,2009-03-06,3385.4
290,2009-03-09,3424.35
291,2009-03-12,3422.85
292,2009-03-13,3498.1
293,2009-03-16,3651.3
294,2009-03-17,3752.2
295,2009-03-18,3704.0
296,2009-03-19,3759.25
297,2009-03-20,3753.1
298,2009-03-23,3763.75
299,2009-03-24,4016.25
300,2009-03-25,4013.7
301,2009-03-26,4179.25
302,2009-03-27,4282.35
303,2009-03-30,4368.05
304,2009-03-31,4071.6
305,2009-04-01,4153.55
306,2009-04-02,4322.2
307,2009-04-06,4501.25
308,2009-04-08,4325.1
309,2009-04-09,4566.7
310,2009-04-13,4661.95
311,2009-04-15,4717.35
312,2009-04-16,5079.2
313,2009-04-17,4939.65
314,2009-04-20,5107.0
315,2009-04-21,4959.15
316,2009-04-22,4865.0
317,2009-04-23,4825.2
318,2009-04-24,4968.35
319,2009-04-27,5042.0
320,2009-04-28,5169.5
321,2009-04-29,4958.0
322,2009-05-04,5291.25
323,2009-05-05,5540.6
324,2009-05-06,5607.0
325,2009-05-07,5551.8
326,2009-05-08,5570.0
327,2009-05-11,5463.6
328,2009-05-12,5336.0
329,2009-05-13,5597.85
330,2009-05-14,5415.55
331,2009-05-15,5519.35
332,2009-05-18,6304.25
333,2009-05-19,7129.65
334,2009-05-20,7168.75
335,2009-05-21,7124.4
336,2009-05-22,6856.8
337,2009-05-25,7033.7
338,2009-05-26,7072.7
339,2009-05-27,7013.8
340,2009-05-28,7202.35
341,2009-05-29,7373.9
342,2009-06-01,7559.3
343,2009-06-02,7399.9
344,2009-06-03,7361.35
345,2009-06-04,7176.8
346,2009-06-05,7418.8
347,2009-06-08,7322.1
348,2009-06-09,6909.5
349,2009-06-10,7230.2
350,2009-06-11,7368.85
351,2009-06-12,7334.55
352,2009-06-15,7013.55
353,2009-06-16,7037.35
354,2009-06-17,7275.1
355,2009-06-18,7082.75
356,2009-06-19,7147.95
357,2009-06-22,7261.5
358,2009-06-23,7108.0
359,2009-06-24,7147.1
360,2009-06-25,7158.95
361,2009-06-26,7182.2
362,2009-06-29,7446.45
363,2009-06-30,7538.65
364,2009-07-01,7325.1
365,2009-07-02,7466.6
366,2009-07-03,7344.55
367,2009-07-06,7566.05
368,2009-07-07,7007.2
369,2009-07-08,6870.25
370,2009-07-09,6654.7
371,2009-07-10,6673.95
372,2009-07-13,6456.9
373,2009-07-14,6649.5
374,2009-07-15,6827.75
375,2009-07-16,7028.5
376,2009-07-17,6897.2
377,2009-07-20,7273.95
378,2009-07-21,7547.5
379,2009-07-22,7464.9
380,2009-07-23,7421.35
381,2009-07-24,7536.85
382,2009-07-27,7441.6
383,2009-07-28,7419.3
384,2009-07-29,7225.05
385,2009-07-30,7208.0
386,2009-07-31,7472.05
387,2009-08-03,7564.05
388,2009-08-04,7656.65
389,2009-08-05,7642.0
390,2009-08-06,7596.4
391,2009-08-07,7394.7
392,2009-08-10,7363.6
393,2009-08-11,7161.25
394,2009-08-12,7144.05
395,2009-08-13,7293.4
396,2009-08-14,7502.95
397,2009-08-17,7311.9
398,2009-08-18,7111.2
399,2009-08-19,7214.8
400,2009-08-20,7168.55
401,2009-08-21,7249.8
402,2009-08-24,7472.6
403,2009-08-25,7506.95
404,2009-08-26,7466.25
405,2009-08-27,7395.5
406,2009-08-28,7407.55
407,2009-08-31,7382.0
408,2009-09-01,7459.6
409,2009-09-02,7326.9
410,2009-09-03,7358.0
411,2009-09-04,7382.35
412,2009-09-07,7503.15
413,2009-09-08,7692.2
414,2009-09-09,7694.65
415,2009-09-10,7862.05
416,2009-09-11,7928.0
417,2009-09-14,7879.45
418,2009-09-15,8000.4
419,2009-09-16,8290.45
420,2009-09-17,8446.1
421,2009-09-18,8434.7
422,2009-09-22,8377.8
423,2009-09-23,8478.25
424,2009-09-24,8355.7
425,2009-09-25,8485.15
426,2009-09-29,8490.4
427,2009-09-30,8513.05
428,2009-10-01,8835.3
429,2009-10-05,8765.9
430,2009-10-06,8709.65
431,2009-10-07,8827.3
432,2009-10-08,8790.95
433,2009-10-09,8827.85
434,2009-10-12,8720.7
435,2009-10-14,8984.1
436,2009-10-15,9157.1
437,2009-10-16,9312.8
438,2009-10-17,9533.15
439,2009-10-20,9548.05
440,2009-10-21,9395.0
441,2009-10-22,9244.5
442,2009-10-23,9189.1
443,2009-10-26,9193.2
444,2009-10-27,8948.3
445,2009-10-28,8652.1
446,2009-10-29,8541.65
447,2009-10-30,8476.95
448,2009-11-03,8372.1
449,2009-11-04,8330.5
450,2009-11-05,8521.55
451,2009-11-06,8612.3
452,2009-11-09,8750.7
453,2009-11-10,9182.0
454,2009-11-11,9147.65
455,2009-11-12,9323.75
456,2009-11-13,9055.85
457,2009-11-16,9201.85
458,2009-11-17,9259.2
459,2009-11-18,9236.4
460,2009-11-19,9210.2
461,2009-11-20,8993.3
462,2009-11-23,9256.75
463,2009-11-24,9266.1
464,2009-11-25,9215.5
465,2009-11-26,9291.55
466,2009-11-27,8994.2
467,2009-11-30,9121.7
468,2009-12-01,9056.05
469,2009-12-02,9293.9
470,2009-12-03,9370.65
471,2009-12-04,9263.2
472,2009-12-07,9257.6
473,2009-12-08,9126.0
474,2009-12-09,9224.3
475,2009-12-10,9140.35
476,2009-12-11,9265.35
477,2009-12-14,9072.85
478,2009-12-15,8994.85
479,2009-12-16,8701.7
480,2009-12-17,8659.35
481,2009-12-18,8644.25
482,2009-12-21,8601.0
483,2009-12-22,8647.05
484,2009-12-23,8721.5
485,2009-12-24,8957.4
486,2009-12-29,8990.35
487,2009-12-30,8989.0
488,2009-12-31,9014.75
489,2010-01-04,9031.9
490,2010-01-05,9191.25
491,2010-01-06,9243.9
492,2010-01-07,9240.25
493,2010-01-08,9185.05
494,2010-01-11,9209.15
495,2010-01-12,9173.85
496,2010-01-13,8912.6
497,2010-01-14,8952.0
498,2010-01-15,8961.65
499,2010-01-18,8887.15
500,2010-01-19,9125.9
501,2010-01-20,9177.75
502,2010-01-21,9093.0
503,2010-01-22,8891.8
504,2010-01-25,8724.8
505,2010-01-27,8564.6
506,2010-01-28,8396.5
507,2010-01-29,8346.55
508,2010-02-01,8597.45
509,2010-02-02,8666.7
510,2010-02-03,8489.8
511,2010-02-04,8591.8
512,2010-02-05,8319.15
513,2010-02-06,8268.2
514,2010-02-08,8279.75
515,2010-02-09,8322.0
516,2010-02-10,8410.55
517,2010-02-11,8327.7
518,2010-02-15,8441.6
519,2010-02-16,8324.3
520,2010-02-17,8446.55
521,2010-02-18,8574.75
522,2010-02-19,8490.25
523,2010-02-22,8565.3
524,2010-02-23,8491.4
525,2010-02-24,8463.45
526,2010-02-25,8520.6
527,2010-02-26,8535.45
528,2010-03-02,8826.9
529,2010-03-03,8922.15
530,2010-03-04,9055.95
531,2010-03-05,9012.85
532,2010-03-08,9102.15
533,2010-03-09,9118.7
534,2010-03-10,9136.25
535,2010-03-11,9114.65
536,2010-03-12,9201.15
537,2010-03-15,9118.2
538,2010-03-16,9071.0
539,2010-03-17,9162.45
540,2010-03-18,9214.1
541,2010-03-19,9293.7
542,2010-03-22,9171.2
543,2010-03-23,9192.45
544,2010-03-25,9191.4
545,2010-03-26,9331.65
546,2010-03-29,9452.1
547,2010-03-30,9558.95
548,2010-03-31,9509.85
549,2010-04-01,9464.15
550,2010-04-05,9593.55
551,2010-04-06,9732.6
552,2010-04-07,9778.5
553,2010-04-08,9676.7
554,2010-04-09,9538.0
555,2010-04-12,9661.2
556,2010-04-13,9565.05
557,2010-04-15,9501.6
558,2010-04-16,9345.5
559,2010-04-19,9273.85
560,2010-04-20,9314.55
561,2010-04-21,9477.1
562,2010-04-22,9534.05
563,2010-04-23,9653.15
564,2010-04-26,9890.8
565,2010-04-27,9827.0
566,2010-04-28,9630.35
567,2010-04-29,9652.6
568,2010-04-30,9809.4
569,2010-05-03,9809.4
570,2010-05-04,9816.6
571,2010-05-05,9461.35
572,2010-05-06,9588.85
573,2010-05-07,9426.65
574,2010-05-10,9419.5
575,2010-05-11,9683.2
576,2010-05-12,9640.8
577,2010-05-13,9788.35
578,2010-05-14,9738.15
579,2010-05-17,9485.35
580,2010-05-18,9522.15
581,2010-05-19,9408.7
582,2010-05-20,9208.3
583,2010-05-21,9151.3
584,2010-05-24,9524.5
585,2010-05-25,9023.6
586,2010-05-26,8911.4
587,2010-05-27,9007.3
588,2010-05-28,9285.95
589,2010-05-31,9305.55
590,2010-06-01,9331.85
591,2010-06-02,9164.05
592,2010-06-03,9290.35
593,2010-06-04,9402.8
594,2010-06-07,9221.8
595,2010-06-08,9291.25
596,2010-06-09,9195.9
597,2010-06-10,9233.55
598,2010-06-11,9428.85
599,2010-06-14,9496.35
600,2010-06-15,9524.9
601,2010-06-16,9629.65
602,2010-06-17,9582.95
603,2010-06-18,9600.7
604,2010-06-21,9626.4
605,2010-06-22,9739.05
606,2010-06-23,9622.75
607,2010-06-24,9706.9
608,2010-06-25,9627.6
609,2010-06-28,9456.1
610,2010-06-29,9513.05
611,2010-06-30,9344.0
612,2010-07-01,9403.95
613,2010-07-02,9363.6
614,2010-07-05,9335.45
615,2010-07-06,9388.7
616,2010-07-07,9534.95
617,2010-07-08,9516.7
618,2010-07-09,9616.6
619,2010-07-12,9745.9
620,2010-07-13,9737.65
621,2010-07-14,10009.0
622,2010-07-15,9967.25
623,2010-07-16,9951.3
624,2010-07-19,10001.9
625,2010-07-20,10081.75
626,2010-07-21,10003.5
627,2010-07-22,9954.9
628,2010-07-23,10088.25
629,2010-07-26,10108.9
630,2010-07-27,10035.65
631,2010-07-28,10093.9
632,2010-07-29,10038.6
633,2010-07-30,10152.5
634,2010-08-02,10258.35
635,2010-08-03,10452.15
636,2010-08-04,10511.05
637,2010-08-05,10444.6
638,2010-08-06,10442.25
639,2010-08-09,10407.55
640,2010-08-10,10507.45
641,2010-08-11,10506.05
642,2010-08-12,10308.15
643,2010-08-13,10603.9
644,2010-08-16,10732.05
645,2010-08-17,10709.15
646,2010-08-18,10790.85
647,2010-08-19,10920.4
648,2010-08-20,11058.55
649,2010-08-23,11024.5
650,2010-08-24,11082.95
651,2010-08-25,10993.0
652,2010-08-26,10941.8
653,2010-08-27,11003.25
654,2010-08-30,10834.4
655,2010-08-31,10699.05
656,2010-09-01,10761.65
657,2010-09-02,10931.4
658,2010-09-03,10992.15
659,2010-09-06,11033.6
660,2010-09-07,11236.65
661,2010-09-08,11110.35
662,2010-09-09,11223.65
663,2010-09-13,11489.5
664,2010-09-14,11902.8
665,2010-09-15,11917.45
666,2010-09-16,11960.65
667,2010-09-17,12071.7
668,2010-09-20,12109.05
669,2010-09-21,12288.1
670,2010-09-22,12248.1
671,2010-09-23,12312.55
672,2010-09-24,12083.3
673,2010-09-27,12323.45
674,2010-09-28,12242.75
675,2010-09-29,12324.5
676,2010-09-30,12210.75
677,2010-10-01,12390.9
678,2010-10-04,12605.45
679,2010-10-05,12638.85
680,2010-10-06,12647.25
681,2010-10-07,12638.4
682,2010-10-08,12560.9
683,2010-10-11,12514.9
684,2010-10-12,12517.2
685,2010-10-13,12494.7
686,2010-10-14,12785.95
687,2010-10-15,12615.5
688,2010-10-18,12451.55
689,2010-10-19,12415.0
690,2010-10-20,12214.75
691,2010-10-21,12219.0
692,2010-10-22,12480.2
693,2010-10-25,12423.35
694,2010-10-26,12427.55
695,2010-10-27,12324.85
696,2010-10-28,12226.7
697,2010-10-29,12145.7
698,2010-11-01,12485.5
699,2010-11-02,12749.95
700,2010-11-03,12843.95
701,2010-11-04,12987.3
702,2010-11-05,13246.05
703,2010-11-08,13288.05
704,2010-11-09,13023.85
705,2010-11-10,13092.9
706,2010-11-11,13014.2
707,2010-11-12,12788.55
708,2010-11-15,12467.5
709,2010-11-16,12826.9
710,2010-11-18,12630.9
711,2010-11-19,12325.75
712,2010-11-22,12120.8
713,2010-11-23,12318.8
714,2010-11-24,12206.0
715,2010-11-25,11897.9
716,2010-11-26,11703.25
717,2010-11-29,11731.35
718,2010-11-30,11811.1
719,2010-12-01,11987.7
720,2010-12-02,12411.0
721,2010-12-03,12453.25
722,2010-12-06,12427.95
723,2010-12-07,12040.4
724,2010-12-08,11646.0
725,2010-12-09,11470.65
726,2010-12-10,11087.75
727,2010-12-13,11527.35
728,2010-12-14,11558.4
729,2010-12-15,11478.85
730,2010-12-16,11231.15
731,2010-12-20,11401.05
732,2010-12-21,11294.35
733,2010-12-22,11597.55
734,2010-12-23,11510.5
735,2010-12-24,11412.65
736,2010-12-27,11491.4
737,2010-12-28,11497.35
738,2010-12-29,11448.65
739,2010-12-30,11605.05
740,2010-12-31,11633.65
741,2011-01-03,11882.1
742,2011-01-04,11868.4
743,2011-01-05,11545.75
744,2011-01-06,11350.7
745,2011-01-07,11146.45
746,2011-01-10,11024.5
747,2011-01-11,10734.2
748,2011-01-12,10906.4
749,2011-01-13,11125.95
750,2011-01-14,10746.8
751,2011-01-17,10459.6
752,2011-01-18,10534.3
753,2011-01-19,10646.0
754,2011-01-20,10579.25
755,2011-01-21,10750.4
756,2011-01-24,10923.75
757,2011-01-25,11183.55
758,2011-01-27,10946.4
759,2011-01-28,10690.05
760,2011-01-31,10444.35
761,2011-02-01,10683.45
762,2011-02-02,10599.0
763,2011-02-03,10460.95
764,2011-02-04,10632.9
765,2011-02-07,10457.8
766,2011-02-08,10431.05
767,2011-02-09,10131.35
768,2011-02-10,10106.25
769,2011-02-11,10061.4
770,2011-02-14,10477.85
771,2011-02-15,10821.5
772,2011-02-16,10929.25
773,2011-02-17,10996.25
774,2011-02-18,11153.8
775,2011-02-21,10935.3
776,2011-02-22,10957.5
777,2011-02-23,10776.8
778,2011-02-24,10603.25
779,2011-02-25,10329.65
780,2011-02-28,10512.2
781,2011-03-01,10541.95
782,2011-03-03,10805.0
783,2011-03-04,11008.9
784,2011-03-07,10886.1
785,2011-03-08,10782.6
786,2011-03-09,10987.4
787,2011-03-10,10920.65
788,2011-03-11,10772.9
789,2011-03-14,10730.4
790,2011-03-15,10673.9
791,2011-03-16,10777.1
792,2011-03-17,10881.85
793,2011-03-18,10882.0
794,2011-03-21,10795.65
795,2011-03-22,10759.95
796,2011-03-23,10755.85
797,2011-03-24,11001.75
798,2011-03-25,11179.2
799,2011-03-28,11348.85
800,2011-03-29,11522.75
801,2011-03-30,11625.5
802,2011-03-31,11804.95
803,2011-04-01,11713.05
804,2011-04-04,11614.45
805,2011-04-05,11853.6
806,2011-04-06,11784.55
807,2011-04-07,11724.75
808,2011-04-08,11751.8
809,2011-04-11,11591.0
810,2011-04-13,11531.45
811,2011-04-15,11810.1
812,2011-04-18,11754.2
813,2011-04-19,11562.95
814,2011-04-20,11678.7
815,2011-04-21,11857.45
816,2011-04-25,11860.35
817,2011-04-26,11903.8
818,2011-04-27,11922.3
819,2011-04-28,11851.75
820,2011-04-29,11671.05
821,2011-05-02,11509.3
822,2011-05-03,11222.05
823,2011-05-04,10888.45
824,2011-05-05,10909.05
825,2011-05-06,10751.3
826,2011-05-09,11194.45
827,2011-05-10,11068.6
828,2011-05-11,11036.15
829,2011-05-12,11009.3
830,2011-05-13,10896.55
831,2011-05-16,10975.15
832,2011-05-17,10920.95
833,2011-05-18,10669.6
834,2011-05-19,10661.45
835,2011-05-20,10582.45
836,2011-05-23,10612.55
837,2011-05-24,10360.95
838,2011-05-25,10427.15
839,2011-05-26,10404.05
840,2011-05-27,10491.45
841,2011-05-30,10742.0
842,2011-05-31,10828.95
843,2011-06-01,11011.2
844,2011-06-02,10872.25
845,2011-06-03,10860.25
846,2011-06-06,10734.25
847,2011-06-07,10799.35
848,2011-06-08,10816.4
849,2011-06-09,10775.45
850,2011-06-10,10800.45
851,2011-06-13,10675.3
852,2011-06-14,10737.3
853,2011-06-15,10789.9
854,2011-06-16,10550.65
855,2011-06-17,10652.85
856,2011-06-20,10592.65
857,2011-06-21,10503.75
858,2011-06-22,10526.4
859,2011-06-23,10453.1
860,2011-06-24,10576.5
861,2011-06-27,10808.9
862,2011-06-28,11059.15
863,2011-06-29,11110.35
864,2011-06-30,11183.25
865,2011-07-01,11359.95
866,2011-07-04,11379.05
867,2011-07-05,11385.05
868,2011-07-06,11379.2
869,2011-07-07,11298.0
870,2011-07-08,11431.95
871,2011-07-11,11275.0
872,2011-07-12,11040.7
873,2011-07-13,11065.2
874,2011-07-14,11121.4
875,2011-07-15,11249.4
876,2011-07-18,11234.7
877,2011-07-19,11230.05
878,2011-07-20,11372.15
879,2011-07-21,11159.1
880,2011-07-22,11110.75
881,2011-07-25,11286.25
882,2011-07-26,11397.95
883,2011-07-27,11126.7
884,2011-07-28,10902.6
885,2011-07-29,10820.65
886,2011-08-01,11014.15
887,2011-08-02,10902.55
888,2011-08-03,10647.9
889,2011-08-04,10682.45
890,2011-08-05,10306.1
891,2011-08-08,10121.4
892,2011-08-09,9952.2
893,2011-08-10,10516.45
894,2011-08-11,10419.4
895,2011-08-12,10469.15
896,2011-08-16,10315.1
897,2011-08-17,10050.0
898,2011-08-18,9987.6
899,2011-08-19,9452.7
900,2011-08-22,9422.65
901,2011-08-23,9474.05
902,2011-08-24,9453.05
903,2011-08-25,9393.35
904,2011-08-26,9186.4
905,2011-08-29,9099.85
906,2011-08-30,9466.3
907,2011-09-02,9707.45
908,2011-09-05,9509.0
909,2011-09-06,9556.95
910,2011-09-07,9698.4
911,2011-09-08,9888.55
912,2011-09-09,9947.1
913,2011-09-12,9550.95
914,2011-09-13,9454.45
915,2011-09-14,9365.05
916,2011-09-15,9569.35
917,2011-09-16,9744.65
918,2011-09-19,9664.35
919,2011-09-20,9589.35
920,2011-09-21,9838.6
921,2011-09-22,9756.2
922,2011-09-23,9418.7
923,2011-09-26,9373.95
924,2011-09-27,9528.3
925,2011-09-28,9670.45
926,2011-09-29,9467.55
927,2011-09-30,9600.35
928,2011-10-03,9332.6
929,2011-10-04,9135.05
930,2011-10-05,8930.75
931,2011-10-07,8970.55
932,2011-10-10,9051.0
933,2011-10-11,9262.1
934,2011-10-12,9240.4
935,2011-10-13,9594.0
936,2011-10-14,9548.25
937,2011-10-17,9717.35
938,2011-10-18,9625.55
939,2011-10-19,9673.0
940,2011-10-20,9722.85
941,2011-10-21,9767.4
942,2011-10-24,9819.5
943,2011-10-25,9709.85
944,2011-10-26,9574.55
945,2011-10-28,9837.95
946,2011-10-31,9932.0
947,2011-11-01,9898.4
948,2011-11-02,9739.1
949,2011-11-03,9743.85
950,2011-11-04,9887.9
951,2011-11-08,9855.95
952,2011-11-09,9896.15
953,2011-11-11,9553.0
954,2011-11-14,9416.35
955,2011-11-15,9254.75
956,2011-11-16,9055.6
957,2011-11-17,9049.3
958,2011-11-18,8867.8
959,2011-11-21,8806.7
960,2011-11-22,8603.85
961,2011-11-23,8556.4
962,2011-11-24,8412.55
963,2011-11-25,8438.2
964,2011-11-28,8598.7
965,2011-11-29,8824.55
966,2011-11-30,8529.05
967,2011-12-01,8872.8
968,2011-12-02,8924.15
969,2011-12-05,9154.9
970,2011-12-07,9235.35
971,2011-12-08,9126.45
972,2011-12-09,8786.35
973,2011-12-12,8900.9
974,2011-12-13,8475.85
975,2011-12-14,8549.55
976,2011-12-15,8449.45
977,2011-12-16,8482.25
978,2011-12-19,8122.25
979,2011-12-20,7948.45
980,2011-12-21,7999.0
981,2011-12-22,8106.2
982,2011-12-23,8406.2
983,2011-12-26,8301.35
984,2011-12-27,8348.55
985,2011-12-28,8256.1
986,2011-12-29,8050.3
987,2011-12-30,8073.2
988,2012-01-02,8009.85
989,2012-01-03,8072.8
990,2012-01-04,8388.95
991,2012-01-05,8421.5
992,2012-01-06,8397.35
993,2012-01-07,8471.15
994,2012-01-09,8450.4
995,2012-01-10,8535.65
996,2012-01-11,8758.25
997,2012-01-12,8831.45
998,2012-01-13,8989.9
999,2012-01-16,8913.25
1000,2012-01-17,9013.65
1001,2012-01-18,9067.35
1002,2012-01-19,9106.8
1003,2012-01-20,9291.15
1004,2012-01-23,9503.1
1005,2012-01-24,9536.05
1006,2012-01-25,9871.95
1007,2012-01-27,9969.25
1008,2012-01-30,9741.25
1009,2012-01-31,9625.7
1010,2012-02-01,9941.9
1011,2012-02-02,10012.95
1012,2012-02-03,9992.0
1013,2012-02-06,10219.6
1014,2012-02-07,10368.5
1015,2012-02-08,10308.2
1016,2012-02-09,10267.25
1017,2012-02-10,10482.15
1018,2012-02-13,10451.1
1019,2012-02-14,10449.45
1020,2012-02-15,10633.65
1021,2012-02-16,10896.05
1022,2012-02-17,11042.85
1023,2012-02-21,11042.6
1024,2012-02-22,11160.4
1025,2012-02-23,10693.75
1026,2012-02-24,10691.75
1027,2012-02-27,10527.65
1028,2012-02-28,10179.95
1029,2012-02-29,10561.75
1030,2012-03-01,10385.15
1031,2012-03-02,10337.7
1032,2012-03-03,10435.45
1033,2012-03-05,10406.85
1034,2012-03-06,10149.8
1035,2012-03-07,10030.25
1036,2012-03-09,10286.8
1037,2012-03-12,10765.95
1038,2012-03-13,10707.9
1039,2012-03-14,10820.4
1040,2012-03-15,10894.45
1041,2012-03-16,10607.75
1042,2012-03-19,10440.85
1043,2012-03-20,10183.0
1044,2012-03-21,10238.65
1045,2012-03-22,10525.0
1046,2012-03-23,10249.75
1047,2012-03-26,10260.2
1048,2012-03-27,10171.9
1049,2012-03-28,10122.05
1050,2012-03-29,9859.25
1051,2012-03-30,9984.8
1052,2012-04-02,10186.8
1053,2012-04-03,10381.0
1054,2012-04-04,10345.15
1055,2012-04-09,10256.65
1056,2012-04-10,10169.2
1057,2012-04-11,10117.25
1058,2012-04-12,10250.7
1059,2012-04-13,10478.25
1060,2012-04-16,10274.15
1061,2012-04-17,10502.65
1062,2012-04-18,10585.55
1063,2012-04-19,10536.95
1064,2012-04-20,10538.3
1065,2012-04-23,10432.6
1066,2012-04-24,10275.55
1067,2012-04-25,10215.85
1068,2012-04-26,10171.85
1069,2012-04-27,10146.1
1070,2012-04-28,10199.05
1071,2012-04-30,10210.1
1072,2012-05-02,10282.7
1073,2012-05-03,10231.7
1074,2012-05-04,10063.5
1075,2012-05-07,9664.85
1076,2012-05-08,9909.4
1077,2012-05-09,9517.0
1078,2012-05-10,9411.75
1079,2012-05-11,9353.45
1080,2012-05-14,9412.6
1081,2012-05-15,9186.45
1082,2012-05-16,9184.45
1083,2012-05-17,9199.5
1084,2012-05-18,9013.1
1085,2012-05-21,9299.9
1086,2012-05-22,9510.45
1087,2012-05-23,9237.35
1088,2012-05-24,9277.25
1089,2012-05-25,9422.45
1090,2012-05-28,9483.1
1091,2012-05-29,9734.85
1092,2012-05-30,9642.2
1093,2012-05-31,9414.35
1094,2012-06-01,9434.45
1095,2012-06-04,9174.55
1096,2012-06-05,9433.25
1097,2012-06-06,9519.0
1098,2012-06-07,9830.5
1099,2012-06-08,9969.55
1100,2012-06-11,10070.15
1101,2012-06-12,9899.45
1102,2012-06-13,10150.0
1103,2012-06-14,10073.5
1104,2012-06-15,9881.4
1105,2012-06-18,10178.85
1106,2012-06-19,9730.0
1107,2012-06-20,9812.85
1108,2012-06-21,9795.95
1109,2012-06-22,9907.35
1110,2012-06-25,10068.9
1111,2012-06-26,9914.8
1112,2012-06-27,10025.45
1113,2012-06-28,10023.9
1114,2012-06-29,10105.45
1115,2012-07-02,10366.5
1116,2012-07-03,10460.0
1117,2012-07-04,10522.4
1118,2012-07-05,10520.05
1119,2012-07-06,10637.95
1120,2012-07-09,10594.95
1121,2012-07-10,10617.05
1122,2012-07-11,10701.6
1123,2012-07-12,10640.15
1124,2012-07-13,10654.9
1125,2012-07-16,10614.1
1126,2012-07-17,10648.7
1127,2012-07-18,10569.05
1128,2012-07-19,10684.4
1129,2012-07-20,10622.85
1130,2012-07-23,10401.7
1131,2012-07-24,10282.65
1132,2012-07-25,10286.55
1133,2012-07-26,10306.5
1134,2012-07-27,10256.25
1135,2012-07-30,10222.55
1136,2012-07-31,10462.8
1137,2012-08-01,10347.8
1138,2012-08-02,10408.95
1139,2012-08-03,10312.8
1140,2012-08-06,10426.75
1141,2012-08-07,10499.7
1142,2012-08-08,10621.0
1143,2012-08-09,10572.4
1144,2012-08-10,10427.35
1145,2012-08-13,10339.2
1146,2012-08-14,10411.55
1147,2012-08-16,10537.95
1148,2012-08-17,10425.85
1149,2012-08-21,10436.85
1150,2012-08-22,10413.95
1151,2012-08-23,10508.75
1152,2012-08-24,10404.5
1153,2012-08-27,10338.25
1154,2012-08-28,10149.95
1155,2012-08-29,10077.4
1156,2012-08-30,9978.2
1157,2012-08-31,10037.0
1158,2012-09-03,10030.85
1159,2012-09-04,9967.45
1160,2012-09-05,9965.0
1161,2012-09-06,9846.55
1162,2012-09-07,10047.15
1163,2012-09-08,10127.6
1164,2012-09-10,10153.8
1165,2012-09-11,10020.75
1166,2012-09-12,10176.45
1167,2012-09-13,10213.85
1168,2012-09-14,10408.25
1169,2012-09-17,10797.1
1170,2012-09-18,10949.95
1171,2012-09-20,10907.7
1172,2012-09-21,10973.15
1173,2012-09-24,11359.3
1174,2012-09-25,11450.45
1175,2012-09-26,11385.7
1176,2012-09-27,11466.25
1177,2012-09-28,11486.55
1178,2012-10-01,11462.1
1179,2012-10-03,11440.2
1180,2012-10-04,11460.15
1181,2012-10-05,11745.2
1182,2012-10-08,11530.65
1183,2012-10-09,11442.75
1184,2012-10-10,11380.25
1185,2012-10-11,11334.9
1186,2012-10-12,11469.2
1187,2012-10-15,11397.7
1188,2012-10-16,11495.5
1189,2012-10-17,11417.1
1190,2012-10-18,11406.45
1191,2012-10-19,11539.05
1192,2012-10-22,11422.1
1193,2012-10-23,11605.8
1194,2012-10-25,11542.3
1195,2012-10-26,11580.85
1196,2012-10-29,11506.5
1197,2012-10-30,11467.2
1198,2012-10-31,11204.95
1199,2012-11-01,11266.5
1200,2012-11-02,11450.65
1201,2012-11-05,11449.7
1202,2012-11-06,11427.95
1203,2012-11-07,11545.35
1204,2012-11-08,11561.35
1205,2012-11-09,11608.8
1206,2012-11-12,11488.1
1207,2012-11-13,11585.3
1208,2012-11-15,11493.1
1209,2012-11-16,11487.55
1210,2012-11-19,11342.65
1211,2012-11-20,11373.95
1212,2012-11-21,11352.2
1213,2012-11-22,11497.35
1214,2012-11-23,11540.6
1215,2012-11-26,11534.2
1216,2012-11-27,11502.2
1217,2012-11-29,11706.9
1218,2012-11-30,12082.55
1219,2012-12-03,12126.6
1220,2012-12-04,12092.75
1221,2012-12-05,12240.85
1222,2012-12-06,12358.35
1223,2012-12-07,12462.4
1224,2012-12-10,12380.0
1225,2012-12-11,12418.95
1226,2012-12-12,12374.7
1227,2012-12-13,12337.35
1228,2012-12-14,12247.25
1229,2012-12-17,12403.65
1230,2012-12-18,12455.7
1231,2012-12-19,12514.0
1232,2012-12-20,12514.6
1233,2012-12-21,12423.6
1234,2012-12-24,12363.85
1235,2012-12-26,12350.25
1236,2012-12-27,12516.05
1237,2012-12-28,12494.15
1238,2012-12-31,12442.85
1239,2013-01-01,12549.95
1240,2013-01-02,12748.85
1241,2013-01-03,12828.3
1242,2013-01-04,12774.8
1243,2013-01-07,12837.45
1244,2013-01-08,12693.6
1245,2013-01-09,12724.4
1246,2013-01-10,12775.25
1247,2013-01-11,12832.45
1248,2013-01-14,12622.05
1249,2013-01-15,12766.55
1250,2013-01-16,12836.2
1251,2013-01-17,12608.85
1252,2013-01-18,12688.15
1253,2013-01-21,12678.0
1254,2013-01-22,12640.4
1255,2013-01-23,12635.25
1256,2013-01-24,12624.45
1257,2013-01-25,12575.85
1258,2013-01-28,12705.8
1259,2013-01-29,12804.4
1260,2013-01-30,12754.85
1261,2013-01-31,12741.3
1262,2013-02-01,12718.55
1263,2013-02-04,12656.85
1264,2013-02-05,12426.45
1265,2013-02-06,12525.4
1266,2013-02-07,12372.5
1267,2013-02-08,12341.45
1268,2013-02-11,12298.1
1269,2013-02-12,12331.4
1270,2013-02-13,12424.95
1271,2013-02-14,12400.65
1272,2013-02-15,12284.45
1273,2013-02-18,12353.0
1274,2013-02-19,12347.55
1275,2013-02-20,12460.4
1276,2013-02-21,12295.15
1277,2013-02-22,12024.4
1278,2013-02-25,12119.95
1279,2013-02-26,11995.0
1280,2013-02-27,11882.7
1281,2013-02-28,12007.0
1282,2013-03-01,11533.05
1283,2013-03-04,11515.4
1284,2013-03-05,11642.8
1285,2013-03-06,11871.55
1286,2013-03-07,11829.2
1287,2013-03-08,12008.8
1288,2013-03-11,12221.5
1289,2013-03-12,12150.7
1290,2013-03-13,11989.55
1291,2013-03-14,11772.45
1292,2013-03-15,11972.75
1293,2013-03-18,11679.35
1294,2013-03-19,11796.2
1295,2013-03-20,11491.8
1296,2013-03-21,11285.65
1297,2013-03-22,11275.45
1298,2013-03-25,11327.4
1299,2013-03-26,11067.35
1300,2013-03-28,11188.95
1301,2013-04-01,11414.95
1302,2013-04-02,11430.85
1303,2013-04-03,11512.75
1304,2013-04-04,11243.2
1305,2013-04-05,11120.15
1306,2013-04-08,11075.85
1307,2013-04-09,11085.8
1308,2013-04-10,11009.45
1309,2013-04-11,11220.5
1310,2013-04-12,11239.15
1311,2013-04-15,11357.95
1312,2013-04-16,11517.9
1313,2013-04-17,11924.7
1314,2013-04-18,11902.55
1315,2013-04-22,12317.4
1316,2013-04-23,12601.05
1317,2013-04-25,12632.25
1318,2013-04-26,12679.3
1319,2013-04-29,12560.35
1320,2013-04-30,12638.0
1321,2013-05-02,12554.7
1322,2013-05-03,12678.9
1323,2013-05-06,12358.35
1324,2013-05-07,12404.55
1325,2013-05-08,12662.1
1326,2013-05-09,12663.75
1327,2013-05-10,12580.4
1328,2013-05-11,12730.35
1329,2013-05-13,12760.45
1330,2013-05-14,12567.55
1331,2013-05-15,12646.35
1332,2013-05-16,13022.25
1333,2013-05-17,13227.8
1334,2013-05-20,13332.7
1335,2013-05-21,13182.2
1336,2013-05-22,13105.1
1337,2013-05-23,12907.9
1338,2013-05-24,12756.35
1339,2013-05-27,12751.5
1340,2013-05-28,12951.4
1341,2013-05-29,12931.35
1342,2013-05-30,12738.15
1343,2013-05-31,12734.3
1344,2013-06-03,12453.4
1345,2013-06-04,12401.7
1346,2013-06-05,12252.05
1347,2013-06-06,12225.35
1348,2013-06-07,12347.55
1349,2013-06-10,12292.65
1350,2013-06-11,12007.75
1351,2013-06-12,11791.1
1352,2013-06-13,11693.9
1353,2013-06-14,11827.35
1354,2013-06-17,11928.3
1355,2013-06-18,11946.2
1356,2013-06-19,11798.65
1357,2013-06-20,11677.35
1358,2013-06-21,11323.35
1359,2013-06-24,11272.2
1360,2013-06-25,11213.1
1361,2013-06-26,11211.0
1362,2013-06-27,11225.5
1363,2013-06-28,11367.2
1364,2013-07-01,11597.45
1365,2013-07-02,11703.95
1366,2013-07-03,11500.3
1367,2013-07-04,11389.65
1368,2013-07-05,11485.85
1369,2013-07-08,11328.2
1370,2013-07-09,11365.2
1371,2013-07-10,11477.55
1372,2013-07-11,11541.95
1373,2013-07-12,11733.05
1374,2013-07-15,11678.9
1375,2013-07-16,11459.4
1376,2013-07-17,11264.0
1377,2013-07-18,11033.5
1378,2013-07-19,11223.8
1379,2013-07-22,10948.4
1380,2013-07-23,11218.8
1381,2013-07-24,11018.05
1382,2013-07-25,10667.05
1383,2013-07-26,10701.25
1384,2013-07-29,10451.85
1385,2013-07-30,10339.1
1386,2013-07-31,10164.65
1387,2013-08-01,10130.1
1388,2013-08-02,10162.15
1389,2013-08-05,10031.3
1390,2013-08-06,10013.6
1391,2013-08-07,9713.45
1392,2013-08-08,9780.55
1393,2013-08-12,9849.85
1394,2013-08-13,9666.55
1395,2013-08-14,10010.15
1396,2013-08-16,9887.9
1397,2013-08-19,9425.5
1398,2013-08-20,8939.2
1399,2013-08-21,9652.0
1400,2013-08-22,9194.85
1401,2013-08-23,9322.8
1402,2013-08-26,9529.7
1403,2013-08-27,9208.15
1404,2013-08-28,8729.25
1405,2013-08-29,8897.0
1406,2013-08-30,8891.9
1407,2013-09-02,9112.8
1408,2013-09-03,9220.95
1409,2013-09-04,8688.65
1410,2013-09-05,9253.45
1411,2013-09-06,9746.65
1412,2013-09-10,10084.0
1413,2013-09-11,10112.65
1414,2013-09-12,10338.3
1415,2013-09-13,10067.15
1416,2013-09-16,10418.5
1417,2013-09-17,10320.85
1418,2013-09-18,10327.15
1419,2013-09-19,10984.5
1420,2013-09-20,11163.95
1421,2013-09-23,10466.3
1422,2013-09-24,10063.05
1423,2013-09-25,10191.85
1424,2013-09-26,10091.4
1425,2013-09-27,10131.65
1426,2013-09-30,9783.9
1427,2013-10-01,9685.15
1428,2013-10-03,9946.3
1429,2013-10-04,10171.45
1430,2013-10-07,10124.15
1431,2013-10-08,10418.85
1432,2013-10-09,10004.4
1433,2013-10-10,10309.2
1434,2013-10-11,10423.6
1435,2013-10-14,10588.95
1436,2013-10-15,10738.2
1437,2013-10-17,10406.05
1438,2013-10-18,10387.3
1439,2013-10-21,10751.7
1440,2013-10-22,10743.8
1441,2013-10-23,10837.05
1442,2013-10-24,10839.45
1443,2013-10-25,10880.85
1444,2013-10-28,10924.45
1445,2013-10-29,10779.65
1446,2013-10-30,11284.85
1447,2013-10-31,11211.3
1448,2013-11-01,11472.2
1449,2013-11-03,11678.7
1450,2013-11-05,11539.75
1451,2013-11-06,11510.4
1452,2013-11-07,11320.85
1453,2013-11-08,11011.05
1454,2013-11-11,10786.25
1455,2013-11-12,10755.65
1456,2013-11-13,10469.1
1457,2013-11-14,10660.65
1458,2013-11-18,10962.25
1459,2013-11-19,11159.05
1460,2013-11-20,11127.35
1461,2013-11-21,10866.3
1462,2013-11-22,10796.45
1463,2013-11-25,10780.6
1464,2013-11-26,11040.65
1465,2013-11-27,10941.6
1466,2013-11-28,10994.25
1467,2013-11-29,10941.6
1468,2013-12-02,11180.3
1469,2013-12-03,11250.7
1470,2013-12-04,11158.7
1471,2013-12-05,11469.35
1472,2013-12-06,11648.35
1473,2013-12-09,12206.95
1474,2013-12-10,12041.0
1475,2013-12-11,11747.45
1476,2013-12-12,11736.25
1477,2013-12-13,11483.85
1478,2013-12-16,11347.2
1479,2013-12-17,11412.7
1480,2013-12-18,11129.65
1481,2013-12-19,11505.55
1482,2013-12-20,11117.7
1483,2013-12-23,11258.65
1484,2013-12-24,11399.15
1485,2013-12-26,11335.8
1486,2013-12-27,11409.25
1487,2013-12-30,11532.6
1488,2013-12-31,11410.25
1489,2014-01-01,11418.9
1490,2014-01-02,11383.8
1491,2014-01-03,11098.25
1492,2014-01-06,11174.35
1493,2014-01-07,11097.8
1494,2014-01-08,11071.75
1495,2014-01-09,11068.9
1496,2014-01-10,10969.35
1497,2014-01-13,10814.65
1498,2014-01-14,10989.15
1499,2014-01-15,11000.2
1500,2014-01-16,11187.35
1501,2014-01-17,11080.1
1502,2014-01-20,10909.9
1503,2014-01-21,11067.05
1504,2014-01-22,11164.25
1505,2014-01-23,11183.75
1506,2014-01-24,11063.2
1507,2014-01-27,10802.3
1508,2014-01-28,10541.5
1509,2014-01-29,10609.9
1510,2014-01-30,10287.85
1511,2014-01-31,10193.55
1512,2014-02-03,10205.45
1513,2014-02-04,9983.65
1514,2014-02-05,10215.65
1515,2014-02-06,10257.1
1516,2014-02-07,10311.95
1517,2014-02-10,10287.35
1518,2014-02-11,10242.1
1519,2014-02-12,10307.6
1520,2014-02-13,10360.7
1521,2014-02-14,10169.0
1522,2014-02-17,10217.15
1523,2014-02-18,10324.35
1524,2014-02-19,10548.35
1525,2014-02-20,10515.3
1526,2014-02-21,10429.3
1527,2014-02-24,10508.95
1528,2014-02-25,10742.15
1529,2014-02-26,10659.2
1530,2014-02-28,10793.6
1531,2014-03-03,10705.45
1532,2014-03-04,10661.4
1533,2014-03-05,10987.6
1534,2014-03-06,11147.6
1535,2014-03-07,11357.9
1536,2014-03-10,11784.55
1537,2014-03-11,12132.0
1538,2014-03-12,11997.85
1539,2014-03-13,12062.35
1540,2014-03-14,11984.5
1541,2014-03-18,12093.2
1542,2014-03-19,12190.85
1543,2014-03-20,12160.65
1544,2014-03-21,12083.45
1545,2014-03-22,12111.85
1546,2014-03-24,12134.65
1547,2014-03-25,12403.65
1548,2014-03-26,12529.45
1549,2014-03-27,12560.9
1550,2014-03-28,12693.25
1551,2014-03-31,12855.5
1552,2014-04-01,12806.15
1553,2014-04-02,12674.35
1554,2014-04-03,12749.85
1555,2014-04-04,12523.3
1556,2014-04-07,12562.35
1557,2014-04-09,12593.15
1558,2014-04-10,12937.4
1559,2014-04-11,12822.25
1560,2014-04-15,12830.5
1561,2014-04-16,12557.4
1562,2014-04-17,12564.55
1563,2014-04-21,12845.3
1564,2014-04-22,12989.55
1565,2014-04-23,12961.35
1566,2014-04-25,13134.5
1567,2014-04-28,13038.95
1568,2014-04-29,13107.55
1569,2014-04-30,12946.1
1570,2014-05-02,12920.35
1571,2014-05-05,12841.4
1572,2014-05-06,12961.5
1573,2014-05-07,12944.9
1574,2014-05-08,12982.75
1575,2014-05-09,13023.4
1576,2014-05-12,13801.0
1577,2014-05-13,14269.25
1578,2014-05-14,14124.55
1579,2014-05-15,14186.1
1580,2014-05-16,14675.6
1581,2014-05-19,15032.0
1582,2014-05-20,15351.65
1583,2014-05-21,15126.6
1584,2014-05-22,15009.9
1585,2014-05-23,15091.7
1586,2014-05-26,15431.95
1587,2014-05-27,15141.5
1588,2014-05-28,15075.6
1589,2014-05-29,15169.25
1590,2014-05-30,15093.1
1591,2014-06-02,14786.45
1592,2014-06-03,15335.85
1593,2014-06-04,15221.3
1594,2014-06-05,15250.6
1595,2014-06-06,15405.75
1596,2014-06-09,15625.4
1597,2014-06-10,15585.4
1598,2014-06-11,15436.05
1599,2014-06-12,15456.25
1600,2014-06-13,15506.75
1601,2014-06-16,15055.2
1602,2014-06-17,14982.35
1603,2014-06-18,15369.5
1604,2014-06-19,15282.05
1605,2014-06-20,15064.45
1606,2014-06-23,15014.2
1607,2014-06-24,15142.35
1608,2014-06-25,15320.95
1609,2014-06-26,15247.1
1610,2014-06-27,15092.25
1611,2014-06-30,15059.1
1612,2014-07-01,15288.8
1613,2014-07-02,15464.55
1614,2014-07-03,15512.75
1615,2014-07-04,15458.75
1616,2014-07-07,15589.5
1617,2014-07-08,15437.4
1618,2014-07-09,15008.25
1619,2014-07-10,14940.0
1620,2014-07-11,14796.9
1621,2014-07-14,14508.1
1622,2014-07-15,14601.85
1623,2014-07-16,15033.95
1624,2014-07-17,15258.95
1625,2014-07-18,15169.0
1626,2014-07-21,15510.0
1627,2014-07-22,15440.35
1628,2014-07-23,15513.45
1629,2014-07-24,15471.35
1630,2014-07-25,15494.85
1631,2014-07-28,15399.5
1632,2014-07-30,15256.2
1633,2014-07-31,15447.9
1634,2014-08-01,15137.6
1635,2014-08-04,15242.25
1636,2014-08-05,15283.6
1637,2014-08-06,15209.05
1638,2014-08-07,15004.85
1639,2014-08-08,14831.75
1640,2014-08-11,14858.75
1641,2014-08-12,14943.8
1642,2014-08-13,15007.25
1643,2014-08-14,14954.2
1644,2014-08-18,15099.7
1645,2014-08-19,15507.05
1646,2014-08-20,15566.75
1647,2014-08-21,15475.5
1648,2014-08-22,15699.05
1649,2014-08-25,15817.55
1650,2014-08-26,15530.65
1651,2014-08-27,15745.6
1652,2014-08-28,15758.05
1653,2014-09-01,15790.25
1654,2014-09-02,16049.75
1655,2014-09-03,16208.55
1656,2014-09-04,16102.9
1657,2014-09-05,16030.45
1658,2014-09-08,16084.2
1659,2014-09-09,16171.8
1660,2014-09-10,16173.5
1661,2014-09-11,16197.3
1662,2014-09-12,16208.0
1663,2014-09-15,16158.65
1664,2014-09-16,16160.7
1665,2014-09-17,15926.85
1666,2014-09-18,15778.75
1667,2014-09-19,16197.5
1668,2014-09-22,16052.55
1669,2014-09-23,16194.4
1670,2014-09-24,15883.45
1671,2014-09-25,15690.5
1672,2014-09-26,15262.9
1673,2014-09-29,15636.45
1674,2014-09-30,15441.35
1675,2014-10-01,15370.7
1676,2014-10-07,15214.25
1677,2014-10-08,15130.35
1678,2014-10-09,15434.35
1679,2014-10-10,15603.45
1680,2014-10-13,15360.7
1681,2014-10-14,15790.95
1682,2014-10-16,15690.35
1683,2014-10-17,15617.35
1684,2014-10-20,16259.7
1685,2014-10-21,16281.95
1686,2014-10-22,16570.4
1687,2014-10-23,16508.4
1688,2014-10-27,16538.9
1689,2014-10-28,16607.5
1690,2014-10-29,16770.2
1691,2014-10-30,16606.5
1692,2014-10-31,16812.45
1693,2014-11-03,17087.0
1694,2014-11-05,17201.45
1695,2014-11-07,17366.85
1696,2014-11-10,17364.65
1697,2014-11-11,17266.25
1698,2014-11-12,17461.45
1699,2014-11-13,17645.3
1700,2014-11-14,17460.55
1701,2014-11-17,17571.7
1702,2014-11-18,17672.85
1703,2014-11-19,17739.2
1704,2014-11-20,17649.35
1705,2014-11-21,17767.75
1706,2014-11-24,18128.6
1707,2014-11-25,18261.95
1708,2014-11-26,17914.35
1709,2014-11-27,17988.7
1710,2014-11-28,18082.4
1711,2014-12-01,18586.95
1712,2014-12-02,18434.75
1713,2014-12-03,18549.75
1714,2014-12-04,18758.8
1715,2014-12-05,18827.6
1716,2014-12-08,18804.95
1717,2014-12-09,18499.95
1718,2014-12-10,18183.1
1719,2014-12-11,18427.5
1720,2014-12-12,18413.7
1721,2014-12-15,18176.7
1722,2014-12-16,18249.0
1723,2014-12-17,17762.25
1724,2014-12-18,18238.0
1725,2014-12-19,18545.7
1726,2014-12-22,18562.35
1727,2014-12-23,18746.8
1728,2014-12-24,18582.75
1729,2014-12-26,18602.55
1730,2014-12-29,18589.6
1731,2014-12-30,18573.25
1732,2014-12-31,18659.6
1733,2015-01-01,18728.2
1734,2015-01-02,18752.2
1735,2015-01-05,19155.2
1736,2015-01-06,18874.6
1737,2015-01-07,18382.55
1738,2015-01-08,18587.1
1739,2015-01-09,18845.9
1740,2015-01-12,18632.0
1741,2015-01-13,18889.0
1742,2015-01-14,18670.4
1743,2015-01-15,19340.45
1744,2015-01-16,19274.15
1745,2015-01-19,19345.65
1746,2015-01-20,19446.8
1747,2015-01-21,19811.85
1748,2015-01-22,19898.5
1749,2015-01-23,20133.85
1750,2015-01-27,20179.8
1751,2015-01-28,20507.5
1752,2015-01-29,20475.7
1753,2015-01-30,20600.65
1754,2015-02-02,19778.95
1755,2015-02-03,19941.7
1756,2015-02-04,19423.25
1757,2015-02-05,19170.15
1758,2015-02-06,19066.25
1759,2015-02-09,18650.0
1760,2015-02-10,18242.95
1761,2015-02-11,18890.75
1762,2015-02-12,19073.45
1763,2015-02-13,19284.3
1764,2015-02-16,19518.85
1765,2015-02-18,19226.4
1766,2015-02-19,19296.15
1767,2015-02-20,19157.3
1768,2015-02-23,19199.15
1769,2015-02-24,18940.45
1770,2015-02-25,18969.2
1771,2015-02-26,18781.4
1772,2015-02-27,18659.65
1773,2015-02-28,19306.5
1774,2015-03-02,19954.5
1775,2015-03-03,20043.4
1776,2015-03-04,20541.65
1777,2015-03-05,19605.6
1778,2015-03-09,19545.25
1779,2015-03-10,19170.3
1780,2015-03-11,19050.3
1781,2015-03-12,19201.1
1782,2015-03-13,19359.75
1783,2015-03-16,18786.65
1784,2015-03-17,18961.3
1785,2015-03-18,19080.25
1786,2015-03-19,19345.7
1787,2015-03-20,18778.8
1788,2015-03-23,18695.05
1789,2015-03-24,18348.35
1790,2015-03-25,18364.3
1791,2015-03-26,18138.8
1792,2015-03-27,18013.65
1793,2015-03-30,18160.2
1794,2015-03-31,18424.1
1795,2015-04-01,18204.55
1796,2015-04-06,18702.6
1797,2015-04-07,18666.6
1798,2015-04-08,18559.55
1799,2015-04-09,18523.35
1800,2015-04-10,18869.85
1801,2015-04-13,18842.25
1802,2015-04-15,18848.65
1803,2015-04-16,18731.65
1804,2015-04-17,18618.5
1805,2015-04-20,18386.25
1806,2015-04-21,18102.3
1807,2015-04-22,18196.85
1808,2015-04-23,18350.35
1809,2015-04-24,18290.75
1810,2015-04-27,18063.6
1811,2015-04-28,17766.55
1812,2015-04-29,18255.8
1813,2015-04-30,18318.85
1814,2015-05-04,18417.5
1815,2015-05-05,18500.0
1816,2015-05-06,18436.9
1817,2015-05-07,17751.4
1818,2015-05-08,17600.25
1819,2015-05-11,17921.15
1820,2015-05-12,18193.55
1821,2015-05-13,17779.25
1822,2015-05-14,18071.0
1823,2015-05-15,18178.4
1824,2015-05-18,18274.6
1825,2015-05-19,18364.9
1826,2015-05-20,18432.6
1827,2015-05-21,18593.85
1828,2015-05-22,18560.85
1829,2015-05-25,18405.05
1830,2015-05-26,18339.1
1831,2015-05-27,18299.65
1832,2015-05-28,18562.75
1833,2015-05-29,18486.4
1834,2015-06-01,18721.15
1835,2015-06-02,18656.05
1836,2015-06-03,17978.15
1837,2015-06-04,17757.35
1838,2015-06-05,17679.9
1839,2015-06-08,17542.5
1840,2015-06-09,17413.45
1841,2015-06-10,17485.9
1842,2015-06-11,17819.6
1843,2015-06-12,17298.45
1844,2015-06-15,17499.35
1845,2015-06-16,17368.45
1846,2015-06-17,17681.2
1847,2015-06-18,17661.9
1848,2015-06-19,17758.95
1849,2015-06-22,17956.55
1850,2015-06-23,18414.55
1851,2015-06-24,18403.9
1852,2015-06-25,18312.85
1853,2015-06-26,18461.6
1854,2015-06-29,17962.5
1855,2015-06-30,18204.85
1856,2015-07-01,18275.6
1857,2015-07-02,18605.1
1858,2015-07-03,18535.7
1859,2015-07-06,18488.35
1860,2015-07-07,18794.1
1861,2015-07-08,18579.65
1862,2015-07-09,18442.15
1863,2015-07-10,18584.95
1864,2015-07-13,18753.8
1865,2015-07-14,18913.75
1866,2015-07-15,18801.5
1867,2015-07-16,18870.5
1868,2015-07-17,19175.3
1869,2015-07-20,19126.1
1870,2015-07-21,19042.95
1871,2015-07-22,18683.3
1872,2015-07-23,18990.85
1873,2015-07-24,18832.45
1874,2015-07-27,18566.55
1875,2015-07-28,18250.65
1876,2015-07-29,18331.55
1877,2015-07-30,18383.0
1878,2015-07-31,18489.85
1879,2015-08-03,18782.65
1880,2015-08-04,18968.25
1881,2015-08-05,19047.3
1882,2015-08-06,18946.3
1883,2015-08-07,18992.8
1884,2015-08-10,18926.1
1885,2015-08-11,18918.55
1886,2015-08-12,18515.2
1887,2015-08-13,18211.5
1888,2015-08-14,18275.5
1889,2015-08-17,18763.05
1890,2015-08-18,18862.15
1891,2015-08-19,18753.45
1892,2015-08-20,18533.25
1893,2015-08-21,17978.25
1894,2015-08-24,17446.35
1895,2015-08-25,17084.15
1896,2015-08-26,17113.1
1897,2015-08-27,17175.65
1898,2015-08-28,17425.3
1899,2015-08-31,17137.25
1900,2015-09-01,16983.8
1901,2015-09-02,16703.95
1902,2015-09-03,16404.95
1903,2015-09-04,16444.2
1904,2015-09-07,16222.2
1905,2015-09-08,15888.5
1906,2015-09-09,16658.35
1907,2015-09-10,16351.75
1908,2015-09-11,16682.25
1909,2015-09-14,16596.5
1910,2015-09-15,16905.8
1911,2015-09-16,16885.2
1912,2015-09-18,17184.25
1913,2015-09-21,17186.05
1914,2015-09-22,17574.6
1915,2015-09-23,16783.8
1916,2015-09-24,17206.1
1917,2015-09-28,17286.25
1918,2015-09-29,16859.75
1919,2015-09-30,17404.75
1920,2015-10-01,17362.95
1921,2015-10-05,17373.55
1922,2015-10-06,17822.7
1923,2015-10-07,17577.5
1924,2015-10-08,17622.85
1925,2015-10-09,17640.4
1926,2015-10-12,17642.6
1927,2015-10-13,17530.55
1928,2015-10-14,17453.0
1929,2015-10-15,17604.45
1930,2015-10-16,17701.5
1931,2015-10-19,17911.65
1932,2015-10-20,17843.65
1933,2015-10-21,17814.55
1934,2015-10-23,17859.75
1935,2015-10-26,18027.1
1936,2015-10-27,17738.45
1937,2015-10-28,17589.35
1938,2015-10-29,17388.4
1939,2015-10-30,17249.9
1940,2015-11-02,17351.45
1941,2015-11-03,17436.5
1942,2015-11-04,17449.0
1943,2015-11-05,17166.45
1944,2015-11-06,17003.0
1945,2015-11-09,16667.9
1946,2015-11-10,16895.2
1947,2015-11-11,16944.7
1948,2015-11-13,16829.3
1949,2015-11-16,16881.65
1950,2015-11-17,17302.55
1951,2015-11-18,17108.9
1952,2015-11-19,16944.35
1953,2015-11-20,17022.7
1954,2015-11-23,17120.25
1955,2015-11-24,17012.85
1956,2015-11-26,16988.2
1957,2015-11-27,17095.2
1958,2015-11-30,17336.25
1959,2015-12-01,17456.75
1960,2015-12-02,17457.15
1961,2015-12-03,17137.8
1962,2015-12-04,17009.45
1963,2015-12-07,17018.0
1964,2015-12-08,16888.65
1965,2015-12-09,16762.15
1966,2015-12-10,16697.2
1967,2015-12-11,16751.35
1968,2015-12-14,16212.4
1969,2015-12-15,16342.35
1970,2015-12-16,16464.5
1971,2015-12-17,16704.05
1972,2015-12-18,16719.45
1973,2015-12-21,16593.4
1974,2015-12-22,16810.7
1975,2015-12-23,16828.35
1976,2015-12-24,16926.95
1977,2015-12-28,16843.4
1978,2015-12-29,16988.3
1979,2015-12-30,16997.5
1980,2015-12-31,16916.05
1981,2016-01-01,16932.5
1982,2016-01-04,16966.35
1983,2016-01-05,16652.05
1984,2016-01-06,16505.45
1985,2016-01-07,16256.55
1986,2016-01-08,16135.4
1987,2016-01-11,15979.05
1988,2016-01-12,16080.4
1989,2016-01-13,15835.05
1990,2016-01-14,15612.1
1991,2016-01-15,15621.85
1992,2016-01-18,15165.2
1993,2016-01-19,15086.75
1994,2016-01-20,15059.5
1995,2016-01-21,15132.2
1996,2016-01-22,15343.15
1997,2016-01-25,15667.0
1998,2016-01-27,15648.4
1999,2016-01-28,15569.55
2000,2016-01-29,15140.15
2001,2016-02-01,15547.75
2002,2016-02-02,15353.6
2003,2016-02-03,14897.4
2004,2016-02-04,14969.2
2005,2016-02-05,14928.25
2006,2016-02-08,15206.3
2007,2016-02-09,14830.4
2008,2016-02-10,14740.2
2009,2016-02-11,14518.65
2010,2016-02-12,14088.6
2011,2016-02-15,14120.9
2012,2016-02-16,14602.25
2013,2016-02-17,14165.25
2014,2016-02-18,14301.75
2015,2016-02-19,14243.45
2016,2016-02-22,14331.2
2017,2016-02-23,14373.3
2018,2016-02-24,13873.7
2019,2016-02-25,13844.45
2020,2016-02-26,13715.1
2021,2016-02-29,13818.9
2022,2016-03-01,14064.8
2023,2016-03-02,14770.35
2024,2016-03-03,15150.05
2025,2016-03-04,15243.75
2026,2016-03-08,15323.45
2027,2016-03-09,15022.35
2028,2016-03-10,15347.45
2029,2016-03-11,15133.75
2030,2016-03-14,15309.05
2031,2016-03-15,15310.45
2032,2016-03-16,15304.35
2033,2016-03-17,15622.3
2034,2016-03-18,15485.8
2035,2016-03-21,15735.55
2036,2016-03-22,15930.45
2037,2016-03-23,15884.25
2038,2016-03-28,15867.75
2039,2016-03-29,15583.1
2040,2016-03-30,15829.6
2041,2016-03-31,16134.4
2042,2016-04-01,16099.65
2043,2016-04-04,16236.9
2044,2016-04-05,16127.45
2045,2016-04-06,15750.15
2046,2016-04-07,15668.95
2047,2016-04-08,15519.3
2048,2016-04-11,15623.35
2049,2016-04-12,15809.1
2050,2016-04-13,16087.95
2051,2016-04-18,16328.7
2052,2016-04-20,16299.5
2053,2016-04-21,16526.55
2054,2016-04-22,16641.05
2055,2016-04-25,16746.95
2056,2016-04-26,16647.75
2057,2016-04-27,16869.35
2058,2016-04-28,16885.8
2059,2016-04-29,16712.95
2060,2016-05-02,16614.0
2061,2016-05-03,16570.75
2062,2016-05-04,16320.1
2063,2016-05-05,16292.4
2064,2016-05-06,16264.45
2065,2016-05-09,16357.0
2066,2016-05-10,16710.05
2067,2016-05-11,16544.25
2068,2016-05-12,16881.25
2069,2016-05-13,16891.7
2070,2016-05-16,16744.15
2071,2016-05-17,16818.4
2072,2016-05-18,16671.7
2073,2016-05-19,16725.45
2074,2016-05-20,16600.8
2075,2016-05-23,16560.15
2076,2016-05-24,16422.35
2077,2016-05-25,16600.65
2078,2016-05-26,17037.6
2079,2016-05-27,17348.35
2080,2016-05-30,17580.85
2081,2016-05-31,17615.1
2082,2016-06-01,17670.85
2083,2016-06-02,17405.15
2084,2016-06-03,17657.2
2085,2016-06-06,17710.45
2086,2016-06-07,17796.55
2087,2016-06-08,17976.25
2088,2016-06-09,17955.8
2089,2016-06-10,17830.2
2090,2016-06-13,17620.55
2091,2016-06-14,17698.95
2092,2016-06-15,17746.05
2093,2016-06-16,17827.6
2094,2016-06-17,17772.3
2095,2016-06-20,17425.8
2096,2016-06-21,17761.65
2097,2016-06-22,17610.1
2098,2016-06-23,17630.8
2099,2016-06-24,17213.85
2100,2016-06-27,17346.3
2101,2016-06-28,17497.0
2102,2016-06-29,17643.65
2103,2016-06-30,17825.3
2104,2016-07-01,18019.7
2105,2016-07-04,18091.75
2106,2016-07-05,18122.4
2107,2016-07-07,18036.3
2108,2016-07-08,18078.05
2109,2016-07-11,18268.15
2110,2016-07-12,18527.85
2111,2016-07-13,18704.9
2112,2016-07-14,18633.5
2113,2016-07-15,18887.9
2114,2016-07-18,18998.3
2115,2016-07-19,18970.15
2116,2016-07-20,18896.8
2117,2016-07-21,18967.4
2118,2016-07-22,18697.8
2119,2016-07-25,18594.95
2120,2016-07-26,18979.1
2121,2016-07-27,18908.45
2122,2016-07-28,19050.4
2123,2016-07-29,19047.05
2124,2016-08-01,18896.5
2125,2016-08-02,18783.6
2126,2016-08-03,18680.95
2127,2016-08-04,18724.9
2128,2016-08-05,18725.2
2129,2016-08-08,18986.75
2130,2016-08-09,18968.65
2131,2016-08-10,18966.85
2132,2016-08-11,18621.0
2133,2016-08-12,18698.3
2134,2016-08-16,19029.1
2135,2016-08-17,19044.55
2136,2016-08-18,19087.2
2137,2016-08-19,19419.0
2138,2016-08-22,19432.6
2139,2016-08-23,19311.9
2140,2016-08-24,19358.7
2141,2016-08-25,19383.7
2142,2016-08-26,19336.45
2143,2016-08-29,19174.45
2144,2016-08-30,19306.5
2145,2016-08-31,19595.9
2146,2016-09-01,19805.8
2147,2016-09-02,19830.35
2148,2016-09-06,19990.95
2149,2016-09-07,20505.8
2150,2016-09-08,20439.2
2151,2016-09-09,20274.75
2152,2016-09-12,19861.45
2153,2016-09-14,19757.05
2154,2016-09-15,19927.6
2155,2016-09-16,19935.85
2156,2016-09-19,19892.2
2157,2016-09-20,19957.35
2158,2016-09-21,19902.7
2159,2016-09-22,20153.1
2160,2016-09-23,20136.75
2161,2016-09-26,19792.2
2162,2016-09-27,19652.95
2163,2016-09-28,19542.0
2164,2016-09-29,19762.3
2165,2016-09-30,19116.0
2166,2016-10-03,19395.55
2167,2016-10-04,19641.75
2168,2016-10-05,19801.3
2169,2016-10-06,19518.55
2170,2016-10-07,19398.05
2171,2016-10-10,19489.5
2172,2016-10-13,19295.55
2173,2016-10-14,19016.7
2174,2016-10-17,19136.3
2175,2016-10-18,19174.7
2176,2016-10-19,19570.05
2177,2016-10-20,19493.9
2178,2016-10-21,19636.4
2179,2016-10-24,19763.85
2180,2016-10-25,19907.7
2181,2016-10-26,19581.7
2182,2016-10-27,19452.0
2183,2016-10-28,19507.85
2184,2016-10-30,19657.8
2185,2016-11-01,19578.6
2186,2016-11-02,19223.5
2187,2016-11-03,19201.95
2188,2016-11-04,19223.85
2189,2016-11-07,19317.85
2190,2016-11-08,19490.75
2191,2016-11-09,18270.9
2192,2016-11-10,19827.5
2193,2016-11-11,20033.85
2194,2016-11-15,19808.35
2195,2016-11-16,19591.25
2196,2016-11-17,19115.9
2197,2016-11-18,19180.3
2198,2016-11-21,19063.8
2199,2016-11-22,18626.7
2200,2016-11-23,18660.55
2201,2016-11-24,18476.0
2202,2016-11-25,18377.55
2203,2016-11-28,18237.2
2204,2016-11-29,18308.8
2205,2016-11-30,18306.1
2206,2016-12-01,18676.75
2207,2016-12-02,18329.4
2208,2016-12-05,18245.0
2209,2016-12-06,18459.7
2210,2016-12-07,18515.5
2211,2016-12-08,18342.6
2212,2016-12-09,18567.95
2213,2016-12-12,18616.05
2214,2016-12-13,18354.1
2215,2016-12-14,18480.35
2216,2016-12-15,18143.5
2217,2016-12-16,18417.9
2218,2016-12-19,18258.1
2219,2016-12-20,18264.1
2220,2016-12-21,18124.6
2221,2016-12-22,18027.0
2222,2016-12-23,17849.25
2223,2016-12-26,17825.5
2224,2016-12-27,17677.7
2225,2016-12-28,17929.2
2226,2016-12-29,17861.45
2227,2016-12-30,18026.35
2228,2017-01-02,18242.3
2229,2017-01-03,18002.75
2230,2017-01-04,18037.45
2231,2017-01-05,18000.75
2232,2017-01-06,18168.45
2233,2017-01-09,18314.25
2234,2017-01-10,18351.45
2235,2017-01-11,18535.35
2236,2017-01-12,18885.45
2237,2017-01-13,18949.7
2238,2017-01-16,18899.7
2239,2017-01-17,19128.15
2240,2017-01-18,19074.85
2241,2017-01-19,19165.35
2242,2017-01-20,18996.6
2243,2017-01-23,18762.0
2244,2017-01-24,18931.0
2245,2017-01-25,19120.05
2246,2017-01-27,19588.4
2247,2017-01-30,19718.8
2248,2017-01-31,19533.2
2249,2017-02-01,19522.4
2250,2017-02-02,20053.95
2251,2017-02-03,20061.9
2252,2017-02-06,20307.15
2253,2017-02-07,20367.3
2254,2017-02-08,20335.25
2255,2017-02-09,20312.65
2256,2017-02-10,20225.75
2257,2017-02-13,20273.65
2258,2017-02-14,20304.5
2259,2017-02-15,20282.1
2260,2017-02-16,20243.25
2261,2017-02-17,20918.45
2262,2017-02-20,20494.85
2263,2017-02-21,20695.9
2264,2017-02-22,20937.6
2265,2017-02-23,20887.65
2266,2017-02-27,20853.45
2267,2017-02-28,20632.85
2268,2017-03-01,20698.9
2269,2017-03-02,20885.0
2270,2017-03-03,20572.85
2271,2017-03-06,20548.95
2272,2017-03-07,20685.95
2273,2017-03-08,20630.15
2274,2017-03-09,20620.55
2275,2017-03-10,20825.9
2276,2017-03-14,21189.85
2277,2017-03-15,21089.4
2278,2017-03-16,21237.5
2279,2017-03-17,21308.45
2280,2017-03-20,21202.55
2281,2017-03-21,21110.65
2282,2017-03-22,20815.35
2283,2017-03-23,20848.75
2284,2017-03-24,20987.6
2285,2017-03-27,21178.1
2286,2017-03-28,21229.0
2287,2017-03-29,21291.45
2288,2017-03-30,21374.35
2289,2017-03-31,21551.85
2290,2017-04-03,21539.2
2291,2017-04-05,21602.2
2292,2017-04-06,21572.7
2293,2017-04-07,21536.5
2294,2017-04-10,21492.05
2295,2017-04-11,21521.45
2296,2017-04-12,21735.65
2297,2017-04-13,21651.25
2298,2017-04-17,21700.5
2299,2017-04-18,21706.05
2300,2017-04-19,21674.1
2301,2017-04-20,21419.45
2302,2017-04-21,21567.5
2303,2017-04-24,21591.9
2304,2017-04-25,21960.65
2305,2017-04-26,22158.65
2306,2017-04-27,22274.05
2307,2017-04-28,22296.8
2308,2017-05-02,22412.55
2309,2017-05-03,22445.85
2310,2017-05-04,22618.3
2311,2017-05-05,22844.85
2312,2017-05-08,22678.45
2313,2017-05-09,22820.8
2314,2017-05-10,22767.75
2315,2017-05-11,22916.05
2316,2017-05-12,22840.4
2317,2017-05-15,22735.85
2318,2017-05-16,22857.6
2319,2017-05-17,22972.35
2320,2017-05-18,22750.45
2321,2017-05-19,22761.95
2322,2017-05-22,22874.8
2323,2017-05-23,22674.9
2324,2017-05-24,22624.5
2325,2017-05-25,22573.65
2326,2017-05-26,23151.4
2327,2017-05-29,23310.6
2328,2017-05-30,23142.1
2329,2017-05-31,23321.2
2330,2017-06-01,23394.1
2331,2017-06-02,23435.2
2332,2017-06-05,23397.4
2333,2017-06-06,23523.05
2334,2017-06-07,23482.85
2335,2017-06-08,23630.35
2336,2017-06-09,23483.95
2337,2017-06-12,23610.15
2338,2017-06-13,23447.0
2339,2017-06-14,23555.3
2340,2017-06-15,23444.7
2341,2017-06-16,23448.6
2342,2017-06-19,23571.35
2343,2017-06-20,23720.6
2344,2017-06-21,23638.15
2345,2017-06-22,23716.85
2346,2017-06-23,23772.3
2347,2017-06-27,23636.95
2348,2017-06-28,23209.55
2349,2017-06-29,23312.4
2350,2017-06-30,23137.25
2351,2017-07-03,23240.35
2352,2017-07-04,23325.5
2353,2017-07-05,23241.9
2354,2017-07-06,23399.5
2355,2017-07-07,23463.75
2356,2017-07-10,23583.25
2357,2017-07-11,23744.55
2358,2017-07-12,23623.75
2359,2017-07-13,23817.25
2360,2017-07-14,23949.5
2361,2017-07-17,24011.4
2362,2017-07-18,23958.15
2363,2017-07-19,24069.2
2364,2017-07-20,24170.65
2365,2017-07-21,24231.4
2366,2017-07-24,24307.7
2367,2017-07-25,24622.9
2368,2017-07-26,24578.15
2369,2017-07-27,24857.5
2370,2017-07-28,24744.55
2371,2017-07-31,24880.6
2372,2017-08-01,25152.85
2373,2017-08-02,25190.4
2374,2017-08-03,25002.85
2375,2017-08-04,24629.5
2376,2017-08-07,24854.15
2377,2017-08-08,24942.2
2378,2017-08-09,24519.25
2379,2017-08-10,24300.45
2380,2017-08-11,23958.25
2381,2017-08-14,24051.05
2382,2017-08-16,24188.75
2383,2017-08-17,24495.2
2384,2017-08-18,24125.3
2385,2017-08-21,24140.55
2386,2017-08-22,24080.6
2387,2017-08-23,24084.95
2388,2017-08-24,24374.75
2389,2017-08-28,24351.25
2390,2017-08-29,24302.0
2391,2017-08-30,24253.05
2392,2017-08-31,24354.35
2393,2017-09-01,24389.2
2394,2017-09-04,24456.3
2395,2017-09-05,24272.6
2396,2017-09-06,24192.4
2397,2017-09-07,24324.85
2398,2017-09-08,24409.5
2399,2017-09-11,24468.5
2400,2017-09-12,24779.15
2401,2017-09-13,24818.35
2402,2017-09-14,24857.25
2403,2017-09-15,24840.3
2404,2017-09-18,24948.15
2405,2017-09-19,25059.75
2406,2017-09-20,24984.65
2407,2017-09-21,24934.1
2408,2017-09-22,24704.55
2409,2017-09-25,24361.55
2410,2017-09-26,24105.6
2411,2017-09-27,24308.7
2412,2017-09-28,23804.05
2413,2017-09-29,24114.0
2414,2017-10-03,24200.6
2415,2017-10-04,24124.15
2416,2017-10-05,24114.75
2417,2017-10-06,24083.55
2418,2017-10-09,24209.55
2419,2017-10-10,24304.8
2420,2017-10-11,24411.45
2421,2017-10-12,24151.45
2422,2017-10-13,24411.1
2423,2017-10-16,24815.4
2424,2017-10-17,24697.25
2425,2017-10-18,24354.75
2426,2017-10-19,24238.4
2427,2017-10-23,24085.45
2428,2017-10-24,24141.95
2429,2017-10-25,24980.65
2430,2017-10-26,24953.95
2431,2017-10-27,24887.6
2432,2017-10-30,24873.65
2433,2017-10-31,25042.1
2434,2017-11-01,25197.3
2435,2017-11-02,25508.4
2436,2017-11-03,25531.4
2437,2017-11-06,25569.0
2438,2017-11-07,25669.1
2439,2017-11-08,25375.8
2440,2017-11-09,25281.0
2441,2017-11-10,25250.9
2442,2017-11-13,25570.25
2443,2017-11-14,25352.55
2444,2017-11-15,25241.65
2445,2017-11-16,25292.9
2446,2017-11-17,25875.7
2447,2017-11-20,25733.7
2448,2017-11-21,25829.3
2449,2017-11-22,25805.65
2450,2017-11-23,25826.3
2451,2017-11-24,25776.6
2452,2017-11-27,25693.05
2453,2017-11-28,25830.45
2454,2017-11-29,25829.65
2455,2017-11-30,25693.8
2456,2017-12-01,25409.55
2457,2017-12-04,25295.05
2458,2017-12-05,25030.75
2459,2017-12-06,25066.3
2460,2017-12-07,24935.3
2461,2017-12-08,25145.5
2462,2017-12-11,25434.75
2463,2017-12-12,25413.4
2464,2017-12-13,25118.2
2465,2017-12-14,25062.4
2466,2017-12-15,25487.15
2467,2017-12-18,25181.75
2468,2017-12-19,25640.9
2469,2017-12-20,25779.05
2470,2017-12-21,25608.25
2471,2017-12-22,25615.6
2472,2017-12-26,25659.75
2473,2017-12-27,25652.85
2474,2017-12-28,25463.6
2475,2017-12-29,25484.85
2476,2018-01-01,25565.75
2477,2018-01-02,25382.2
2478,2018-01-03,25425.75
2479,2018-01-04,25367.65
2480,2018-01-05,25524.45
2481,2018-01-08,25690.25
2482,2018-01-09,25727.95
2483,2018-01-10,25709.9
2484,2018-01-11,25628.2
2485,2018-01-12,25732.4
2486,2018-01-15,25858.15
2487,2018-01-16,26129.15
2488,2018-01-17,25946.15
2489,2018-01-18,26762.25
2490,2018-01-19,26615.65
2491,2018-01-22,26940.5
2492,2018-01-23,27089.95
2493,2018-01-24,27310.15
2494,2018-01-25,27414.1
2495,2018-01-29,27446.1
2496,2018-01-30,27466.85
2497,2018-01-31,27136.25
2498,2018-02-01,27334.85
2499,2018-02-02,27017.4
2500,2018-02-05,25968.15
2501,2018-02-06,25140.1
2502,2018-02-07,26065.4
2503,2018-02-08,25759.85
2504,2018-02-09,25466.3
2505,2018-02-12,25530.1
2506,2018-02-14,25810.25
2507,2018-02-15,25360.9
2508,2018-02-16,25511.95
2509,2018-02-19,25324.6
2510,2018-02-20,25105.55
2511,2018-02-21,24996.6
2512,2018-02-22,24812.7
2513,2018-02-23,25002.25
2514,2018-02-26,25452.0
2515,2018-02-27,25684.6
2516,2018-02-28,25116.25
2517,2018-03-01,25022.35
2518,2018-03-05,24831.35
2519,2018-03-06,24964.1
2520,2018-03-07,24333.85
2521,2018-03-08,24273.9
2522,2018-03-09,24556.95
2523,2018-03-12,24443.6
2524,2018-03-13,24624.6
2525,2018-03-14,24629.65
2526,2018-03-15,24854.3
2527,2018-03-16,24753.65
2528,2018-03-19,24530.15
2529,2018-03-20,24133.95
2530,2018-03-21,24331.3
2531,2018-03-22,24252.95
2532,2018-03-23,23785.65
2533,2018-03-26,23674.9
2534,2018-03-27,24396.4
2535,2018-03-28,24299.5
2536,2018-04-02,24235.65
2537,2018-04-03,24285.95
2538,2018-04-04,24502.5
2539,2018-04-05,24394.45
2540,2018-04-06,24776.35
2541,2018-04-09,24848.85
2542,2018-04-10,25153.6
2543,2018-04-11,25198.35
2544,2018-04-12,25076.9
2545,2018-04-13,25239.65
2546,2018-04-16,25082.1
2547,2018-04-17,25383.75
2548,2018-04-18,25426.75
2549,2018-04-19,25206.45
2550,2018-04-20,25126.8
2551,2018-04-23,25065.5
2552,2018-04-24,24972.2
2553,2018-04-25,24993.4
2554,2018-04-26,24833.2
2555,2018-04-27,25030.15
2556,2018-04-30,25490.15
2557,2018-05-02,25607.05
2558,2018-05-03,25547.9
2559,2018-05-04,25632.3
2560,2018-05-07,25676.25
2561,2018-05-08,26074.15
2562,2018-05-09,25988.1
2563,2018-05-10,26216.1
2564,2018-05-11,26173.7
2565,2018-05-14,26404.45
2566,2018-05-15,26494.9
2567,2018-05-16,26269.35
2568,2018-05-17,26233.2
2569,2018-05-18,26025.6
2570,2018-05-21,26017.5
2571,2018-05-22,25780.25
2572,2018-05-23,25726.95
2573,2018-05-24,25722.9
2574,2018-05-25,26066.75
2575,2018-05-28,26291.65
2576,2018-05-29,26567.25
2577,2018-05-30,26039.9
2578,2018-05-31,26587.0
2579,2018-06-01,26913.4
2580,2018-06-04,27023.7
2581,2018-06-05,26263.0
2582,2018-06-06,26266.9
2583,2018-06-07,26577.95
2584,2018-06-08,26457.25
2585,2018-06-11,26473.2
2586,2018-06-12,26566.6
2587,2018-06-13,26721.95
2588,2018-06-14,26612.3
2589,2018-06-15,26513.7
2590,2018-06-18,26444.3
2591,2018-06-19,26448.1
2592,2018-06-20,26320.45
2593,2018-06-21,26645.3
2594,2018-06-22,26518.4
2595,2018-06-25,26718.15
2596,2018-06-26,26495.65
2597,2018-06-27,26616.3
2598,2018-06-28,26398.1
2599,2018-06-29,26312.7
2600,2018-07-02,26364.45
2601,2018-07-03,26210.1
2602,2018-07-04,26249.25
2603,2018-07-05,26481.55
2604,2018-07-06,26427.55
2605,2018-07-09,26642.35
2606,2018-07-10,26844.55
2607,2018-07-11,26900.65
2608,2018-07-12,26937.5
2609,2018-07-13,27046.85
2610,2018-07-16,26914.5
2611,2018-07-17,26662.85
2612,2018-07-18,27107.35
2613,2018-07-19,26960.2
2614,2018-07-20,26764.4
2615,2018-07-23,26701.3
2616,2018-07-24,26984.15
2617,2018-07-25,26992.55
2618,2018-07-26,27054.7
2619,2018-07-27,27497.8
2620,2018-07-30,27767.65
2621,2018-07-31,27797.2
2622,2018-08-01,27684.8
2623,2018-08-02,27469.5
2624,2018-08-03,27471.95
2625,2018-08-06,27769.55
2626,2018-08-07,27972.95
2627,2018-08-08,27930.55
2628,2018-08-09,28173.65
2629,2018-08-10,28348.95
2630,2018-08-13,27760.8
2631,2018-08-14,27864.4
2632,2018-08-16,27836.15
2633,2018-08-17,27991.75
2634,2018-08-20,28171.65
2635,2018-08-21,28295.85
2636,2018-08-23,28321.95
2637,2018-08-24,27954.25
2638,2018-08-27,27971.25
2639,2018-08-28,28379.9
2640,2018-08-29,28233.4
2641,2018-08-30,28233.7
2642,2018-08-31,27998.0
2643,2018-09-03,28199.45
2644,2018-09-04,27845.55
2645,2018-09-05,27409.3
2646,2018-09-06,27464.25
2647,2018-09-07,27439.25
2648,2018-09-10,27395.2
2649,2018-09-11,27295.2
2650,2018-09-12,26895.15
2651,2018-09-14,27059.85
2652,2018-09-17,27002.6
2653,2018-09-18,26757.0
2654,2018-09-19,26532.0
2655,2018-09-21,26331.05
2656,2018-09-24,25645.05
2657,2018-09-25,24947.7
2658,2018-09-26,25525.1
2659,2018-09-27,25442.1
2660,2018-09-28,25135.8
2661,2018-10-01,24943.9
2662,2018-10-03,25290.55
2663,2018-10-04,24735.15
2664,2018-10-05,24741.65
2665,2018-10-08,24470.75
2666,2018-10-09,24703.65
2667,2018-10-10,24596.6
2668,2018-10-11,24541.75
2669,2018-10-12,25001.95
2670,2018-10-15,25444.0
2671,2018-10-16,25414.2
2672,2018-10-17,25839.1
2673,2018-10-19,24966.5
2674,2018-10-22,25484.25
2675,2018-10-23,24786.9
2676,2018-10-24,25312.7
2677,2018-10-25,24841.5
2678,2018-10-26,24771.85
2679,2018-10-29,24647.95
2680,2018-10-30,24924.75
2681,2018-10-31,24823.8
2682,2018-11-01,25285.2
2683,2018-11-02,25545.35
2684,2018-11-05,25731.55
2685,2018-11-06,25747.4
2686,2018-11-07,25818.1
2687,2018-11-09,25742.55
2688,2018-11-12,25816.15
2689,2018-11-13,25422.0
2690,2018-11-14,25952.4
2691,2018-11-15,25946.2
2692,2018-11-16,26205.35
2693,2018-11-19,26364.6
2694,2018-11-20,26211.5
2695,2018-11-21,26105.45
2696,2018-11-22,26233.65
2697,2018-11-26,26096.0
2698,2018-11-27,26286.1
2699,2018-11-28,26489.65
2700,2018-11-29,26641.6
2701,2018-11-30,27009.3
2702,2018-12-03,27032.9
2703,2018-12-04,26809.5
2704,2018-12-05,26572.1
2705,2018-12-06,26339.1
2706,2018-12-07,26307.4
2707,2018-12-10,26073.65
2708,2018-12-11,25602.25
2709,2018-12-12,26286.25
2710,2018-12-13,26844.15
2711,2018-12-14,26810.85
2712,2018-12-17,26915.45
2713,2018-12-18,26917.3
2714,2018-12-19,27229.05
2715,2018-12-20,27128.65
2716,2018-12-21,27261.25
2717,2018-12-24,26877.05
2718,2018-12-26,26634.0
2719,2018-12-27,27200.65
2720,2018-12-28,27048.4
2721,2018-12-31,27267.8
2722,2019-01-01,27231.4
2723,2019-01-02,27297.0
2724,2019-01-03,27181.6
2725,2019-01-04,26999.7
2726,2019-01-07,27378.65
2727,2019-01-08,27301.9
2728,2019-01-09,27651.25
2729,2019-01-10,27713.55
2730,2019-01-11,27602.8
2731,2019-01-14,27389.2
2732,2019-01-15,27317.55
2733,2019-01-16,27405.65
2734,2019-01-17,27568.6
2735,2019-01-18,27550.05
2736,2019-01-21,27514.55
2737,2019-01-22,27526.55
2738,2019-01-23,27493.1
2739,2019-01-24,27273.5
2740,2019-01-25,27261.45
2741,2019-01-28,27041.45
2742,2019-01-29,26616.25
2743,2019-01-30,26789.75
2744,2019-01-31,26969.15
2745,2019-02-01,27334.55
2746,2019-02-04,26974.0
2747,2019-02-05,27226.05
2748,2019-02-06,27326.2
2749,2019-02-07,27424.1
2750,2019-02-08,27302.65
2751,2019-02-11,27240.5
2752,2019-02-12,27166.9
2753,2019-02-13,27068.85
2754,2019-02-14,26978.0
2755,2019-02-15,27017.2
2756,2019-02-18,26754.6
2757,2019-02-19,26666.55
2758,2019-02-20,26786.0
2759,2019-02-21,26994.75
2760,2019-02-22,26960.05
2761,2019-02-25,26934.2
2762,2019-02-26,26853.8
2763,2019-02-27,27078.1
2764,2019-02-28,26878.0
2765,2019-03-01,26941.0
2766,2019-03-05,27068.15
2767,2019-03-06,27618.1
2768,2019-03-07,27661.0
2769,2019-03-08,27686.15
2770,2019-03-11,27840.1
2771,2019-03-12,28168.2
2772,2019-03-13,28480.3
2773,2019-03-14,29028.9
2774,2019-03-15,29007.0
2775,2019-03-18,29521.6
2776,2019-03-19,29702.6
2777,2019-03-20,29769.65
2778,2019-03-22,29920.75
2779,2019-03-25,29329.4
2780,2019-03-26,29300.4
2781,2019-03-27,30034.15
2782,2019-03-28,30064.8
2783,2019-03-29,30480.35
2784,2019-04-01,30537.6
2785,2019-04-02,30450.1
2786,2019-04-03,30440.85
2787,2019-04-04,30147.3
2788,2019-04-05,30002.85
2789,2019-04-08,30201.5
2790,2019-04-09,29901.5
2791,2019-04-10,29916.6
2792,2019-04-11,29841.85
2793,2019-04-12,29780.55
2794,2019-04-15,29983.5
2795,2019-04-16,30236.25
2796,2019-04-18,30656.5
2797,2019-04-22,30282.5
2798,2019-04-23,29761.95
2799,2019-04-24,29550.5
2800,2019-04-25,29927.05
2801,2019-04-26,29764.85
2802,2019-04-30,29920.4
2803,2019-05-02,29699.8
2804,2019-05-03,29811.65
2805,2019-05-06,29626.5
2806,2019-05-07,29749.55
2807,2019-05-08,29261.3
2808,2019-05-09,28893.95
2809,2019-05-10,28927.6
2810,2019-05-13,29026.65
2811,2019-05-14,28718.75
2812,2019-05-15,28925.45
2813,2019-05-16,28625.9
2814,2019-05-17,28881.4
2815,2019-05-20,30230.4
2816,2019-05-21,30862.1
2817,2019-05-22,30410.65
2818,2019-05-23,30962.8
2819,2019-05-24,30685.5
2820,2019-05-27,31234.9
2821,2019-05-28,31711.3
2822,2019-05-29,31459.25
2823,2019-05-30,31256.85
2824,2019-05-31,31678.9
2825,2019-06-03,31406.05
2826,2019-06-04,31532.9
2827,2019-06-06,31523.95
2828,2019-06-07,30943.15
2829,2019-06-10,31259.2
2830,2019-06-11,31172.25
2831,2019-06-12,31219.3
2832,2019-06-13,30876.75
2833,2019-06-14,30983.45
2834,2019-06-17,30652.0
2835,2019-06-18,30299.45
2836,2019-06-19,30526.5
2837,2019-06-20,30390.2
2838,2019-06-21,30804.95
2839,2019-06-24,30680.95
2840,2019-06-25,30567.65
2841,2019-06-26,30809.2
2842,2019-06-27,31192.1
2843,2019-06-28,31281.0
2844,2019-07-01,31271.0
2845,2019-07-02,31414.65
2846,2019-07-03,31347.7
2847,2019-07-04,31471.0
2848,2019-07-05,31523.05
2849,2019-07-08,31346.85
2850,2019-07-09,30533.4
2851,2019-07-10,30618.05
2852,2019-07-11,30707.0
2853,2019-07-12,30789.75
2854,2019-07-15,30688.85
2855,2019-07-16,30532.65
2856,2019-07-17,30622.25
2857,2019-07-18,30705.8
2858,2019-07-19,30515.1
2859,2019-07-22,29617.05
2860,2019-07-23,29342.45
2861,2019-07-24,29085.45
2862,2019-07-25,28981.05
2863,2019-07-26,29062.5
2864,2019-07-29,29583.45
2865,2019-07-30,29434.85
2866,2019-07-31,28575.45
2867,2019-08-01,28660.5
2868,2019-08-02,28224.25
2869,2019-08-05,27841.2
2870,2019-08-06,27518.5
2871,2019-08-07,28053.85
2872,2019-08-08,27840.1
2873,2019-08-09,28293.65
2874,2019-08-13,28356.8
2875,2019-08-14,27885.5
2876,2019-08-16,27920.3
2877,2019-08-19,28331.25
2878,2019-08-20,28163.55
2879,2019-08-21,28021.0
2880,2019-08-22,27690.05
2881,2019-08-23,26835.35
2882,2019-08-26,27663.95
2883,2019-08-27,28106.3
2884,2019-08-28,28080.25
2885,2019-08-29,27694.95
2886,2019-08-30,27407.9
2887,2019-09-03,27239.2
2888,2019-09-04,26785.95
2889,2019-09-05,27086.95
2890,2019-09-06,26986.5
2891,2019-09-09,27240.35
2892,2019-09-11,27639.05
2893,2019-09-12,27870.8
2894,2019-09-13,27772.0
2895,2019-09-16,27868.0
2896,2019-09-17,27765.1
2897,2019-09-18,27304.7
2898,2019-09-19,27175.45
2899,2019-09-20,26878.65
2900,2019-09-23,30039.4
2901,2019-09-24,30432.0
2902,2019-09-25,30029.05
2903,2019-09-26,29640.55
2904,2019-09-27,29974.95
2905,2019-09-30,29674.8
2906,2019-10-01,29226.15
2907,2019-10-03,28606.7
2908,2019-10-04,28681.9
2909,2019-10-07,27909.9
2910,2019-10-09,27901.65
2911,2019-10-10,28542.95
2912,2019-10-11,28245.55
2913,2019-10-14,28238.5
2914,2019-10-15,28257.85
2915,2019-10-16,28689.45
2916,2019-10-17,28596.35
2917,2019-10-18,28954.8
2918,2019-10-22,29416.25
2919,2019-10-23,29478.85
2920,2019-10-24,29604.35
2921,2019-10-25,29228.65
2922,2019-10-27,29605.4
2923,2019-10-29,29527.6
2924,2019-10-30,30005.7
2925,2019-10-31,30168.65
2926,2019-11-01,30196.15
2927,2019-11-04,30415.9
2928,2019-11-05,30403.25
2929,2019-11-06,30225.2
2930,2019-11-07,30722.6
2931,2019-11-08,30571.3
2932,2019-11-11,30664.65
2933,2019-11-13,31084.75
2934,2019-11-14,30615.8
2935,2019-11-15,30912.4
2936,2019-11-18,31036.8
2937,2019-11-19,31045.15
2938,2019-11-20,31292.35
2939,2019-11-21,31413.25
2940,2019-11-22,31389.6
2941,2019-11-25,31065.1
2942,2019-11-26,31692.85
2943,2019-11-27,31832.75
2944,2019-11-28,31981.7
2945,2019-11-29,32074.15
2946,2019-12-02,32008.3
2947,2019-12-03,31920.1
2948,2019-12-04,31549.3
2949,2019-12-05,32083.8
2950,2019-12-06,31797.15
2951,2019-12-09,31321.4
2952,2019-12-10,31386.4
2953,2019-12-11,31151.65
2954,2019-12-12,31356.8
2955,2019-12-13,31775.55
2956,2019-12-16,32159.0
2957,2019-12-17,32082.4
2958,2019-12-18,32292.25
2959,2019-12-19,32281.65
2960,2019-12-20,32266.85
2961,2019-12-23,32381.0
2962,2019-12-24,32337.8
2963,2019-12-26,32276.15
2964,2019-12-27,32142.5
2965,2019-12-30,32486.6
2966,2019-12-31,32345.95
2967,2020-01-01,32237.9
2968,2020-01-02,32133.15
2969,2020-01-03,32326.95
2970,2020-01-06,31910.45
2971,2020-01-07,31598.05
2972,2020-01-08,30995.5
2973,2020-01-09,31748.25
2974,2020-01-10,32215.7
2975,2020-01-13,32139.1
2976,2020-01-14,32196.45
2977,2020-01-15,31994.75
2978,2020-01-16,31810.55
2979,2020-01-17,31571.65
2980,2020-01-20,31923.95
2981,2020-01-21,30978.85
2982,2020-01-22,31061.6
2983,2020-01-23,30742.2
2984,2020-01-24,31040.1
2985,2020-01-27,31110.55
2986,2020-01-28,30922.0
2987,2020-01-29,30915.1
2988,2020-01-30,30889.25
2989,2020-01-31,30950.5
2990,2020-02-01,30726.2
2991,2020-02-03,29811.75
2992,2020-02-04,30235.3
2993,2020-02-05,30761.95
2994,2020-02-06,31070.75
2995,2020-02-07,31367.05
2996,2020-02-10,31248.65
2997,2020-02-11,31230.2
2998,2020-02-12,31441.15
2999,2020-02-13,31586.55
3000,2020-02-14,31281.85
3001,2020-02-17,30873.85
3002,2020-02-18,30661.5
3003,2020-02-19,30905.0
3004,2020-02-20,30862.3
3005,2020-02-24,30666.35
3006,2020-02-25,30517.0
3007,2020-02-26,30279.95
3008,2020-02-27,30270.0
3009,2020-02-28,29501.55
3010,2020-03-02,29701.0
3011,2020-03-03,29012.55
3012,2020-03-04,29252.95
3013,2020-03-05,28830.3
3014,2020-03-06,27649.95
3015,2020-03-09,27031.45
3016,2020-03-11,26272.75
3017,2020-03-12,25175.9
3018,2020-03-13,22720.75
3019,2020-03-16,24061.6
3020,2020-03-17,23348.05
3021,2020-03-18,22411.85
3022,2020-03-19,19428.95
3023,2020-03-20,19898.3
3024,2020-03-23,18311.3
3025,2020-03-24,17705.85
3026,2020-03-25,16759.95
3027,2020-03-26,18781.85
3028,2020-03-27,20801.6
3029,2020-03-30,19254.45
3030,2020-03-31,19307.65
3031,2020-04-01,19122.4
3032,2020-04-03,18325.05
3033,2020-04-07,18454.55
3034,2020-04-08,18799.4
3035,2020-04-09,19553.15
3036,2020-04-13,19854.9
3037,2020-04-15,20096.35
3038,2020-04-16,18957.15
3039,2020-04-17,20394.75
3040,2020-04-20,21104.7
3041,2020-04-21,19812.05
3042,2020-04-22,19306.95
3043,2020-04-23,19871.35
3044,2020-04-24,19697.65
3045,2020-04-27,19870.8
3046,2020-04-28,20436.6
3047,2020-04-29,20440.4
3048,2020-04-30,21589.2
3049,2020-05-04,20514.75
3050,2020-05-05,20147.3
3051,2020-05-06,19302.45
3052,2020-05-07,19536.05
3053,2020-05-08,19844.0
3054,2020-05-11,19610.45
3055,2020-05-12,18751.4
3056,2020-05-13,20017.75
3057,2020-05-14,19197.7
3058,2020-05-15,19098.8
3059,2020-05-18,18795.1
3060,2020-05-19,18037.15
3061,2020-05-20,17486.5
3062,2020-05-21,17901.95
3063,2020-05-22,17554.25
3064,2020-05-26,17537.65
3065,2020-05-27,17603.4
3066,2020-05-28,18924.45
3067,2020-05-29,18962.0
3068,2020-06-01,19728.9
3069,2020-06-02,20120.6
3070,2020-06-03,20966.6
3071,2020-06-04,20932.35
3072,2020-06-05,20516.4
3073,2020-06-08,21636.1
3074,2020-06-09,21295.5
3075,2020-06-10,20760.95
3076,2020-06-11,21084.7
3077,2020-06-12,19529.3
3078,2020-06-15,20457.15
3079,2020-06-16,20500.65
3080,2020-06-17,20137.45
3081,2020-06-18,20137.6
3082,2020-06-19,20970.1
3083,2020-06-22,21491.55
3084,2020-06-23,21859.25
3085,2020-06-24,22479.35
3086,2020-06-25,21218.05
3087,2020-06-26,21735.05
3088,2020-06-29,21291.55
3089,2020-06-30,21524.3
3090,2020-07-01,21354.1
3091,2020-07-02,22133.8
3092,2020-07-03,22101.75
3093,2020-07-06,22270.95
3094,2020-07-07,22254.3
3095,2020-07-08,22700.9
3096,2020-07-09,22753.15
3097,2020-07-10,22720.95
3098,2020-07-13,22613.25
3099,2020-07-14,21877.6
3100,2020-07-15,21634.25
3101,2020-07-16,21453.25
3102,2020-07-17,21608.05
3103,2020-07-20,22307.3
3104,2020-07-21,22639.85
3105,2020-07-22,23159.0
3106,2020-07-23,22854.85
3107,2020-07-24,22853.2
3108,2020-07-27,22664.6
3109,2020-07-28,21940.15
3110,2020-07-29,22075.0
3111,2020-07-30,22195.05
3112,2020-07-31,21730.55
3113,2020-08-03,21543.8
3114,2020-08-04,21248.25
3115,2020-08-05,21686.85
3116,2020-08-06,21644.25
3117,2020-08-07,21620.25
3118,2020-08-10,21824.9
3119,2020-08-11,22050.2
3120,2020-08-12,22135.95
3121,2020-08-13,22395.2
3122,2020-08-14,22334.95
3123,2020-08-17,21906.95
3124,2020-08-18,21702.0
3125,2020-08-19,22315.4
3126,2020-08-20,21989.9
3127,2020-08-21,22190.7
3128,2020-08-24,22436.85
3129,2020-08-25,22973.4
3130,2020-08-26,23175.55
3131,2020-08-27,23511.45
3132,2020-08-28,23635.3
3133,2020-08-31,25038.8
3134,2020-09-01,23893.8
3135,2020-09-02,23769.0
3136,2020-09-03,23986.15
3137,2020-09-04,23119.15
3138,2020-09-07,23036.25
3139,2020-09-08,22971.2
3140,2020-09-09,22486.7
3141,2020-09-10,22466.55
3142,2020-09-11,22509.95
3143,2020-09-14,22683.35
3144,2020-09-15,22202.8
3145,2020-09-16,22476.3
3146,2020-09-17,22352.0
3147,2020-09-18,22439.35
3148,2020-09-21,21983.4
3149,2020-09-22,21445.25
3150,2020-09-23,21350.8
3151,2020-09-24,20898.8
3152,2020-09-25,20740.8
3153,2020-09-28,21152.05
3154,2020-09-29,21770.9
3155,2020-09-30,21405.25
3156,2020-10-01,21685.25
